:10000000E08F000211110000090100000B01000047
:100010000D0100000F0100001101000000000000B0
:10002000000000000000000000000000A1E500004A
:10003000130100000000000001E6000045E600009A
:10004000F571000015010000150100001501000008
:10005000617100001501000015010000F56000004D
:100060001501000015010000150100001501000038
:100070001501000015010000150100001501000028
:100080001501000091640000E16100008D66000030
:1000900075640000A9700000150100001501000042
:1000A00015010000E56000001501000015010000C9
:1000B0001501000015010000150100003560000069
:1000C000150100001501000015010000E1600000AD
:1000D00015010000150100001501000015010000C8
:1000E00015010000150100001501000015010000B8
:1000F0001501000015010000150100008C810100B0
:10010000A88A000283000000FEE7FEE7FEE7FEE7A4
:10011000FEE7FEE7FEE7FFFFFFFFFFFFFFFFFFFF3A
:10012000FFFFFFFFFFFFFFFFFFFFFFFFFFFFFFFFDF
:10013000FFFFFFFFFFFFFFFFFFFFFFFFFFFFFFFFCF
:10014000FFFFFFFFFFFFFFFFFFFFFFFFFFFFFFFFBF
:10015000FFFFFFFFFFFFFFFFFFFFFFFFFFFFFFFFAF
:10016000FFFFFFFFFFFFFFFFFFFFFFFFFFFFFFFF9F
:10017000FFFFFFFFFFFFFFFFFFFFFFFFFFFFFFFF8F
:10018000FFFFFFFFFFFFFFFFFFFFFFFFFFFFFFFF7F
:10019000FFFFFFFFFFFFFFFFFFFFFFFFFFFFFFFF6F
:1001A000FFFFFFFFFFFFFFFFFFFFFFFFFFFFFFFF5F
:1001B000FFFFFFFFFFFFFFFFFFFFFFFFFFFFFFFF4F
:1001C000FFFFFFFFFFFFFFFFFFFFFFFFFFFFFFFF3F
:1001D000FFFFFFFFFFFFFFFFFFFFFFFFFFFFFFFF2F
:1001E000FFFFFFFFFFFFFFFFFFFFFFFFFFFFFFFF1F
:1001F000FFFFFFFFFFFFFFFFFFFFFFFFFFFFFFFF0F
:10020000FFFFFFFFFFFFFFFFFFFFFFFFFFFFFFFFFE
:10021000FFFFFFFFFFFFFFFFFFFFFFFFFFFFFFFFEE
:10022000FFFFFFFFFFFFFFFFFFFFFFFFFFFFFFFFDE
:10023000FFFFFFFFFFFFFFFFFFFFFFFFFFFFFFFFCE
:10024000FFFFFFFFFFFFFFFFFFFFFFFFFFFFFFFFBE
:10025000FFFFFFFFFFFFFFFFFFFFFFFFFFFFFFFFAE
:10026000FFFFFFFFFFFFFFFFFFFFFFFFFFFFFFFF9E
:10027000FFFFFFFFFFFFFFFFFFFFFFFFFFFFFFFF8E
:10028000FFFFFFFFFFFFFFFFFFFFFFFFFFFFFFFF7E
:10029000FFFFFFFFFFFFFFFFFFFFFFFFFFFFFFFF6E
:1002A000FFFFFFFFFFFFFFFFFFFFFFFFFFFFFFFF5E
:1002B000FFFFFFFFFFFFFFFFFFFFFFFFFFFFFFFF4E
:1002C000FFFFFFFFFFFFFFFFFFFFFFFFFFFFFFFF3E
:1002D000FFFFFFFFFFFFFFFFFFFFFFFFFFFFFFFF2E
:1002E000FFFFFFFFFFFFFFFFFFFFFFFFFFFFFFFF1E
:1002F000FFFFFFFFFFFFFFFFFFFFFFFF21436587BA
:10030000FFFFFFFFFFFFFFFFFFFFFFFFFFFFFFFFFD
:10031000FFFFFFFFFFFFFFFFFFFFFFFFFFFFFFFFED
:10032000FFFFFFFFFFFFFFFFFFFFFFFFFFFFFFFFDD
:10033000FFFFFFFFFFFFFFFFFFFFFFFFFFFFFFFFCD
:10034000FFFFFFFFFFFFFFFFFFFFFFFFFFFFFFFFBD
:10035000FFFFFFFFFFFFFFFFFFFFFFFFFFFFFFFFAD
:10036000FFFFFFFFFFFFFFFFFFFFFFFFFFFFFFFF9D
:10037000FFFFFFFFFFFFFFFFFFFFFFFFFFFFFFFF8D
:10038000FFFFFFFFFFFFFFFFFFFFFFFFFFFFFFFF7D
:10039000FFFFFFFFFFFFFFFFFFFFFFFFFFFFFFFF6D
:1003A000FFFFFFFFFFFFFFFFFFFFFFFFFFFFFFFF5D
:1003B000FFFFFFFFFFFFFFFFFFFFFFFFFFFFFFFF4D
:1003C000FFFFFFFFFFFFFFFFFFFFFFFFFFFFFFFF3D
:1003D000FFFFFFFFFFFFFFFFFFFFFFFFFFFFFFFF2D
:1003E000FFFFFFFFFFFFFFFFFFFFFFFFFFFFFFFF1D
:1003F000FFFFFFFFFFFFFFFFFFFFFFFFFFFFFFFF0D
:10040000FFFFFFFFFFFFFFFFFFFFFFFFFFFFFFFFFC
:10041000FFFFFFFFFFFFFFFFFFFFFFFFFFFFFFFFEC
:10042000FFFFFFFFFFFFFFFFFFFFFFFFFFFFFFFFDC
:10043000FFFFFFFFFFFFFFFFFFFFFFFFFFFFFFFFCC
:10044000FFFFFFFFFFFFFFFFFFFFFFFFFFFFFFFFBC
:10045000FFFFFFFFFFFFFFFFFFFFFFFFFFFFFFFFAC
:10046000FFFFFFFFFFFFFFFFFFFFFFFFFFFFFFFF9C
:10047000FFFFFFFFFFFFFFFFFFFFFFFFFFFFFFFF8C
:10048000FFFFFFFFFFFFFFFFFFFFFFFFFFFFFFFF7C
:10049000FFFFFFFFFFFFFFFFFFFFFFFFFFFFFFFF6C
:1004A000FFFFFFFFFFFFFFFFFFFFFFFFFFFFFFFF5C
:1004B000FFFFFFFFFFFFFFFFFFFFFFFFFFFFFFFF4C
:1004C000FFFFFFFFFFFFFFFFFFFFFFFFFFFFFFFF3C
:1004D000FFFFFFFFFFFFFFFFFFFFFFFFFFFFFFFF2C
:1004E000FFFFFFFFFFFFFFFFFFFFFFFFFFFFFFFF1C
:1004F000FFFFFFFFFFFFFFFFFFFFFFFFFFFFFFFF0C
:10050000FFFFFFFFFFFFFFFFFFFFFFFFFFFFFFFFFB
:10051000FFFFFFFFFFFFFFFFFFFFFFFFFFFFFFFFEB
:10052000FFFFFFFFFFFFFFFFFFFFFFFFFFFFFFFFDB
:10053000FFFFFFFFFFFFFFFFFFFFFFFFFFFFFFFFCB
:10054000FFFFFFFFFFFFFFFFFFFFFFFFFFFFFFFFBB
:10055000FFFFFFFFFFFFFFFFFFFFFFFFFFFFFFFFAB
:10056000FFFFFFFFFFFFFFFFFFFFFFFFFFFFFFFF9B
:10057000FFFFFFFFFFFFFFFFFFFFFFFFFFFFFFFF8B
:10058000FFFFFFFFFFFFFFFFFFFFFFFFFFFFFFFF7B
:10059000FFFFFFFFFFFFFFFFFFFFFFFFFFFFFFFF6B
:1005A000FFFFFFFFFFFFFFFFFFFFFFFFFFFFFFFF5B
:1005B000FFFFFFFFFFFFFFFFFFFFFFFFFFFFFFFF4B
:1005C000FFFFFFFFFFFFFFFFFFFFFFFFFFFFFFFF3B
:1005D000FFFFFFFFFFFFFFFFFFFFFFFFFFFFFFFF2B
:1005E000FFFFFFFFFFFFFFFFFFFFFFFFFFFFFFFF1B
:1005F000FFFFFFFFFFFFFFFFFFFFFFFFFFFFFFFF0B
:10060000FFFFFFFFFFFFFFFFFFFFFFFFFFFFFFFFFA
:10061000FFFFFFFFFFFFFFFFFFFFFFFFFFFFFFFFEA
:10062000FFFFFFFFFFFFFFFFFFFFFFFFFFFFFFFFDA
:10063000FFFFFFFFFFFFFFFFFFFFFFFFFFFFFFFFCA
:10064000FFFFFFFFFFFFFFFFFFFFFFFFFFFFFFFFBA
:10065000FFFFFFFFFFFFFFFFFFFFFFFFFFFFFFFFAA
:10066000FFFFFFFFFFFFFFFFFFFFFFFFFFFFFFFF9A
:10067000FFFFFFFFFFFFFFFFFFFFFFFFFFFFFFFF8A
:10068000FFFFFFFFFFFFFFFFFFFFFFFFFFFFFFFF7A
:10069000FFFFFFFFFFFFFFFFFFFFFFFFFFFFFFFF6A
:1006A000FFFFFFFFFFFFFFFFFFFFFFFFFFFFFFFF5A
:1006B000FFFFFFFFFFFFFFFFFFFFFFFFFFFFFFFF4A
:1006C000FFFFFFFFFFFFFFFFFFFFFFFFFFFFFFFF3A
:1006D000FFFFFFFFFFFFFFFFFFFFFFFFFFFFFFFF2A
:1006E000FFFFFFFFFFFFFFFFFFFFFFFFFFFFFFFF1A
:1006F000FFFFFFFFFFFFFFFFFFFFFFFFFFFFFFFF0A
:10070000FFFFFFFFFFFFFFFFFFFFFFFFFFFFFFFFF9
:10071000FFFFFFFFFFFFFFFFFFFFFFFFFFFFFFFFE9
:10072000FFFFFFFFFFFFFFFFFFFFFFFFFFFFFFFFD9
:10073000FFFFFFFFFFFFFFFFFFFFFFFFFFFFFFFFC9
:10074000FFFFFFFFFFFFFFFFFFFFFFFFFFFFFFFFB9
:10075000FFFFFFFFFFFFFFFFFFFFFFFFFFFFFFFFA9
:10076000FFFFFFFFFFFFFFFFFFFFFFFFFFFFFFFF99
:10077000FFFFFFFFFFFFFFFFFFFFFFFFFFFFFFFF89
:10078000FFFFFFFFFFFFFFFFFFFFFFFFFFFFFFFF79
:10079000FFFFFFFFFFFFFFFFFFFFFFFFFFFFFFFF69
:1007A000FFFFFFFFFFFFFFFFFFFFFFFFFFFFFFFF59
:1007B000FFFFFFFFFFFFFFFFFFFFFFFFFFFFFFFF49
:1007C000FFFFFFFFFFFFFFFFFFFFFFFFFFFFFFFF39
:1007D000FFFFFFFFFFFFFFFFFFFFFFFFFFFFFFFF29
:1007E000FFFFFFFFFFFFFFFFFFFFFFFFFFFFFFFF19
:1007F000FFFFFFFFFFFFFFFFFFFFFFFFFFFFFFFF09
:10080000FFFFFFFFFFFFFFFFFFFFFFFFFFFFFFFFF8
:10081000FFFFFFFFFFFFFFFFFFFFFFFFFFFFFFFFE8
:10082000FFFFFFFFFFFFFFFFFFFFFFFFFFFFFFFFD8
:10083000FFFFFFFFFFFFFFFFFFFFFFFFFFFFFFFFC8
:10084000FFFFFFFFFFFFFFFFFFFFFFFFFFFFFFFFB8
:10085000FFFFFFFFFFFFFFFFFFFFFFFFFFFFFFFFA8
:10086000FFFFFFFFFFFFFFFFFFFFFFFFFFFFFFFF98
:10087000FFFFFFFFFFFFFFFFFFFFFFFFFFFFFFFF88
:10088000FFFFFFFFFFFFFFFFFFFFFFFFFFFFFFFF78
:10089000FFFFFFFFFFFFFFFFFFFFFFFFFFFFFFFF68
:1008A000FFFFFFFFFFFFFFFFFFFFFFFFFFFFFFFF58
:1008B000FFFFFFFFFFFFFFFFFFFFFFFFFFFFFFFF48
:1008C000FFFFFFFFFFFFFFFFFFFFFFFFFFFFFFFF38
:1008D000FFFFFFFFFFFFFFFFFFFFFFFFFFFFFFFF28
:1008E000FFFFFFFFFFFFFFFFFFFFFFFFFFFFFFFF18
:1008F000FFFFFFFFFFFFFFFFFFFFFFFFFFFFFFFF08
:10090000FFFFFFFFFFFFFFFFFFFFFFFFFFFFFFFFF7
:10091000FFFFFFFFFFFFFFFFFFFFFFFFFFFFFFFFE7
:10092000FFFFFFFFFFFFFFFFFFFFFFFFFFFFFFFFD7
:10093000FFFFFFFFFFFFFFFFFFFFFFFFFFFFFFFFC7
:10094000FFFFFFFFFFFFFFFFFFFFFFFFFFFFFFFFB7
:10095000FFFFFFFFFFFFFFFFFFFFFFFFFFFFFFFFA7
:10096000FFFFFFFFFFFFFFFFFFFFFFFFFFFFFFFF97
:10097000FFFFFFFFFFFFFFFFFFFFFFFFFFFFFFFF87
:10098000FFFFFFFFFFFFFFFFFFFFFFFFFFFFFFFF77
:10099000FFFFFFFFFFFFFFFFFFFFFFFFFFFFFFFF67
:1009A000FFFFFFFFFFFFFFFFFFFFFFFFFFFFFFFF57
:1009B000FFFFFFFFFFFFFFFFFFFFFFFFFFFFFFFF47
:1009C000FFFFFFFFFFFFFFFFFFFFFFFFFFFFFFFF37
:1009D000FFFFFFFFFFFFFFFFFFFFFFFFFFFFFFFF27
:1009E000FFFFFFFFFFFFFFFFFFFFFFFFFFFFFFFF17
:1009F000FFFFFFFFFFFFFFFFFFFFFFFFFFFFFFFF07
:100A0000FFFFFFFFFFFFFFFFFFFFFFFFFFFFFFFFF6
:100A1000FFFFFFFFFFFFFFFFFFFFFFFFFFFFFFFFE6
:100A2000FFFFFFFFFFFFFFFFFFFFFFFFFFFFFFFFD6
:100A3000FFFFFFFFFFFFFFFFFFFFFFFFFFFFFFFFC6
:100A4000FFFFFFFFFFFFFFFFFFFFFFFFFFFFFFFFB6
:100A5000FFFFFFFFFFFFFFFFFFFFFFFFFFFFFFFFA6
:100A6000FFFFFFFFFFFFFFFFFFFFFFFFFFFFFFFF96
:100A7000FFFFFFFFFFFFFFFFFFFFFFFFFFFFFFFF86
:100A8000FFFFFFFFFFFFFFFFFFFFFFFFFFFFFFFF76
:100A9000FFFFFFFFFFFFFFFFFFFFFFFFFFFFFFFF66
:100AA000FFFFFFFFFFFFFFFFFFFFFFFFFFFFFFFF56
:100AB000FFFFFFFFFFFFFFFFFFFFFFFFFFFFFFFF46
:100AC000FFFFFFFFFFFFFFFFFFFFFFFFFFFFFFFF36
:100AD000FFFFFFFFFFFFFFFFFFFFFFFFFFFFFFFF26
:100AE000FFFFFFFFFFFFFFFFFFFFFFFFFFFFFFFF16
:100AF000FFFFFFFFFFFFFFFFFFFFFFFFFFFFFFFF06
:100B0000FFFFFFFFFFFFFFFFFFFFFFFFFFFFFFFFF5
:100B1000FFFFFFFFFFFFFFFFFFFFFFFFFFFFFFFFE5
:100B2000FFFFFFFFFFFFFFFFFFFFFFFFFFFFFFFFD5
:100B3000FFFFFFFFFFFFFFFFFFFFFFFFFFFFFFFFC5
:100B4000FFFFFFFFFFFFFFFFFFFFFFFFFFFFFFFFB5
:100B5000FFFFFFFFFFFFFFFFFFFFFFFFFFFFFFFFA5
:100B6000FFFFFFFFFFFFFFFFFFFFFFFFFFFFFFFF95
:100B7000FFFFFFFFFFFFFFFFFFFFFFFFFFFFFFFF85
:100B8000FFFFFFFFFFFFFFFFFFFFFFFFFFFFFFFF75
:100B9000FFFFFFFFFFFFFFFFFFFFFFFFFFFFFFFF65
:100BA000FFFFFFFFFFFFFFFFFFFFFFFFFFFFFFFF55
:100BB000FFFFFFFFFFFFFFFFFFFFFFFFFFFFFFFF45
:100BC000FFFFFFFFFFFFFFFFFFFFFFFFFFFFFFFF35
:100BD000FFFFFFFFFFFFFFFFFFFFFFFFFFFFFFFF25
:100BE000FFFFFFFFFFFFFFFFFFFFFFFFFFFFFFFF15
:100BF000FFFFFFFFFFFFFFFFFFFFFFFFFFFFFFFF05
:100C0000FFFFFFFFFFFFFFFFFFFFFFFFFFFFFFFFF4
:100C1000FFFFFFFFFFFFFFFFFFFFFFFFFFFFFFFFE4
:100C2000FFFFFFFFFFFFFFFFFFFFFFFFFFFFFFFFD4
:100C3000FFFFFFFFFFFFFFFFFFFFFFFFFFFFFFFFC4
:100C4000FFFFFFFFFFFFFFFFFFFFFFFFFFFFFFFFB4
:100C5000FFFFFFFFFFFFFFFFFFFFFFFFFFFFFFFFA4
:100C6000FFFFFFFFFFFFFFFFFFFFFFFFFFFFFFFF94
:100C7000FFFFFFFFFFFFFFFFFFFFFFFFFFFFFFFF84
:100C8000FFFFFFFFFFFFFFFFFFFFFFFFFFFFFFFF74
:100C9000FFFFFFFFFFFFFFFFFFFFFFFFFFFFFFFF64
:100CA000FFFFFFFFFFFFFFFFFFFFFFFFFFFFFFFF54
:100CB000FFFFFFFFFFFFFFFFFFFFFFFFFFFFFFFF44
:100CC000FFFFFFFFFFFFFFFFFFFFFFFFFFFFFFFF34
:100CD000FFFFFFFFFFFFFFFFFFFFFFFFFFFFFFFF24
:100CE000FFFFFFFFFFFFFFFFFFFFFFFFFFFFFFFF14
:100CF000FFFFFFFFFFFFFFFFFFFFFFFFFFFFFFFF04
:100D0000FFFFFFFFFFFFFFFFFFFFFFFFFFFFFFFFF3
:100D1000FFFFFFFFFFFFFFFFFFFFFFFFFFFFFFFFE3
:100D2000FFFFFFFFFFFFFFFFFFFFFFFFFFFFFFFFD3
:100D3000FFFFFFFFFFFFFFFFFFFFFFFFFFFFFFFFC3
:100D4000FFFFFFFFFFFFFFFFFFFFFFFFFFFFFFFFB3
:100D5000FFFFFFFFFFFFFFFFFFFFFFFFFFFFFFFFA3
:100D6000FFFFFFFFFFFFFFFFFFFFFFFFFFFFFFFF93
:100D7000FFFFFFFFFFFFFFFFFFFFFFFFFFFFFFFF83
:100D8000FFFFFFFFFFFFFFFFFFFFFFFFFFFFFFFF73
:100D9000FFFFFFFFFFFFFFFFFFFFFFFFFFFFFFFF63
:100DA000FFFFFFFFFFFFFFFFFFFFFFFFFFFFFFFF53
:100DB000FFFFFFFFFFFFFFFFFFFFFFFFFFFFFFFF43
:100DC000FFFFFFFFFFFFFFFFFFFFFFFFFFFFFFFF33
:100DD000FFFFFFFFFFFFFFFFFFFFFFFFFFFFFFFF23
:100DE000FFFFFFFFFFFFFFFFFFFFFFFFFFFFFFFF13
:100DF000FFFFFFFFFFFFFFFFFFFFFFFFFFFFFFFF03
:100E0000FFFFFFFFFFFFFFFFFFFFFFFFFFFFFFFFF2
:100E1000FFFFFFFFFFFFFFFFFFFFFFFFFFFFFFFFE2
:100E2000FFFFFFFFFFFFFFFFFFFFFFFFFFFFFFFFD2
:100E3000FFFFFFFFFFFFFFFFFFFFFFFFFFFFFFFFC2
:100E4000FFFFFFFFFFFFFFFFFFFFFFFFFFFFFFFFB2
:100E5000FFFFFFFFFFFFFFFFFFFFFFFFFFFFFFFFA2
:100E6000FFFFFFFFFFFFFFFFFFFFFFFFFFFFFFFF92
:100E7000FFFFFFFFFFFFFFFFFFFFFFFFFFFFFFFF82
:100E8000FFFFFFFFFFFFFFFFFFFFFFFFFFFFFFFF72
:100E9000FFFFFFFFFFFFFFFFFFFFFFFFFFFFFFFF62
:100EA000FFFFFFFFFFFFFFFFFFFFFFFFFFFFFFFF52
:100EB000FFFFFFFFFFFFFFFFFFFFFFFFFFFFFFFF42
:100EC000FFFFFFFFFFFFFFFFFFFFFFFFFFFFFFFF32
:100ED000FFFFFFFFFFFFFFFFFFFFFFFFFFFFFFFF22
:100EE000FFFFFFFFFFFFFFFFFFFFFFFFFFFFFFFF12
:100EF000FFFFFFFFFFFFFFFFFFFFFFFFFFFFFFFF02
:100F0000FFFFFFFFFFFFFFFFFFFFFFFFFFFFFFFFF1
:100F1000FFFFFFFFFFFFFFFFFFFFFFFFFFFFFFFFE1
:100F2000FFFFFFFFFFFFFFFFFFFFFFFFFFFFFFFFD1
:100F3000FFFFFFFFFFFFFFFFFFFFFFFFFFFFFFFFC1
:100F4000FFFFFFFFFFFFFFFFFFFFFFFFFFFFFFFFB1
:100F5000FFFFFFFFFFFFFFFFFFFFFFFFFFFFFFFFA1
:100F6000FFFFFFFFFFFFFFFFFFFFFFFFFFFFFFFF91
:100F7000FFFFFFFFFFFFFFFFFFFFFFFFFFFFFFFF81
:100F8000FFFFFFFFFFFFFFFFFFFFFFFFFFFFFFFF71
:100F9000FFFFFFFFFFFFFFFFFFFFFFFFFFFFFFFF61
:100FA000FFFFFFFFFFFFFFFFFFFFFFFFFFFFFFFF51
:100FB000FFFFFFFFFFFFFFFFFFFFFFFFFFFFFFFF41
:100FC000FFFFFFFFFFFFFFFFFFFFFFFFFFFFFFFF31
:100FD000FFFFFFFFFFFFFFFFFFFFFFFFFFFFFFFF21
:100FE000FFFFFFFFFFFFFFFFFFFFFFFFFFFFFFFF11
:100FF000FFFFFFFFFFFFFFFFFFFFFFFFFFFFFFFF01
:1010000016040000240200000348044B834202D06F
:10101000034B03B118477047B48C0002B48C000234
:10102000000000000548064B1B1AD90F01EBA30175
:10103000491002D0034B03B118477047B48C00022B
:10104000B48C00020000000010B5064C237843B9B0
:10105000FFF7DAFF044B13B10448AFF3008001231C
:10106000237010BD8C76000200000000808101001A
:1010700008B5054B1BB105490548AFF30080BDE835
:101080000840FFF7CFBF00BF0000000090760002CD
:1010900080810100A3F5803A704700BF174B002BF9
:1010A00008BF134B9D46FFF7F5FF00218B460F4607
:1010B0001348144A121A10F06AFB0E4B002B00D092
:1010C00098470D4B002B00D09847002000210400CA
:1010D0000D000D48002802D00C48AFF3008010F03E
:1010E000C9FB2000290006F09DF80FF095F900BF1C
:1010F000000008000000000000000000E08F000277
:1011000000000002A88A00020000000000000000A9
:1011100008B50B4A0B4B0C498B4208D30B4B0C4ABE
:101120000C49934208D300F017F8FFF7B7FF52F8C5
:10113000040B43F8040BEFE743F8041BF1E700BF8F
:101140008C810100A88A0002B48C0002608E00022B
:10115000D08F0002DEADBEEF0BF054BA2DE9F043A4
:101160000324B1FBF4F4034617464FF0000EA4EB42
:101170008406DFF8F0C04FEA84083144A64503F145
:10118000030307F104072DDB02EB0805002965D0F6
:1011900089B20129C6F1000EA0EB06064ED0022945
:1011A00073784CD0B67810F80EC02E4F4FEA9C0CD6
:1011B00017F80CC0012902F824C010F80E004FEAFD
:1011C000001000F0300040EA1310385C687038D12D
:1011D0003D23AB703D23EB700023013402F8243033
:1011E000BDE8F08313F8035C0EF1010EAD081CF8A6
:1011F000055007F8045C13F8035C13F8029C2D01FA
:1012000005F0300545EA19151CF8055007F8035C90
:1012100013F8025C13F8019CAD0005F03C0545EAAB
:1012200099151CF8055007F8025C13F8015C05F0ED
:101230003F051CF8055007F8015C9FE700230026D6
:10124000B1E79B0003F03C0343EA9613FB5C0229E1
:10125000AB70BFD006F03F06BB5DBCE702F82410C0
:10126000BEE700BF9C43010010B504460BF052F9E5
:101270002046BDE810400BF05FB9FFFF2DE9F743B2
:10128000012617200AF0A4FF40200BF077F909206F
:101290000AF09EFF0920FFF7E7FF0B200AF098FFF6
:1012A0000D200AF095FF834B4FF0E050C3F8D46057
:1012B0000AF0F5FF0C20804D0AF08AFF20200AF08A
:1012C00087FF2020FFF7D0FF28460AF075FE122086
:1012D0000AF07EFF1220FFF7C7FF78480BF094F961
:1012E00014200AF075FF1420FFF7BEFF31464FF0BF
:1012F00080400AF097FE314671480AF093FE71482B
:101300000AF0E2FF70480AF0DFFF70480AF0DCFFE5
:101310006F480AF0D9FF0AF07DFF08F04DFC4FF04E
:1013200002096C4B002418706B4B8520C3F8149095
:101330000BF0DFF849F620024FF0E058674B0A2027
:101340001C605C609C60DC605C621C639A620BF0F9
:10135000BFF807200BF0BCF806200BF0B9F8052009
:101360000BF0B6F808F5005788F805403B6848468A
:1013700043F020033B600BF0BCF88F200BF0B9F872
:10138000062180200BF090F830460BF0B2F80721D0
:1013900081200BF089F820460BF0ABF80821F120F2
:1013A0000BF082F80D200BF093F80F200BF0A1F852
:1013B0000B2103200BF078F818200BF089F812208D
:1013C0000BF097F80D2148460BF06EF813200BF048
:1013D00090F88C200BF08DF80E2130460BF064F85D
:1013E00014200BF086F80F2120460BF05DF888F8EA
:1013F00011403B68872043F400333B600BF079F8E1
:10140000122182200BF050F895200BF061F8882013
:101410000BF05EF81B200BF06CF892200BF069F8D3
:101420001A2132200BF040F819200BF062F81B2132
:1014300031200BF039F81D200BF05BF81C21402007
:101440000BF032F888F81D603B68284643F00053E3
:101450003B604FF4C0434FF4C06200930321234626
:101460000AF0C2FD234628461F2203210AF0CBFDC5
:10147000EB694FF4003223F4C01343F480130321CB
:101480002846EB610AF0A8FD2B6A23F0030343EA28
:1014900009032B62EB6923F4002323F00103334398
:1014A000EB6108F0ABFB0E4B0E4A1E609A6003B076
:1014B000BDE8F08300400740008000400000044089
:1014C000000008400080011C00C0011C0000021C3C
:1014D0000040021C8887000200C0034000800F40CB
:1014E0000040001C0000000210B5164B0C4658B915
:1014F0007F228720C3F8C0200AF0FBFFBDE8104020
:10150000122182200AF0D0BF0A22FF21C3F8C02096
:1015100082200AF0C9FF4FF0E05300229A7403F5CD
:1015200000531A6842F480221A601A6822F480621A
:101530001A600122044B14B9DA605A6110BD9A6135
:101540009A60FBE70040014000400A404FF48042AF
:10155000044B9A629A6B5204FCD44FF480429A670F
:10156000704700BF0040001C70B54FF400300BF016
:1015700005F84FF480200BF001F80223104C636053
:101580000023E36626682368204623F480632360F3
:101590000AF07CFD256815F08045FBD10949084813
:1015A00026600AF062FD2946074A05480AF082FDD6
:1015B0002946BDE870404FF0004201480AF07ABD6C
:1015C00000000840808D5B000280046070B54FF41D
:1015D00000300AF0D3FF4FF480200AF0CFFF4FF025
:1015E0008044032363600023E36626682368204663
:1015F00023F4806323600AF049FD256815F08045D7
:10160000FBD14FF080400C4926600AF02EFD0121ED
:101610004FF080400AF056FD29464FF08040074ABF
:101620000AF048FD2946BDE870404FF000424FF0F7
:1016300080400AF03FBD00BF808D5B00E164046024
:101640000B22F8B5284BC3F81821284B1A6A02F070
:101650000E020E2A00D1FEE74FF480421A629A640D
:10166000234A0025C3F8E024224ADFF88CC0144640
:10167000DFF888E08B0A00F2FE76C1F30901AFB211
:10168000BB4202F110021FD831B304EB03121E015A
:1016900044F2191501EB832303F10043013B00EBF6
:1016A000430000234F1E45EA0745A551134D9060A6
:1016B0005560D3600D4D0E2128460E4A0AF0DEFD1E
:1016C0002368C5F8E834F8BD42E9026242E904CE75
:1016D000013506F50066D2E7013B1A0104EB03135E
:1016E000D960074BA350E5E7004001400040001CD3
:1016F00052400300707700020B41FF0324000840B2
:101700001941FF030A222DE9F8432A4F1B013B80B0
:10171000294B0646C3F814214FF04020C1F30904B9
:101720004FEA91280AF094FD4FF40052002541F24F
:101730000B1E4FF04029214B601E1A62204A80B2D6
:10174000C3F8D0241F4AA9B28845EBB22FD1B4B157
:10175000014601F1FF3C01EB852106EB410101351A
:1017600042E90319A9B24EEA0C4C884542F810CC64
:1017700042F8042C02F11002E5D20133DBB241F24F
:101780000911114C1A01A1504FF0402100220B4DBC
:1017900004EB0313C3E90212284622460D215F60C1
:1017A0000AF06CFD2368C5F8D834BDE8F88340F230
:1017B000FF31CEE760770002004001400040001C8E
:1017C00052000200F0760002E076000270B50126B9
:1017D000124D134B134C2E621349AE64134AC5F8D5
:1017E0000034134B04F11000C4E90012C4E90301F2
:1017F000A36062614033224600212846C4E90634D2
:101800000AF03CFD23682846C5F808340422AE6679
:101810000021BDE870400AF025BD00BF0040001C5B
:1018200001000400C076000213403F001400044091
:10183000AF78000238B541F21D030A4C013943EA82
:10184000014323600023084A084D0844C4E90223E9
:1018500060602246012128460AF010FD2368C5F881
:10186000183438BDB07600021C0004400040001C53
:10187000BFF34F8F0549064BCA6802F4E062134379
:10188000CB60BFF34F8F00BFFDE700BF00ED00E06E
:101890000400FA057047FFFF70B500F159050446D2
:1018A000284610F02EF8D4F898300146284698477C
:1018B000D4F898300F2106489847284610F021F8B0
:1018C000D4F8983001462846BDE87040184700BF5C
:1018D000DD43010070B500F159050446284610F0BB
:1018E00010F8D4F89830014628469847D4F8983034
:1018F000062106489847284610F003F8D4F8983097
:1019000001462846BDE87040184700BFED4301007E
:1019100070B50446D0F898300D2104F159050648F9
:10192000984728460FF0EDFFD4F898300146284636
:10193000BDE87040184700BFF443010070B504468D
:10194000D0F89830102104F15905064898472846E8
:101950000FF0D7FFD4F8983001462846BDE8704014
:10196000184700BF0244010070B50446D0F8983013
:10197000032104F159050648984728460FF0C1FF96
:10198000D4F8983001462846BDE87040184700BF9B
:101990001344010070B50446D0F89830082104F1D2
:1019A00059050648984728460FF0ABFFD4F8983001
:1019B00001462846BDE87040184700BF17440100A3
:1019C00070B50446D0F89830052104F15905064851
:1019D000984728460FF095FFD4F8983001462846DE
:1019E000BDE87040184700BF2044010070B50446B0
:1019F000D0F89830022104F1590506489847284646
:101A00000FF07FFFD4F8983001462846BDE87040BB
:101A1000184700BF2644010090F865302DE9F341D6
:101A20000446E3B190F8663063B100F159052846E9
:101A30000FF067FFD4F898300146284698470023F6
:101A400084F8663004F1550528460FF05AFFD4F8A3
:101A50009830014628469847002384F8653094F86A
:101A6000673053B120460FF04CFFD4F89830014650
:101A700020469847002384F8673004F14205284641
:101A8000D4F894309847002831DD94F8423094F827
:101A900063209A4200F02B8194F864209A4200F06F
:101AA000288194F8682052B904F15C0204F16101C4
:101AB00012F8010F984200F01E818A42F8D194F882
:101AC000540098B30D2B03D1002384F854300EE05A
:101AD00094F85320012A0FD1A3F140021F2AF3D812
:101AE00002225B2B84F8532084F84430ECD10D257E
:101AF000284602B0BDE8F08111D9A3F140013E298A
:101B000006D8511C224484F8531082F84330DBE796
:101B1000102A04D900230B2584F85430E8E7511C1F
:101B2000224484F8531082F84330E0E71B2B07D19E
:101B3000012284F8433084F8542084F85320D6E7F7
:101B4000082B2FD1B4F8402094F86910D4F898509D
:101B5000F2B1013A92B2A4F84020A05429B1012177
:101B60000DF107008DF80730A847202301218DF8DB
:101B700007300DF10700D4F8983098470823012169
:101B80008DF80730D4F898300DF107009847AEE78C
:101B900011B901215E48A8470121D4F8983004F119
:101BA0006200F3E7092BF7D094F8693023B10121E3
:101BB0002846D4F898309847B4F8401094F842205A
:101BC0004B1C9BB23F2BA4F84030625409D9002330
:101BD000A4F840300123092584F8653084F8663084
:101BE00086E70D2A83D10022234403F8012C2346E3
:101BF000C4F89C301D4613F8012B202AF8D0A2F11E
:101C000009010129F4D9002A6FD0202128460FF0BC
:101C1000C6FDC4F8A00080B1431CC4F8A030002366
:101C20000370D4F8A0301A78202A02D0093A012A89
:101C300009D80133C4F8A030F3E728460FF061FE5D
:101C40000544C4F8A0500025E76E07F1040858F8D1
:101C500005305BB92F4A12F8330002EBC301FF28AD
:101C600041D120464B68984705252FE07959D4F893
:101C70009C000FF026FE05F10803064688BB04F120
:101C8000590738460FF03DFED4F8983001463846E3
:101C90009847E36E20462B445B68984705463846D4
:101CA0000FF02FFED4F89830014638469847194B6C
:101CB00013F8361003EBC602A94210D12046536830
:101CC0009847012D02D1002384F86830012384F85D
:101CD000663084F865300023A4F8403008E7013608
:101CE000E6E71D46B3E70133B5E70A25EEE707252A
:101CF000FEE60825FCE6012300220C2584F8683066
:101D0000A4F8402084F8653084F86630F0E600BF1F
:101D100029440100E4760100F8B504460E46154654
:101D20000021A4221F460FF032FD069B1249C4F881
:101D3000983040F20113A4F868300123C4E91B6510
:101D400084F8653084F86630C4F8947004F1550066
:101D50000FF0C1FD094904F159000FF0BCFD1B2330
:101D600084F85D3042F20303A4F85E30044B23662E
:101D7000132384F86430F8BD294401005460010045
:101D80000D0D07110146002010B5094C0A5C0AB977
:101D9000012010BDA35C13F0040304D128B92B2A41
:101DA00001D02D2AF5D10130F0E71846F1E700BF48
:101DB000817F01000549421E12F8013F0BB9012045
:101DC00003E0CB5C13F00400F6D17047817F010083
:101DD000002170B504460D460B4E625C0AB9012025
:101DE00006E0B35C13F0040008D12E2A01D13DB106
:101DF00070BD2B2A01D02D2AFAD119B90131ECE797
:101E00000125FBE70020F3E7817F010006207047F2
:101E10000520704710B5204B04461B7898B0002B66
:101E200036D0022B36D01D4A1D49012B08BF0A4669
:101E300068461C490FF01CFCD4F8983001466846EF
:101E40009847684618490FF046FDD4F89830252188
:101E500068469847684615490FF03DFDD4F898301C
:101E6000172168469847684611490FF034FDD4F8A9
:101E700098302C216846984768460E490FF02BFD94
:101E80002B216846D4F898309847002018B010BD30
:101E9000094ACDE7094ACBE78887000235440100AB
:101EA00047440100C56F01004D4401007344010027
:101EB0008B440100B8440100314401002B4401006F
:101EC00010B5084B88B01A680446074968460FF0F9
:101ED000CFFBD4F89830014668469847002008B0F8
:101EE00010BD00BFB08A0002E4440100F8B5074607
:101EF0000C4615460FF005FD68B33E780021A6F1AB
:101F000020035E425E4101231A46834205DB16BB75
:101F1000A24220D1EDB90020F8BD17F803C096B950
:101F2000BCF1200F0DD1A24209D1002DF3D05C1AD3
:101F30002246284639440FF0D6FC2E55EBE7012601
:101F400001320133E1E7BCF1200F1CBF1946002626
:101F5000F7E7441AECE70120DEE770B505460FF01D
:101F6000D0FC48B10024661C002231462846FFF709
:101F7000BDFF18B93446F6E74FF0FF34204670BD78
:101F800010B5044688B0D0F8A000FFF7E6FF431C68
:101F900019D10F4B1B7893B1012B12D00D4A0E496A
:101FA000022B08BF0A460D4968460FF061FBD4F8C2
:101FB0009830014668469847002008B010BD084A8E
:101FC000F1E7084AEFE7013818BF01208000F4E785
:101FD00088870002E74401002B440100587001008B
:101FE000314401004744010008B5D0F8A000FFF7D4
:101FF000B4FF431C14BF0420012008BDFFF7F4BF49
:1020000008B5D0F8A000FFF7A8FF431C14BF0420B8
:10201000022008BD30B5D0F8A050044691B0284643
:10202000FFF79BFF431C01460DD1154B15491A685C
:1020300068460FF01DFBD4F8983001466846984773
:10204000002011B030BD012817D16A462846FFF79D
:102050004DFF6846FFF7AEFE78B10A2200216846C0
:102060000FF0B4F84FF47A71054B18601868A0FBB4
:1020700001230549C1E90023E2E70420E1E700BFAD
:1020800038810002EF44010040810002F0B5214D8B
:1020900099B001ACD0F8A07006460FCD0FC495E8FA
:1020A000070084E807003846FFF757FF01300DD1DD
:1020B000194B1A49D3F88C2108A80FF0D9FAD6F891
:1020C0009830014608A89847002009E001213846C9
:1020D00008AAFFF70BFF08A8FFF754FE10B9042069
:1020E00019B0F0BD0A22002108A80FF06FF80023F4
:1020F00001AA52F8041B814203D00133072BF8D107
:10210000EDE7054CC4F88C0105F01EFC214605F0F6
:102110001FFCD9E7347C01004C810002F44401002B
:10212000F0B5214D99B001ACD0F8A07006460FCDA6
:102130000FC495E8070084E807003846FFF70DFF55
:1021400001300DD1194B1A49D3F8882108A80FF096
:102150008FFAD6F89830014608A89847002009E081
:102160000121384608AAFFF7C1FE08A8FFF70AFEBA
:1021700010B9042019B0F0BD0A22002108A80FF000
:1021800025F8002301AA52F8041B814203D0013331
:10219000072BF8D1EDE7054CC4F8880105F0D4FB16
:1021A000214605F0D5FBD9E7347C01004C810002C3
:1021B000F444010030B5D0F8A050044691B0284650
:1021C000FFF7CBFE013011D1204B214993F9DF20DD
:1021D0000A23684692FBF3F20FF04AFAD4F89830DB
:1021E000014668469847002011B030BD6A4601217B
:1021F0002846FFF77BFE6846FFF7DCFD20B30A2286
:10220000124D684695F9DF3093FBF2F102FB113372
:1022100000215CB20EF0DAFF00EB800304EB430414
:10222000012864B20CD002280CD00A4B85F8DF409C
:10223000C5F85F3105F088FB044905F089FBD2E75A
:10224000054BF3E7054BF1E70420CDE74C81000295
:10225000F4440100CDCC4C3E986E123E295C0F3EFA
:1022600030B5D0F8A050044691B02846FFF775FE6F
:10227000431C014614D11F4B1F49D3F830010DF008
:1022800015FD0DF015FF1D49024668460FF0F0F9E7
:10229000D4F89830014668469847002011B030BD08
:1022A000012807D16A462846FFF720FE6846FFF757
:1022B00081FD08B90420F1E70A22002168460EF0EA
:1022C00085FF0C4DD5F816319842F3D80DF096FCE9
:1022D00009490DF09FFD0024FF23C5F8300185F862
:1022E0006D3185F86E4105F02FFB294605F030FB76
:1022F000D3E700BF4C81000200007A44E4440100AF
:1023000030B5D0F8A050044691B02846FFF725FE1E
:10231000431C014614D11F4B1F49D3F82C010DF06B
:10232000C5FC0DF0C5FE1D49024668460FF0A0F938
:10233000D4F89830014668469847002011B030BD67
:10234000012807D16A462846FFF7D0FD6846FFF707
:1023500031FD08B90420F1E70A22002168460EF099
:1023600035FF0C4DD5F812319842F3D80DF046FCEC
:1023700009490DF04FFD0024FF23C5F82C0185F815
:102380006D3185F86E4105F0DFFA294605F0E0FA77
:10239000D3E700BF4C81000200007A44E44401000E
:1023A00030B5D0F8A050044691B02846FFF7D5FDCF
:1023B000431C014614D11D4B1D49D3F828010DF0D3
:1023C00075FC0DF04FFE1B49024668460FF050F9B0
:1023D000D4F89830014668469847002011B030BDC7
:1023E000012807D16A462846FFF780FD6846FFF7B7
:1023F000C9FC08B90420F1E70A22002168460EF062
:10240000E5FE44F6206200F51C5310339342F1D8E8
:102410000DF0F8FB06490DF0FDFC044CC4F8280152
:1024200005F092FA214605F093FAD6E74C810002B6
:1024300000007A44F444010030B5D0F8A0500446BE
:1024400091B02846FFF789FD431C014614D11D4B6E
:102450001D49D3F824010DF029FC0DF003FE1B49A2
:10246000024668460FF004F9D4F8983001466846F1
:102470009847002011B030BD012807D16A46284690
:10248000FFF734FD6846FFF77DFC08B90420F1E74B
:102490000A22002168460EF099FE44F6206200F5FB
:1024A0001C5310339342F1D80DF0ACFB06490DF0EC
:1024B000B1FC044CC4F8240105F046FA214605F0AD
:1024C00047FAD6E74C81000200007A44F444010048
:1024D00030B5D0F8A050044691B02846FFF73DFD36
:1024E000431C014610D1184B184993F8F120684657
:1024F000C2F380120FF0BCF801216846D4F898307E
:102500009847002011B030BD012807D16A462846FF
:10251000FFF7ECFC6846FFF74DFC08B90420F1E733
:102520000A22002168460EF051FE0128F6DC064C16
:1025300094F8F13060F3861384F8F13005F004FA72
:10254000214605F005FADCE74C810002E444010075
:1025500030B5D0F8A050044691B02846FFF7FDFCF6
:10256000431C014610D1184B184993F8F1206846D6
:10257000C2F340120FF07CF801216846D4F898307D
:102580009847002011B030BD012807D16A4628467F
:10259000FFF7ACFC6846FFF70DFC08B90420F1E733
:1025A0000A22002168460EF011FE0128F6DC064CD6
:1025B00094F8F13060F3451384F8F13005F0C4F974
:1025C000214605F0C5F9DCE74C810002E444010036
:1025D00070B5D0F8A050044690B02846FFF7BDFC77
:1025E000431C01460ED1234B2349D3F88020684673
:1025F0000FF03EF8D4F8983001466846984700201E
:1026000010B070BD012807D16A462846FFF76EFC5E
:102610006846FFF7CFFB08B90420F1E70A22002142
:1026200068460EF0D3FD154BA0F57A729A42F3D8A6
:102630004FF0FF340022124B12491D68124EAA427D
:102640000AD124010B4D3359C5F8803005F07CF9CF
:10265000294605F07DF9D2E71301F358C31A002B80
:10266000B8BF5B428B42ACBF0B46144619460132E1
:10267000E5E700BF4C810002E44401005809030073
:10268000DC8A0002400D0300F87C010070B5D0F830
:10269000A050044690B02846FFF75FFC431C01465B
:1026A0000DD1224B2249DA6F68460EF0E1FFD4F8D3
:1026B0009830014668469847002010B070BD012848
:1026C00007D16A462846FFF711FC6846FFF772FB00
:1026D00008B90420F1E70A22002168460EF076FDD1
:1026E000144BA0F57A729A42F3D84FF0FF340022CF
:1026F000114B12491D68124EAA4209D124010B4DFB
:102700003359EB6705F020F9294605F021F9D3E7A5
:102710001301F358C31A002BB8BF5B428B42ACBF06
:102720000B46144619460132E6E700BF4C81000211
:10273000E444010058090300DC8A0002400D030054
:10274000F87C0100F0B595B005466A466C462F4B03
:1027500003F10807164618685968083303C6BB42D8
:102760003246F7D118681B7930603371D5F8A06014
:102770003046FFF7F2FB01300ED1254B254993F887
:10278000002104A80EF074FFD5F89830014604A883
:102790009847002015B0F0BD0121304604AAFFF78C
:1027A000A5FB04A8FFF7EEFA08B90420F2E70A2215
:1027B000002104A80EF00AFD2346002213F9011B94
:1027C000814219D001320D2AF8D1EEE793F8FF20AB
:1027D000002AEAD083F8000193F8FF2083F8FF2055
:1027E0000024FF2283F86E4183F86D2105F0ACF8D8
:1027F000074905F0ADF8CCE70128054BE6DCC0B28F
:1028000083F800010028E7D10122E7E7507C0100AE
:102810004C810002F4440100F0B597B005466A46C9
:102820006C462F4B03F11007164618685968083399
:1028300003C6BB423246F7D118689B883060B3802C
:10284000D5F8A0603046FFF788FB01300ED1254B4C
:10285000254993F8FF2006A80EF00AFFD5F8983016
:10286000014606A89847002017B0F0BD0121304668
:1028700006AAFFF73BFB06A8FFF784FA08B9042075
:10288000F2E70A22002106A80EF0A0FC234600224F
:1028900013F9011B814219D00132162AF8D1EEE753
:1028A00093F80021002AEAD083F8FF0093F8002172
:1028B00083F800210024FF2283F86E4183F86D2104
:1028C00005F042F8074905F043F8CCE70228054B2C
:1028D000E6DCC0B283F8FF000028E7D10122E7E779
:1028E0005D7C01004C810002F444010030B5D0F859
:1028F000A050044691B02846FFF72FFB431C014629
:1029000010D1184B184993F8F1206846C2F3001211
:102910000EF0AEFE01216846D4F8983098470020AA
:1029200011B030BD012807D16A462846FFF7DEFA0C
:102930006846FFF73FFA08B90420F1E70A220021B0
:1029400068460EF043FC0128F6DC064C94F8F130A2
:1029500060F3041384F8F13004F0F6FF214604F02C
:10296000F7FFDCE74C810002E444010030B5D0F809
:10297000A050044691B02846FFF7EFFA431C0146E9
:1029800010D1184B184993F8F1206846C2F3C002E1
:102990000EF06EFE01216846D4F89830984700206A
:1029A00011B030BD012807D16A462846FFF79EFACC
:1029B0006846FFF7FFF908B90420F1E70A22002171
:1029C00068460EF003FC0128F6DC064C94F8F13062
:1029D00060F3C30384F8F13004F0B6FF214604F03D
:1029E000B7FFDCE74C810002E444010030B5D0F8C9
:1029F000A050044691B02846FFF7AFFA431C0146A9
:102A000010D1184B184993F8F1206846C2F38002A0
:102A10000EF02EFE01216846D4F898309847002029
:102A200011B030BD012807D16A462846FFF75EFA8B
:102A30006846FFF7BFF908B90420F1E70A22002130
:102A400068460EF0C3FB0128F6DC064C94F8F13022
:102A500060F3820384F8F13004F076FF214604F03D
:102A600077FFDCE74C810002E444010030B5D0F888
:102A7000A050044691B02846FFF76FFA431C014668
:102A800010D1184B184993F8F1206846C2F3401250
:102A90000EF0EEFD01216846D4F8983098470020EA
:102AA00011B030BD012807D16A462846FFF71EFA4B
:102AB0006846FFF77FF908B90420F1E70A220021F0
:102AC00068460EF083FB0128F6DC064C94F8F130E2
:102AD00060F3451384F8F13004F036FF214604F02A
:102AE00037FFDCE74C810002E444010030B5D0F848
:102AF000A050044691B02846FFF72FFA431C014628
:102B000010D1184B184993F8F1206846C2F34002DF
:102B10000EF0AEFD01216846D4F8983098470020A9
:102B200011B030BD012807D16A462846FFF7DEF90B
:102B30006846FFF73FF908B90420F1E70A220021AF
:102B400068460EF043FB0128F6DC064C94F8F130A1
:102B500060F3410384F8F13004F0F6FE214604F0FE
:102B6000F7FEDCE74C810002E444010030B5D0F808
:102B7000A050044691B02846FFF7EFF9431C0146E8
:102B800010D1184B184993F8F120684602F0010261
:102B90000EF06EFD01216846D4F898309847002069
:102BA00011B030BD012807D16A462846FFF79EF9CB
:102BB0006846FFF7FFF808B90420F1E70A22002170
:102BC00068460EF003FB0128F6DC064C94F8F13061
:102BD00060F3000384F8F13004F0B6FE214604F0FF
:102BE000B7FEDCE74C810002E44401002DE9F0412E
:102BF000D0F8A050044690B02846FFF7AEF9014641
:102C0000481C16D1254B684693F9DF200A2392FB16
:102C1000F3F103FB1122224952B20EF029FDD4F840
:102C200098300146684698470026304610B0BDE807
:102C3000F08101292FD16A462846FFF757F96846E7
:102C4000FFF7B8F838B34FF00A08144D424695F92B
:102C5000DF70002197FBF8F768460EF0B7FA07EB34
:102C6000870700EB47035BB293FBF8F2012894BFA0
:102C70000026012685F8DF3008FB12335BB25A1EAE
:102C80005342534184F8693004F05EFE2946B60091
:102C900004F05EFEC9E70426C7E700BF4C810002CE
:102CA000F444010030B5D0F8A050044691B0284655
:102CB000FFF753F9431C01461AD12B4B2B4993F8CC
:102CC000D120012A0CBFD3F82C01D3F830010CF02D
:102CD000EDFF0DF0EDF92649024668460EF0C8FCFE
:102CE000D4F89830014668469847002011B030BDAE
:102CF000012807D16A462846FFF7F8F86846FFF72B
:102D000059F808B90420F1E7174C0A220021684657
:102D10000EF05CFA94F8D120012A18D1D4F81221CF
:102D20009042EFD80CF06AFF10490DF073F8C4F828
:102D30002C01FF230025C4F8970084F86D3184F836
:102D40006E5104F001FE084904F002FECDE7D4F80C
:102D500016219042D6D80CF051FF04490DF05AF8D4
:102D6000C4F83001E5E700BF4C81000200007A445E
:102D7000E444010030B5D0F8A050044691B0284694
:102D8000FFF7EBF8431C01461AD1244B244993F872
:102D9000D120012A0CBFD3F82401D3F828010CF06C
:102DA00085FF0DF05FF91F49024668460EF060FC92
:102DB000D4F89830014668469847002011B030BDDD
:102DC000012807D16A462846FFF790F86846FEF7C3
:102DD000D9FF08B90420F1E70A22002168460EF065
:102DE000F5F944F6206200F51C5310339342F1D8F4
:102DF0000CF008FF0A490DF00DF8084B93F8D120AC
:102E0000C3F8B000012A0CBFC3F82401C3F828019D
:102E100004F09AFD014904F09BFDCEE74C810002CD
:102E200000007A44F444010008B5054805F0EEFAC4
:102E300004F08AFD024904F08BFD002008BD00BFAC
:102E40004C81000230B5D0F8A050044691B028461D
:102E5000FFF783F8431C01460ED1284B284993F80D
:102E6000B42068460EF004FCD4F898300146684659
:102E70009847002011B030BD012808D16A46284685
:102E8000FFF734F86846FEF795FF044608B90420BA
:102E9000F0E70A22002168460EF098F96928F6D872
:102EA000164D95F80531012B01D1092823D085F85D
:102EB000B400124808F094F9B0B195F86D3185F876
:102EC0006D3195F86E314BB10C4808F089F918B99D
:102ED0000A4808F097F9044685F86E4104F034FD7D
:102EE000064904F035FDC4E7044808F08BF90028D2
:102EF000E3D1FF23E3E70620BCE700BF4C810002DB
:102F0000E44401002DE9F041D0F8A050044690B00F
:102F10002846FFF722F8431C01460FD1274B2849CA
:102F200093F86E2168460EF0A3FBD4F89830014662
:102F300068469847002010B0BDE8F081012807D10D
:102F40006A462846FEF7D2FF6846FEF733FF08B907
:102F50000420F0E70A22002168460EF037F9012824
:102F6000F6D8FF23154C84F86E01204684F86D31A5
:102F700008F036F9D0B194F8B45094F86E61012E8F
:102F80000ED194F8D18094F805710C4806F0F0F851
:102F900084F8D18084F86E6184F8057184F8B450A7
:102FA00004F0D2FC054904F0D3FCC3E7204608F046
:102FB00029F90028DFD10325DFE700BF4C8100029B
:102FC000E444010008B5054804F0F2FC04F0BCFC40
:102FD000024904F0BDFC002008BD00BF4C81000286
:102FE0002DE9F041D0F8A050044690B02846FEF7F5
:102FF000B4FF01300FD12A4B2A4993F86D2168465E
:103000000EF036FBD4F89830014668469847002009
:1030100010B0BDE8F0816A4601212846FEF766FF40
:103020006846FEF7AFFE002838D00A220021684625
:103030000EF0CCF81A4C0646204694F8D17094F85D
:10304000058108F0CDF838B194F8B450032E25D896
:10305000DFE806F009121C20204608F0D3F800280B
:10306000F2D10325F2E70E4804F0A2FC04F06CFC58
:103070000B4904F06DFCCAE7094805F085FE84F8A9
:10308000058184F8D17084F8B450EFE7044806F065
:103090006FF8F4E7024806F06FFAF0E70420B7E7AC
:1030A0004C810002F444010008B5054805F086FC97
:1030B00004F04AFC024904F04BFC002008BD00BFAC
:1030C0004C81000208B5054805F082FB04F03CFC89
:1030D000024904F03DFC002008BD00BF4C81000205
:1030E00008B5054805F05CFD04F02EFC024904F02B
:1030F0002FFC002008BD00BF4C81000208B5054828
:1031000005F08EF804F020FC024904F021FC0020B8
:1031100008BD00BF4C81000208B5054805F064FAFF
:1031200004F012FC024904F013FC002008BD00BFAB
:103130004C81000208B5054805F074F804F004FC61
:10314000024904F005FC002008BD00BF4C810002CC
:1031500008B5134B124893F85831013B052B1CD886
:10316000DFE803F0030C0F12151805F05BF804F00C
:10317000EBFB0B4904F0ECFB002008BD05F034FA32
:10318000F5E705F00DFDF2E705F022FBEFE705F0AE
:1031900015FCECE705F03AF9E9E705F041F8E6E758
:1031A0004C810002F0B5D0F8A050044691B02846FA
:1031B000FEF7D3FE431C01460ED1264B2649D3F819
:1031C000162168460EF054FAD4F898300146684645
:1031D0009847002011B0F0BD01280AD11D4C6A4665
:1031E0002846D4F88060FEF781FE6846FEF7E2FDCF
:1031F00008B90420EEE70A22002168460DF0E6FF38
:10320000B0F57A7FF5DBB042F3D84FF0FF31002202
:10321000124B134D1F68134EBA420DD1090170585D
:10322000C4F8160108F0B0FEC4F81E0104F08CFBCF
:10323000084904F08DFBCCE71301F358C31A002BA7
:10324000B8BF5B42AB42ACBF2B4611461D460132B4
:10325000E2E700BF4C810002E4440100DC8A000286
:10326000400D0300F87C0100F0B5D0F8A0500446F2
:1032700091B02846FEF771FE431C01460ED1254B46
:103280002549D3F8122168460EF0F2F9D4F89830A7
:10329000014668469847002011B0F0BD012809D1C9
:1032A0001C4C6A462846E66FFEF720FE6846FEF78D
:1032B00081FD08B90420EFE70A22002168460DF0DD
:1032C00085FFB0F57A7FF5DBB042F3D84FF0FF31E0
:1032D0000022124B124D1F68124EBA420DD1090145
:1032E0007058C4F8120108F04FFEC4F81A0104F037
:1032F0002BFB084904F02CFBCDE71301F358C31A4C
:10330000002BB8BF5B42AB42ACBF2B4611461D46FB
:103310000132E2E74C810002E4440100DC8A000251
:10332000400D0300F87C0100F8B5194CD4F880601A
:10333000D4F81631B34210D94FF0FF310022154BAB
:1033400015481F68154DBA4214D109016858C4F8D0
:10335000160108F019FEC4F81E010223002584F8A6
:10336000D13084F8055104F0EFFA094904F0F0FA7D
:103370002846F8BD1301EB58F31A002BB8BF5B4287
:103380008342ACBF0346114618460132DBE700BF5B
:103390004C810002DC8A0002400D0300F87C010031
:1033A000F8B5184CE66FD4F81231B34210D94FF08B
:1033B000FF310022144B15481F68154DBA4214D135
:1033C00009016858C4F8120108F0DEFDC4F81A01BA
:1033D0000123002584F8D13084F8055104F0B4FAB3
:1033E000084904F0B5FA2846F8BD1301EB58F31A62
:1033F000002BB8BF5B428342ACBF03461146184660
:103400000132DBE74C810002DC8A0002400D030040
:10341000F87C0100F0B5D0F8A060054691B03046C8
:10342000FEF79BFD314C014694F8D130012B58D169
:10343000421C10D1D4F812212D4968460EF018F91B
:10344000D5F89830014668469847002011B0F0BD85
:10345000D4F81621F0E7E56F012907D16A46304616
:10346000FEF744FD6846FEF7A5FC08B90420EDE729
:103470000A22002168460DF0A9FEB0F57A7FF5DB3F
:10348000A842F3D84FF0FF3100221A4B1A4D1F68A3
:103490001A4E974211D194F8D1300901012B70587E
:1034A00018D1C4F8120108F06FFDC4F81A0104F035
:1034B0004BFA0E4904F04CFAC7E71301F358C31A4C
:1034C000002BB8BF5B42AB42ACBF2B4611461D463A
:1034D0000132DEE7C4F8160108F056FDC4F81E01FB
:1034E000E5E7431CB4D0D4F88050B5E74C81000226
:1034F000E4440100DC8A0002400D0300F87C010076
:1035000008B5D0F8A000FEF728FD013003D104F083
:103510003DFA002008BD0420FCE7FFFF38B5054652
:103520000A480EF0EEF929460446024607480EF016
:1035300005F940B928460EF0E4F9844203D1012C84
:1035400001D906F019FB002038BD00BF70810002D0
:1035500070B5064698B0274D01AC0FCD0FC495E865
:10356000070084E80700D6F8A0402046FEF7F5FCE7
:10357000013014D12048D0F8922022B990F8D1100F
:1035800006F01CFC02461D4908A80EF071F8D6F89A
:103590009830014608A89847002018B070BD012156
:1035A000204608AAFEF7A2FC08A8FEF7EBFB08B924
:1035B0000420F2E70A22002108A80DF007FE0023EC
:1035C00001AA52F8041B814203D00133072BF8D122
:1035D000EEE7FF230024084D85F86D31C5F8920011
:1035E00085F86E4104F0B0F9294604F0B1F920469F
:1035F000D3E700BF747C01004C810002F444010059
:1036000030B5D0F8A050044691B02846FEF7A5FC8E
:10361000431C01460ED11A4B1A49D3F8D7206846ED
:103620000EF026F8D4F898300146684698470020F6
:1036300011B030BD01280ED1114C134B94F802216A
:103640001B78134307D06A462846FEF74FFC6846AE
:10365000FEF7B0FB08B90420EAE70A220021684619
:103660000DF0B4FD054608F07FFC0028F3D0C4F847
:10367000D75004F069F9214604F06AF9D7E700BF92
:103680004C810002F44401008887000270B50446B2
:1036900088B0D0F8A000FEF760FC013024D1134EB2
:1036A0000025306809F0A4FE2A46114968460DF04D
:1036B000DFFFD4F8983001466846984701354FF44B
:1036C0007A7009F00BFE3C2DEED1306809F03EFC1B
:1036D000084968460EF0FFF816216846D4F898307D
:1036E0009847022008B070BD0420FBE7E07C000290
:1036F000F3440100F744010037B50446D0F8A000B8
:10370000FEF72BFC01301FD1104DD5F85B010CF0FA
:1037100075FA00210CF086FC024638B195F8FF30AE
:1037200083B195F80021B2FA82F25209084968463D
:103730000DF09EFF01216846D4F89830984700208C
:1037400003B030BD0122F1E70420F9E74C8100020B
:10375000F444010010B5044688B0D0F8A000FEF78C
:10376000FCFB013015D10C4B6846D3F8CD10D3F8D3
:10377000C92093F8D130012B18BF0A4607490DF034
:1037800077FFD4F89830014668469847002008B083
:1037900010BD0420FBE700BF4C810002F44401008F
:1037A00010B5044688B0D0F8A000FEF7D6FB013073
:1037B0000BD1074968460EF08EF804216846D4F80C
:1037C00098309847002008B010BD0420FBE700BFE8
:1037D0000E4501001FB50446D0F8A000FEF7BDFB62
:1037E000013025D1684614490EF075F80C21D4F843
:1037F00098306846984700224FF0E0530F4C1A74F7
:103800002368022043F48033236009F067FD2368B6
:1038100023F480332360BFF34F8F0949094BCA68F3
:1038200002F4E0621343CB60BFF34F8F00BFFDE7AC
:10383000042004B010BD00BF134501000020001C8F
:1038400000ED00E00400FA05F8B5D0F8A000FEF79E
:1038500084FB01302BD1174C1749D4F85F010CF0D1
:1038600025FA014615480CF017F9154D0646AF89A3
:10387000BFB238460CF0C2F9014630460CF00CF9E4
:103880000CF0F0FB40F2FF722B89A4F86C009BB2A5
:10389000D31AA4F868306B899BB2D21AA4F86A20B4
:1038A00004F052F8214604F053F80020F8BD04203B
:1038B000FCE700BF4C81000200F07F4500E0FF44C0
:1038C00068830002F8B5D0F8A000FEF746FB431C61
:1038D000054657D12D4C94F8B430092B54D0D4F868
:1038E0008070D4F81631BB4212D90022284B014611
:1038F000D3F800C02748284E944529D109017058B3
:10390000C4F81601C4F8840008F03EFBC4F81E0198
:10391000E66FD4F81231B34210D900221C4B1D4976
:103920001F681D48BA4220D12D014059C4F8120128
:10393000C4F8840008F028FBC4F81A01012384F8B5
:10394000053104F001F8114904F002F80020F8BD37
:103950001301F358FB1A002BB8BF5B428342ACBF84
:103960000346114618460132C6E71301C358F31A3D
:10397000002BB8BF5B428B42ACBF0B4615461946C5
:103980000132CFE70420E2E70620E0E74C810002A5
:10399000DC8A0002400D0300F87C010070B5D0F80D
:1039A000A050064628460C46FEF7D7FA431C0BD11A
:1039B000124B1C4420460DF0A4FFD6F89830014667
:1039C00020469847002070BDB0B128460DF099FF01
:1039D0001F2811D8094E2946344420460DF071FFA6
:1039E0000028EFD0294620460DF075FF03F0ACFF0C
:1039F000314603F0ADFFE5E70420E4E74C81000227
:103A00002421FFF7CBBF4421FFF7C8BF0421FFF7F4
:103A1000C5BFFFFF2DE9F043D0F8A06099B0044680
:103A2000304689461D4690469DF88070FEF795FA0F
:103A3000431C014613D1234B0322585908A906F011
:103A400001F92149024668460DF012FED4F898307B
:103A5000014668469847002019B0BDE8F083012868
:103A600007D1304608AAFEF741FA08A8FEF7B0F9D8
:103A700008B90420F0E7002108A80DF0D5FA49465E
:103A800006460CF0B1FA0028F3D1414630460CF05E
:103A9000C9FA0028EDD10B4C304661590CF09AFA66
:103AA0000028D8D1665157B1FF2384F86D3184F8CE
:103AB0006E0103F049FF034903F04AFFCBE794F896
:103AC0006E01F4E74C8100025870010007B5094B04
:103AD000094A93F8D1300949012B15BF01230093FE
:103AE00000939F2318BFA323FFF794FF03B05DF853
:103AF00004FB00BF4C81000200007042000070C255
:103B0000002307B5044A00930449AC23FFF782FF62
:103B100003B05DF804FB00BF0000FA4400009643C8
:103B2000012307B5044A009304499F23FFF772FF5E
:103B300003B05DF804FB00BF00007042000070C2DB
:103B4000012307B5044A00930449A323FFF762FF4A
:103B500003B05DF804FB00BF00007042000070C2BB
:103B600007B50A4B002193F8D130094A012B15BF44
:103B70000123009300934FF4A07318BF4FF4A27376
:103B8000FFF748FF03B05DF804FB00BF4C81000263
:103B90000000A042012307B54FF0804200930021AE
:103BA000BD23FFF737FF03B05DF804FB012307B522
:103BB0004FF0804200930021C123FFF72BFF03B099
:103BC0005DF804FB012307B5002200930349C523D8
:103BD000FFF720FF03B05DF804FB00BF000040C208
:103BE000002307B5044A00930449EC23FFF712FFB2
:103BF00003B05DF804FB00BF000020410AD7A33BDF
:103C0000012307B5044A00930449F923FFF702FF93
:103C100003B05DF804FB00BF00004842000048C24A
:103C2000002307B5044A009304497423FFF7F2FE0A
:103C300003B05DF804FB00BF00007042000070C2DA
:103C4000002307B5044A009304497823FFF7E2FEF6
:103C500003B05DF804FB00BF00007042000070C2BA
:103C600007B5094B4FF0804293F8D1300021012B6A
:103C700015BF012300930093BD2318BFC123FFF795
:103C8000C9FE03B05DF804FB4C810002012307B5B7
:103C900000210093034A4FF4A073FFF7BBFE03B06B
:103CA0005DF804FB0000A042012307B5002100934A
:103CB000034A4FF4A273FFF7ADFE03B05DF804FBB7
:103CC0000000A042002307B5044A0093044940F2D3
:103CD0005F13FFF79FFE03B05DF804FB0000204177
:103CE000000020C12DE9F04FD0F8A0B091B082467D
:103CF00058460D461C4690461A9F9DF86C909DF8BC
:103D00007060FEF72AF9431C014617D1012F2E4B94
:103D10000DD11A572D4968460DF0AAFCDAF89830F3
:103D2000014668469847002011B0BDE8F08F022F89
:103D300001D11A5FEEE71A592549ECE7012807D1AE
:103D40006A465846FEF7D2F86846FEF71BF808B9EF
:103D50000420E9E70A22002168460DF037FAB9F19C
:103D6000000F04D10028F3D0A84202DAF0E7A842FD
:103D70000FDB4045ECDC012F134A17D1135740B23B
:103D80008342D0D010553EB1FF2382F86D3100231D
:103D900004E00028EFD0DBE792F86E3182F86E3154
:103DA00003F0D2FD084903F0D3FDBCE7022F05D193
:103DB000135F00B28342B6D01053E4E71359984220
:103DC000B1D01051DFE700BF4C810002F444010084
:103DD0002045010030B50E4B05461C7885B0012CFE
:103DE00013D103F0B1FD0B4903F0CCFD0021E72313
:103DF00022462846CDE901410094FFF773FF0028D1
:103E000014BF0320022005B030BD0520FBE700BF32
:103E1000888700024C8100021FB50C4B002293F8EA
:103E2000D1300421012B15BF0123CDE90123CDE9B8
:103E30000123009316BF00934FF4917340F22313B4
:103E40006422FFF74FFF05B05DF804FB4C810002D0
:103E50001FB5104A92F8D130012B0FD102934FF0C9
:103E6000000C0223CDE9003C4FF49A73B2F806210E
:103E70000A21FFF737FF05B05DF804FB002301219D
:103E8000CDE9013102230093B2F808214FF49B736E
:103E9000EEE700BF4C8100021FB501230422CDE9EB
:103EA000013300930021A723FFF71CFF05B05DF845
:103EB00004FB1FB501220021E023CDE9012100927E
:103EC000FFF710FF05B05DF804FB1FB501220021CC
:103ED000E223CDE901210092FFF704FF05B05DF870
:103EE00004FB1FB501220021E123CDE9012100924D
:103EF000FFF7F8FE05B05DF804FB1FB500230122B3
:103F0000CDE90132042347F2305200936421882323
:103F1000FFF7E8FE05B05DF804FBFFFF1FB50023C7
:103F2000CDE90133042347F230510093034AC923FA
:103F3000FFF7D8FE05B05DF804FB00BF80841E00CB
:103F40001FB50023CDE90133042347F2305100931C
:103F5000034ACD23FFF7C6FE05B05DF804FB00BFA2
:103F600080841E001FB50122002140F20113CDE91B
:103F700001210092FFF7B6FE05B05DF804FBFFFFDC
:103F80001FB501230022CDE90132022340F2FF7266
:103F9000009303496823FFF7A5FE05B05DF804FB15
:103FA00001F8FFFF1FB501230022CDE901320223F2
:103FB00040F2FF72009303496A23FFF793FE05B0B6
:103FC0005DF804FB01F8FFFF1FB501230022CDE9D6
:103FD0000132022340F2FF72009303496C23FFF782
:103FE00081FE05B05DF804FB01F8FFFF1FB501225B
:103FF0000021EB23CDE901210092FFF773FE05B00C
:104000005DF804FB1FB5012100230422CDE9013333
:104010000091F023FFF766FE05B05DF804FB1FB5C5
:1040200001220021DE23CDE901210092FFF75AFE93
:1040300005B05DF804FB1FB501220021E923CDE99D
:1040400001210092FFF74EFE05B05DF804FB1FB59D
:1040500001210023F022CDE901330091E823FFF78D
:1040600041FE05B05DF804FB1FB50123002100935C
:10407000CDE901310222EA23FFF734FE05B05DF8F5
:1040800004FB1FB50023CDE901330123092200936E
:104090000721DB23FFF726FE05B05DF804FB1FB503
:1040A000012300210093CDE901310222DC23FFF737
:1040B00019FE05B05DF804FB1FB5012200214FF485
:1040C0008173CDE901210092FFF70CFE05B05DF888
:1040D00004FBFFFF1FB50C4B042293F8D1300021E5
:1040E000012B15BF0123CDE90133CDE90133009246
:1040F00016BF00924FF4A4734FF4A673034AFFF760
:10410000F1FD05B05DF804FB4C81000220A1070021
:104110001FB50122002140F20313CDE901210092D5
:10412000FFF7E0FD05B05DF804FB1FB5012100239A
:104130000422CDE90131009140F26313FFF7D2FD73
:1041400005B05DF804FB1FB50023CDE90133012361
:10415000FF2200930A214FF48273FFF7C3FD05B0DD
:104160005DF804FB1FB50023CDE9013302234FF4B2
:104170007A7200930A214FF48373FFF7B3FD05B001
:104180005DF804FB1FB50023CDE9013302234FF492
:104190007A7200930A214FF48473FFF7A3FD05B0F0
:1041A0005DF804FB1FB501230022CDE90132042391
:1041B000044A009304494FF48573FFF793FD05B05B
:1041C0005DF804FBA08601006079FEFF1FB50123A6
:1041D0000022CDE901320423044A009304494FF43C
:1041E0008773FFF77FFD05B05DF804FBA086010033
:1041F0006079FEFF1FB5012300220093CDE9012362
:1042000004214FF491736422FFF76CFD05B05DF853
:1042100004FB1FB5012300220093CDE901230421F3
:1042200040F223136422FFF75DFD05B05DF804FB47
:104230001FB500230122CDE901320223054A009374
:104240000A214FF49A73B2F80621FFF74BFD05B02F
:104250005DF804FB4C8100021FB500230122CDE96B
:1042600001320223054A00930A214FF49B73B2F8EE
:104270000821FFF737FD05B05DF804FB4C81000213
:104280001FB50123CDE90133042300210093044A23
:104290004FF4A473FFF726FD05B05DF804FB00BFE3
:1042A00020A107001FB50123CDE90133042300211C
:1042B0000093044A4FF4A673FFF714FD05B05DF8B0
:1042C00004FB00BF20A107001FB50023CDE9013387
:1042D000042347F230510093034A4FF4A873FFF7C9
:1042E00001FD05B05DF804FB80841E001FB50023AE
:1042F000CDE90133042347F230510093034A4FF4D0
:10430000AA73FFF7EFFC05B05DF804FB80841E0084
:104310001FB500210123CDE90131022340F6FF72D0
:10432000009340F25913FFF7DDFC05B05DF804FB84
:104330001FB5012200214FF4B673CDE9012100928F
:10434000FFF7D0FC05B05DF804FB1FB50022012388
:1043500011460093CDE9012240F20513FFF7C2FC9C
:1043600005B05DF804FB1FB50122002140F26F1378
:10437000CDE901210092FFF7B5FC05B05DF804FB23
:104380001FB500210123CDE90131042364220093EC
:104390004FF4B873FFF7A6FC05B05DF804FB1FB53A
:1043A00000210123CDE901310423642200934FF45D
:1043B000BA73FFF797FC05B05DF804FB1FB5002149
:1043C0000123CDE901310423044A00934FF4BC7367
:1043D000FFF788FC05B05DF804FB00BF80320200E7
:1043E0001FB500210123CDE901310423044A0093C4
:1043F0004FF4BE73FFF776FC05B05DF804FB00BF19
:10440000803202001FB500210123CDE901310423D0
:10441000322200934FF4C073FFF764FC05B05DF8DF
:1044200004FB1FB500210123CDE901310423322211
:1044300000934FF4C273FFF755FC05B05DF804FB21
:1044400008B52E210DF0ABF938B143782BB1837844
:104450001BB1C3780BB10023C37008BD70B5D0F891
:10446000A06004468CB03046FDF777FD431C014642
:1044700018D1314BD3F85B010BF0C0FB2F490BF087
:10448000C9FC0222694605F0DDFB2D49024604A85D
:104490000DF0EEF8D4F89830014604A898470020B3
:1044A0000CB070BD012808D104AD2A463046FDF796
:1044B0001DFD2846FDF78CFC08B90420F0E72846CE
:1044C000FFF7BEFF002128460CF0AEFD0021064696
:1044D0000BF080FDD0B92E2128460DF060F904467E
:1044E00028460DF00EFA04B92C18641B031B032B8D
:1044F000E3D8304613490BF077FD0028DDD14FF0AB
:10450000804130460BF08EFD0028D6D10B49304655
:104510000BF0CCFB0BF0CCFD0024FF23064DC5F8BF
:104520005B0185F86D3185F86E4103F00DFA29467F
:1045300003F00EFAB3E700BF4C8100020024744977
:1045400058700100CDCCCC3D70B5D0F8A0600446C9
:1045500094B03046FDF701FD431C014618D1304BA5
:10456000D3F88E000BF04AFB2E490BF053FC0222CD
:10457000694605F067FB2C49024604A80DF078F85F
:10458000D4F89830014604A89847002014B070BDB4
:10459000012808D104AD2A463046FDF7A7FC28467D
:1045A000FDF716FC08B90420F0E72846FFF748FF9E
:1045B000002128460CF038FD002106460BF00AFDCC
:1045C000C8B92E2128460DF0EAF8044628460DF019
:1045D00098F904B92C18641B031B032BE3D830464D
:1045E00012490BF001FD0028DDD1304610490BF0D7
:1045F00019FD0028D7D10B4930460BF057FB0BF0C3
:1046000057FD0024FF23064DC5F88E0085F86D3157
:1046100085F86E4103F098F9294603F099F9B4E75B
:104620004C81000200247449587001000AD7233CD1
:104630000000204170B50446B8B02E2200210CA81D
:104640000DF0A5F8B94918A80DF045F9D4F898303F
:104650000C2118A89847B64918A80DF03CF9B54D9B
:10466000D4F898304D2118A89847204601F07AFADE
:1046700095F80531D5F85421012B40F04186AE4B19
:10468000AE4918A80CF0F4FFD4F89830014618A8E9
:104690009847A94BD5F85021A94918A80CF0E8FF74
:1046A000D4F89830014618A8984705A904A805F041
:1046B00005FE012208A9049805F0C4FAA1490246A2
:1046C00018A80CF0D5FFD4F89830014618A89847E0
:1046D000012208A9059805F0B5FA9B49024618A8D9
:1046E0000CF0C6FFD4F89830014618A898479749AF
:1046F00018A80DF0F0F8D4F89830042118A89847BD
:1047000003AA02A901A805F0E5FC012208A9019865
:1047100005F098FA8E49024618A80CF0A9FFD4F8C3
:104720009830014618A89847012208A9029805F078
:1047300089FA8849024618A80CF09AFFD4F89830F4
:10474000014618A898476B6E0C93D5F884300D93EA
:1047500095F88D2095F88C3043EA0223ADF8383077
:10476000D5F88E000BF04AFA7B490BF053FBCDF8DD
:104770003A00D5F897000BF075FCADF83E00D5F87F
:10478000B0000BF06FFC95F89630ADF84000ADF836
:10479000423095F8D130012B0CBFD5F89F30D5F8B9
:1047A000A330119395F8B430ADF84E30D5F8AC0085
:1047B0000BF058FC4FF07E53129395F8A7306749E1
:1047C000ADF84C30019BADF85000CDF85230029B53
:1047D00018A8CDF85630049BCDF85A300DF07BF870
:1047E000D4F898300B2118A8984718AA2E210CA8A5
:1047F000FCF7B4FC18A908460CF03AFFD4F898303E
:10480000014618A89847564918A80DF064F8D4F83E
:104810009830052118A89847524918A80DF05BF860
:10482000D4F898300B2118A89847414918A80DF0E2
:1048300052F8D4F898304D2118A898474A4918A83A
:104840000DF049F8D4F89830312118A89847474915
:1048500018A80DF040F8D4F898302F2118A89847E0
:10486000434918A80DF037F8D4F89830352118A826
:104870009847404918A80DF02EF8D4F898303F21F9
:1048800018A898473C4918A80DF025F8D4F8983096
:104890002D2118A89847394918A80DF01CF8D4F80C
:1048A0009830352118A89847354918A80DF013F805
:1048B000D4F89830362118A89847324918A80DF036
:1048C0000AF8D4F89830382118A898472E4918A823
:1048D0000DF001F8D4F89830392118A898472B49E1
:1048E00018A80CF0F8FFD4F89830382118A8984789
:1048F000274918A80CF0EFFFD4F89830392118A8F0
:104900009847244918A80CF0E6FFD4F89830022103
:1049100018A89847204918A80CF0DDFF1521D4F8F5
:10492000983018A8984795F8D13037E03045010005
:104930003D4501004C810002244501008B450100EA
:10494000A6450100C3450100EA450100526001008F
:104950001246010047460100002474497C460100CC
:10496000884601008E4601009A460100CC460100AF
:10497000FC4601003247010072470100A0470100D8
:10498000D64701000D48010046480100804801005B
:10499000B948010054600100F3480100BF49012BF0
:1049A00007BFEB6FD5F81221D5F88030D5F8162166
:1049B00018A80CF05DFED4F89830014618A8984766
:1049C000D5F81621D5F88030B54918A80CF050FE5E
:1049D000D4F89830014618A89847D5F81221EB6F03
:1049E000B04918A80CF044FED4F89830014618A835
:1049F0009847D5F88E000BF001F9AB490BF00AFA95
:104A0000022208A905F01EF9A849024618A80CF0D0
:104A10002FFED4F89830014618A8984795F803213E
:104A2000A34918A80CF024FE4521D4F8983018A802
:104A3000984795F8D1309F49012B07BFB5F806314B
:104A4000B5F83421B5F80831B5F8362118A80CF0BE
:104A50000FFED4F89830014618A89847B5F83621CB
:104A6000B5F80831944918A80CF002FED4F8983033
:104A7000014618A89847B5F83421B5F806318F4992
:104A800018A80CF0F5FDD4F89830014618A89847FE
:104A9000012208A9D5F8C50005F0D4F888490246D6
:104AA00018A80CF0E5FDD4F89830014618A89847EE
:104AB00095F8D1300122012B0CBFD5F89F00D5F815
:104AC000A30008A905F0BEF87E49024618A80CF01C
:104AD000CFFDD4F89830014618A89847012208A9BC
:104AE000D5F8A30005F0AEF87749024618A80CF0F7
:104AF000BFFDD4F89830014618A89847012208A9AC
:104B0000D5F89F0005F09EF87049024618A80CF0F1
:104B1000AFFDD4F89830014618A8984795F8A7201B
:104B20006B4918A80CF0A4FD3921D4F8983018A8C6
:104B3000984795F8D1300322012B0CBFD5F8BD0062
:104B4000D5F8C10008A905F07DF86249024618A809
:104B50000CF08EFDD4F89830014618A8984703222F
:104B600008A9D5F8C10005F06DF85B49024618A800
:104B70000CF07EFDD4F89830014618A8984703221F
:104B800008A9D5F8BD0005F05DF85449024618A8FB
:104B90000CF06EFDD4F89830014618A8984795F8A7
:104BA000D1300122012B0CBFD5F84001D5F84401CA
:104BB00008A905F047F84A49024618A80CF058FD24
:104BC000D4F89830014618A89847012208A9D5F8CA
:104BD000440105F037F84349024618A80CF048FD97
:104BE000D4F89830014618A89847012208A9D5F8AA
:104BF000400105F027F83C49024618A80CF038FDA2
:104C0000D4F89830014618A89847D5F84C3195F853
:104C1000D110D5F8482118A8012918BF1A463349E0
:104C20000CF026FDD4F89830014618A89847D5F81E
:104C30004C212F4918A80CF01BFDD4F898300146E0
:104C400018A89847D5F848212A4918A80CF010FD53
:104C5000D4F89830014618A89847274918A80CF0AE
:104C60003AFED4F89830022118A89847234918A88A
:104C70000CF031FED4F89830182118A8984795F810
:104C80006E211F4918A80CF0F3FC5221D4F898307B
:104C900018A8984795F86D21FF2A33E009490100CB
:104CA0004B4901008B49010000247449CA490100A5
:104CB000144A0100564A0100A44A0100F04A0100CA
:104CC0003B4B0100794B0100C34B01000B4C010031
:104CD000524C0100884C0100D14C0100174D0100DD
:104CE0005D4D0100BA4D0100154E01006F4E0100EF
:104CF000BD4E0100094F010054600100544F0100F6
:104D00006D4F010040F01683BF4906A80CF0E3FD8B
:104D100006AABE4918A80CF0ABFCD4F8983065215F
:104D200018A89847002208A9D5F8AC0004F08AFF1B
:104D3000B749024618A80CF09BFCD4F898300146FD
:104D400018A8984795F8D130B249012B0CBFD5F877
:104D50002C01D5F830010AF0A9FF0BF083F9AE4918
:104D6000024618A80CF084FCD4F89830014618A824
:104D70009847A849D5F830010AF098FF0BF072F96E
:104D8000A649024618A80CF073FCD4F898300146E6
:104D900018A898479F49D5F82C010AF087FF0BF017
:104DA00061F99F49024618A80CF062FCD4F89830CB
:104DB000014618A8984795F8D1309A49012B0CBFA5
:104DC00095F8222195F8232118A80CF051FCD4F86D
:104DD0009830562118A8984795F82321924918A889
:104DE0000CF046FCD4F89830542118A8984795F850
:104DF00022218E4918A80CF03BFC5321D4F898309E
:104E000018A8984795F8D1308249012B0CBFD5F8E6
:104E10002401D5F828010AF049FF0BF023F9844951
:104E2000024618A80CF024FCD4F89830014618A8C3
:104E300098477849D5F828010AF038FF0BF012F9A5
:104E40007C49024618A80CF013FCD4F898300146AF
:104E500018A898476F49D5F824010AF027FF0BF0EE
:104E600001F97549024618A80CF002FCD4F89830F4
:104E7000014618A8984795F8FF20704918A80CF02B
:104E8000F7FBD4F898306E2118A8984795F80021C0
:104E90006B4918A80CF0ECFBD4F89830712118A8D5
:104EA000984795F8F120674902F0010218A80CF024
:104EB000DFFBD4F89830452118A8984795F8F120E1
:104EC0006149C2F3400218A80CF0D2FBD4F8983024
:104ED000452118A8984795F8F1205C49C2F3800253
:104EE00018A80CF0C5FBD4F89830452118A89847AD
:104EF00095F8F1205649C2F3C00218A80CF0B8FB8F
:104F0000D4F898304A2118A8984795F8F1205149CB
:104F1000C2F3001218A80CF0ABFBD4F8983049216A
:104F200018A8984795F8F1204B49C2F3801218A8A9
:104F30000CF09EFBD4F89830452118A898474749B3
:104F400018A80CF0C8FCD4F89830102118A898477D
:104F5000D5F85B010AF052FE41490AF05BFF0222DC
:104F600008A904F06FFE3F49024618A80CF080FB28
:104F7000D4F89830014618A89847032208A9D5F814
:104F8000F90004F05FFE3849024618A80CF070FBE7
:104F9000D4F89830014618A8984795F8F12033497D
:104FA000C2F3401218A80CF063FBD4F898305121DA
:104FB00018A898472E4918A80CF08DFCD4F8983002
:104FC000022118A898472B4918A80CF084FCD4F8A3
:104FD00098301B2118A8984795F8B420264918A89E
:104FE0000CF046FBD4F89830362118A8984723498E
:104FF00018A80CF070FCD4F89830372118A89847FE
:105000001F4918A83EE000BFBC4F0100BE4F010081
:105010002050010000007A444D50010097500100DB
:10502000DF500100265101007B510100CE510100EB
:105030002052010066520100AA520100ED52010007
:1050400058530100C6530100085401004A5401009E
:105050008C540100D3540100195501005B55010027
:10506000002474496C550100BA550100F755010040
:10507000546001004556010061560100945601003C
:10508000CC5601000CF027FCD4F898303A2118A82F
:105090009847AB4918A80CF01EFCD4F8983035217D
:1050A00018A89847A74918A80CF015FCD4F8983010
:1050B0003A2118A89847A44918A80CF00CFCD4F879
:1050C00098304D2118A89847A04918A80CF003FC67
:1050D000D4F898304A2118A898479D4918A80CF090
:1050E000FAFBD4F89830532118A89847994918A882
:1050F0000CF0F1FBD4F89830642118A89847964931
:1051000018A80CF0E8FBD4F898303D2118A898476F
:10511000924918A80CF0DFFBD4F89830592118A850
:10512000984795F863218E4918A80CF0A1FAD4F895
:1051300098304A2118A8984795F86C21894918A8F1
:105140000CF096FA4B21D4F8983018A89847D5F867
:1051500092208549854B18A8002A08BF0B46844930
:105160000CF086FA834E0146D4F8983018A8984778
:105170003378002B40F0288195F80231012B00F0A4
:1051800023817D4995F8DE2018A80CF071FA47219B
:10519000D4F8983018A89847784B79491A6818A815
:1051A0000CF066FAD4F898304A2118A89847754947
:1051B00018A80CF090FBD4F89830022118A8984752
:1051C000714918A80CF087FBD4F89830152118A85D
:1051D000984795F8E0206D4918A80CF049FAD4F8E2
:1051E0009830472118A8984795F8E220684918A8F0
:1051F0000CF03EFAD4F898304E2118A8984795F84C
:10520000E120644918A80CF033FAD4F898304A2108
:1052100018A898475B4918A80CF05DFBD4F89830A3
:10522000022118A898475C4918A80CF054FBD4F840
:105230009830152118A8984795F8EB20574918A8D9
:105240000CF016FAD4F898304B2118A8984708A902
:105250000322D5F8EC0004F0F5FC5149024618A8E9
:105260000CF006FAD4F89830014618A8984795F83B
:10527000F0204C4918A80CF0FBF9D4F898305221D2
:1052800018A898473F4918A80CF025FBD4F8983087
:10529000022118A89847444918A80CF01CFBD4F820
:1052A00098301B2118A8984795F8E7203F4918A87F
:1052B0000CF0DEF9D4F89830412118A8984795F8F9
:1052C000E8203B4918A80CF0D3F9D4F898303221E3
:1052D00018A8984795F8EA20364918A80CF0C8F99C
:1052E000D4F89830472118A89847264918A80CF0F8
:1052F000F2FA0221D4F8983018A8984738B070BD57
:1053000095F8D1302C4E2D4918A8022B08BF3146F4
:105310000B462B490CF0ACF9D4F89830014618A88C
:10532000984795F8D130254A012B08BF32461346DD
:10533000FFF7B0B9234906A80CF09AF9E8E400BFDA
:10534000075701003D57010078570100C65701007B
:105350001158010065580100CA58010008590100A0
:1053600062590100A95901002D4501006771010032
:10537000F159010088870002485A01003881000273
:10538000D25A010054600100165B01002C5B010041
:10539000705B0100BB5B0100025C0100185C010056
:1053A000605C01009B5C0100EA5C0100065D01009D
:1053B000445D0100735D0100244501005660010059
:1053C0008B450100E44401000C4918A80CF083FA55
:1053D000D4F898300E2118A89847D5F8D720084956
:1053E00018A80CF045F9D4F89830014618A8984749
:1053F0003378002B7FF4D0AEC3E600BF8C5A010097
:105400009B5A010010B50446D0F8A000FCF7A5FD9A
:10541000431C04D12046FFF70DF9002010BD0138D0
:1054200018BF01208000F9E770B50446A4B0B84960
:1054300004A80CF050FAD4F898304F2104A89847EB
:10544000B44904A80CF047FAD4F89830142104A801
:10545000B14E9847AE4904A80CF03DFAD4F8983004
:105460004F2104A898473246AC4904A80CF000F933
:10547000D4F89830014604A8984706F12002A849BC
:1054800004A80CF0F5F8D4F89830014604A8984721
:10549000A6F12002A34904A80CF0EAF8D4F8983049
:1054A000014604A89847A04904A80CF014FAD4F8BF
:1054B0009830022104A898479C4904A80CF00BFAE4
:1054C000D4F898302E2104A89847994904A80CF0E4
:1054D00002FAD4F89830332104A89847954904A8D3
:1054E0000CF0F9F9D4F89830302104A89847924983
:1054F00004A80CF0F0F9D4F89830332104A89847A8
:10550000A6F120028D4904A80CF0B2F8D4F8983026
:10551000014604A898473246894904A80CF0A8F827
:10552000D4F89830014604A8984706F1200285492E
:1055300004A80CF09DF8D4F89830014604A89847C8
:10554000814904A80CF0C7F9D4F89830462104A882
:1055500098477E4904A80CF0BEF9D4F8983047214A
:1055600004A89847704904A80CF0B5F9D4F898300D
:10557000022104A89847764904A80CF0ACF9D4F8A5
:105580009830222104A89847D6F8A920714904A888
:105590000CF06EF8A6F12405D4F89830014604A862
:1055A0009847D5F8C9206C4904A80CF061F8D4F8E4
:1055B0009830014604A89847D5F85421674904A8B3
:1055C0000CF056F8D4F89830014604A89847D5F85E
:1055D0005021634904A80CF04BF8D4F898300146E8
:1055E00004A89847D5F880205E4904A80CF040F83C
:1055F000D4F89830014604A89847EA6F5A4904A89D
:105600000CF036F8D4F89830014604A89847B5F85D
:105610000821564904A80CF02BF8D4F898304321FF
:1056200004A89847B5F80621514904A80CF020F8C1
:10563000D4F89830422104A8984769460122A86FFF
:1056400004F000FB4B49024604A80CF011F8D4F812
:105650009830014604A8984769460122686F04F013
:10566000F1FA4549024604A80CF002F8D4F8983043
:10567000014604A89847B5F85921404904A80BF001
:10568000F7FFD4F89830412104A8984795F86F2186
:105690003B4904A80BF0ECFFD4F89830512104A842
:1056A0009847D5F87021374904A80BF0E1FFD4F8EA
:1056B0009830014604A89847D5F87421324904A8C7
:1056C0000BF0D6FFD4F89830014604A89847D5F8D7
:1056D00078212E4904A80BF0CBFFD4F8983001466E
:1056E00004A89847D5F87C21294904A80BF0C0FFED
:1056F000D4F89830014604A89847D5F88021254968
:1057000004A80BF0B5FFD4F89830014604A843E094
:10571000B75D0100075E0100708100021C5E0100A0
:105720002D5E0100405E0100546001004B5E0100EF
:105730007A5E0100AE5E0100DF5E0100135F0100D2
:10574000405F0100715F0100A55F0100EC5F010097
:1057500034600100576001008F600100C6600100E5
:10576000066101004561010082610100BE61010026
:10577000FE6101003D62010077620100B06201003C
:10578000EE6201003C6301008A630100D7630100FF
:1057900024640100706401009847D5F884216149B0
:1057A00004A80BF065FFD4F89830014604A8984788
:1057B000D5F888215C4904A80BF05AFFD4F898303A
:1057C000014604A89847D5F88C21584904A80BF045
:1057D0004FFFD4F89830014604A89847D5F80E2119
:1057E000534904A80BF044FFD4F89830014604A8AC
:1057F0009847D5F80A214F4904A80BF039FFD4F88F
:105800009830014604A898470A2395F9DF204A49B1
:1058100092FBF3F204A80BF02BFFD4F8983062212E
:1058200004A8984769460322D5F85F0104F00AFAF4
:105830004249024604A80BF01BFFD4F898300146F9
:1058400004A89847B5F968203D4904A80BF010FF5B
:10585000D4F89830372104A89847B5F96A20394917
:1058600004A80BF005FFD4F89830372104A8984716
:10587000B5F96C20344904A80BF0FAFED4F898303E
:10588000372104A8984795F8DB20304904A80BF08D
:10589000EFFED4F89830382104A8984795F8DC201A
:1058A0002B4904A80BF0E4FED4F89830432104A857
:1058B000984795F8DE20274904A80BF0D9FED4F8C4
:1058C0009830492104A8984795F80221224904A854
:1058D0000BF0CEFED4F898304E2104A8984795F8E6
:1058E00004211E4904A80BF0C3FED4F898304521CA
:1058F00004A8984795F80121194904A80BF0B8FEAF
:10590000D4F89830412104A898473246154904A894
:105910000BF0AEFED4F89830014604A8984724B0A6
:1059200070BD00BFC1640100116501008465010004
:10593000F66501004B6601009F660100FE660100EE
:105940003F67010073670100A7670100DB67010083
:10595000106801005068010096680100E1680100CC
:10596000236901006169010010B50446D0F8A00068
:10597000FCF7F3FA431C07D12046FEF75BFE2046F6
:10598000FFF752FD002010BD013818BF0120800034
:10599000F9E7FFFF10B5044694B0D0F8A000FCF77B
:1059A000DCFA431C1AD1104968460BF094FFD4F876
:1059B00098301521684698470C4968460BF08BFFD4
:1059C0004D21D4F8983068469847204600F0CAF830
:1059D0002046FFF729FD002014B010BD013818BF84
:1059E00001208000F8E700BF9E6901003D450100ED
:1059F00073B50C4605460E4E4FF0FF31306808F087
:105A000046FB21462846FBF715FF4FF0FF33009376
:105A1000012308481A461946006806F003FF0023D0
:105A200030681A46194608F005FA204602B070BDE3
:105A3000D47C0002DC7C00020146034805230122DD
:105A4000006807F0F1B800BFD87C00020A4B30B5FF
:105A5000D3E918451A6CC0E908458260B3F84C20B8
:105A600002855A6BC2605A6ADB6A42618361034BEA
:105A7000D3F85031436030BD688300024C8100028E
:105A800001290346017001D1FFF7E0BF0A4AD2E9BC
:105A90001A01C3E90801D16B9960B2F84E1019855B
:105AA000916BD960916A126B59619A61034AD2F87D
:105AB00054215A60704700BF688300024C81000285
:105AC000074B014693F8FF2012B9064806F098B834
:105AD00093F8003113B9034806F072B802487047D2
:105AE0004C8100029C7F00020000C07F0346012B16
:105AF000084601D1FFF7E4BF074B93F8FF2012B926
:105B0000064806F07DB893F8003113B9034806F053
:105B100057B80348704700BF4C810002047E000262
:105B20000000C07F13B500210A200B4B0B4A5B6AB3
:105B30000193019B0A4B59609369C2F868110133C4
:105B4000B3FBF0F4936100FB143353604FF0E05368
:105B500001225A7402B010BD0000084068830002A0
:105B600000C0011C30B5434B04461B78A7B0002B86
:105B70007CD0022B7CD0404A4049012B08BF0A460A
:105B80003F4906A80BF074FDD4F89830014606A8EA
:105B900098473C4906A80BF09EFE2C21D4F898307B
:105BA00006A8984704F0F0F8374D3849384B394A81
:105BB000002818BF2B46887C002818BF2A46C87CBE
:105BC00035490293002808BF2946344BCDE903210B
:105BD0000193334B334A3449009306A840F6F4133B
:105BE0000BF046FDD4F89830014606A898472F4A96
:105BF00001232F4906A80BF03BFDD4F898301E2155
:105C000006A898472B4A2C4906A80BF031FDD4F87A
:105C10009830014606A8984728480BF072FE0128E4
:105C200009D92749254A06A80BF022FDD4F8983057
:105C3000014606A89847234B93F8E720012A0AD18A
:105C400093F8E820204906A80BF012FDD4F898300C
:105C5000014606A898471D4906A80BF03CFE022104
:105C6000D4F8983006A8984727B030BD184A87E77F
:105C7000184A85E78887000235440100474401003F
:105C8000C36F0100097001005660010068830002C3
:105C9000B36F0100B86F0100BD6F01005B700100C0
:105CA000647001000E450100367001007070010043
:105CB00080700100708100021C5E01009081000272
:105CC0002D5E01004C8100029370010054600100C0
:105CD000314401002B4401002DE9F04F9C4BADF500
:105CE000017D9C490DF15C08009300229A4B0968E4
:105CF0004046FCF711F84046FFF734FF0A22974D63
:105D0000974E95F9DF3093FBF2F102FB11335BB252
:105D1000581E4342434188F8693000234FF48061A4
:105D2000306888F8683006F0D6FD95F86C31012BA4
:105D300037D14FF48071306806F0DAFDDFF824A225
:105D400040AC95F8E730012B37D100239B4695F8FE
:105D5000EA20DFF81492911E4A424A4109AF85F8C1
:105D600003213B800DF12300FFF766FE0028F9DDDB
:105D70009DF82310BBF1000F2FD17A787970502A4B
:105D80003A7012D14B2940F0E0803B88ADF80031E9
:105D900002238AF800300A2389F800304FF0010B03
:105DA000E0E7012388F86830C8E71B2A40F0CD807F
:105DB0001B2940F0CA8085F8E7B04046FBF72CFE6F
:105DC0000C2800F0238100F21581012800F01881D1
:105DD0000228B6D1FBF74CFDB2E79AF800C099F85B
:105DE00000200CF10100013AD2B2C0B2BBF1010FA8
:105DF00089F800208AF8000004F80C1033D1002A3A
:105E0000CCD10A21204606F011FA638980B2834280
:105E10000CD1637903F11002B2F5807F00F2928019
:105E2000043389F800304FF0020B9BE702210DF597
:105E3000817313F8012B502A10D11A784B2A0DD1F7
:105E40005FFA81FBCBF10C02D2B2204621448AF8E2
:105E500000200BF083FC89F800B09FE701310B298B
:105E6000E7D1237B70E0002ADDD194F90330002BC9
:105E700040F38A80A27895F8E8309A4240F0848016
:105E80002379002B40F08080617901F10C0B04EB49
:105E90000B0290780D2877D1D2780A2A74D1002984
:105EA00066D14FF6FF7334F80B209A426CD1E37839
:105EB000012B40F09A8095F8D1100DF1280B0229A2
:105EC000584640F08F80FFF7DBFDDBF80C30DBF845
:105ED00008200393DBF81430BBF828000493DBF8A8
:105EE00018300792059309F089FE20490690D1E900
:105EF000000144F6503121808121E1704FF4A0511E
:105F000095F8E8C0C4F80600A18020460A2184F86C
:105F100002C006F08BF9039B079A2361049B1421AE
:105F20006361059B6081A361069B43A8E361E26016
:105F300006F07CF940F60D2320842421204663845A
:105F4000FFF756FD4FF000037B704FF0000B09E7A1
:105F5000F1590000A88A0002395A00004C81000261
:105F6000DC7C00020179000200790002408100021D
:105F700034F80B2043A8039206F058F9039A8242A2
:105F800095D06279002A8CD095F8EA30022BD9D1CD
:105F900094F90330E278002BD4DBA3782BB1002AEC
:105FA000D0D195F8E8209A42CCD12379002BC9D1E1
:105FB000627902F10C03E11888780D28C2D1C97802
:105FC0000A29BFD1002ABDD1E25A4FF6FF739A4287
:105FD000B8D101234FF48071306885F8033106F0A1
:105FE00087FCAFE7FFF732FD6FE7FE2BAAD103F086
:105FF000C3FDA7E711287FF4A4AE4FF4006101E0D0
:106000004FF48071306806F073FC99E64FF48061BC
:10601000306806F060FC4021306806F069FC4FF003
:10602000FF33009301234FF480611A46306806F075
:10603000F9FB85E64FF080434FF0805230B585B0D4
:106040009A661A6A2149C2F30B120A829A6CC2F349
:106050000B12CA81DA6B9D6B5C6BC2F30B13ADF84C
:106060000630C5F30B13ADF80830002AC4F30B1348
:10607000ADF80A3004DA16480DF1060105F054FDBA
:10608000002D03DA134802A905F04EFD002C04DAB6
:1060900011480DF10A0105F047FD002303930F4B52
:1060A0004FF40051186803AA06F052FC00B9FEE74D
:1060B000039B4BB14FF0E0234FF08052C3F8042D07
:1060C000BFF34F8FBFF36F8F05B030BD6883000201
:1060D000347D00020E7D0002E87C0002DC7C0002C0
:1060E0007047FFFF00220F21014806F091B900BF61
:1060F00000800440F7B50122314B5A62314B324ADD
:106100001D68D2E900011C68D2E900671E60002DFD
:1061100053D04FF47A712D4B001B1A6801FB0022FB
:106120002B491A600A68012A47D12A4A92F8E040AE
:1061300092F8E700012C00D128B101283DD192F856
:10614000EA00012839D1D2F88E0092F80521012AFF
:106150001ED1214C627D012A11D11A68B2EB500F79
:106160000DD300230B60FFF7DDFC002301931B4BD5
:106170002021186801AA06F0EBFB90B9FEE71A6827
:1061800082421AD300220A60196821601A60EAE785
:106190001A68824211D300220A6018680E4908600A
:1061A000F4E7019B4BB14FF0E0234FF08052C3F86E
:1061B000042DBFF34F8FBFF36F8F03B0F0BD00BF4F
:1061C00000400A40D07C000240810002CC7C0002EA
:1061D000348100024C81000268830002DC7C0002F2
:1061E0003E4B37B5D3F8F41011F002013ED0022235
:1061F000C3F8F4203A4B3B4C1A6802F51C5210329B
:106200001A60394A1168012954D194F8E71094F8BA
:10621000E000084306D001294ED194F8EA1011F0AD
:10622000FD0F49D194F80501D4F88E10012838D11A
:106230002E48457D012D2BD11D68B5EB510F27D37D
:1062400000231360FFF76EFC4FF48151D4F85B011B
:1062500060B1274A136803F51C53103313601368A9
:1062600098429EBF002341F0020113601B4BD3F8FC
:10627000F420120744BF0822C3F8F42059B30023C6
:1062800001931C4B01AA186806F062FBB8B9FEE73F
:106290001D688D4210D3002111601A6802601960D8
:1062A000D0E71868884207D30021116018680F4AA8
:1062B0001060F4E70021C9E74FF48051C6E7019B65
:1062C0004BB14FF0E0234FF08052C3F8042DBFF3E1
:1062D0004F8FBFF36F8F03B030BD00BF0000021CB3
:1062E000C87C00024C8100023481000268830002F5
:1062F000E47C0002DC7C0002D0B54F4A88B0136811
:106300004E49013313604E4B1A684E4B521A18BF58
:106310000122DA744C4A1268521A18BF01221A7507
:10632000DA7C8AB10222494B9A629A6B9107FCD4BB
:10633000022247499A6768461A620BF0CCFA1A2182
:106340006846FBF777FAFEE71B7D8BB102223F4BD5
:106350009A629A6B9207FCD402223E499A67684679
:106360001A620BF0B8FA18216846FBF763FAFEE7E9
:10637000394C236801330A2B236016D13749D1E900
:106380000023561C43F10007C1E900674FF47A72FD
:10639000D1E90001002309F0ABFE1A43304A13682B
:1063A00008BF013313600023236041F288312D4A76
:1063B000136801338B42136029D14FF0E053197CED
:1063C000294B01F0FF0441B91868012800F10101CF
:1063D00004D14FF400711C6002E00021196000211B
:1063E0000023136042F21070204A13680133834285
:1063F00013600ED1002341F080011360002300934D
:106400001B4B6A46186806F0A3FA30B9FEE7002174
:10641000E8E771B14FF40071F0E7009B4BB14FF02A
:10642000E0234FF08052C3F8042DBFF34F8FBFF32A
:106430006F8F08B0D0BD00BF48810002DEADBEEF57
:10644000608E000268830002786700020040001C32
:10645000B5700100D0700100C47C000240810002D0
:1064600038810002C07C0002BC7C0002B87C0002C3
:10647000DC7C0002054BD3F8F820D20704D50122BA
:10648000C3F8F820FFF738BF704700BF00000A408C
:10649000F7B5764D95F8E030012B5DD095F80131D8
:1064A000012B0CBF4FF4FA660026714F714CD7F8E0
:1064B000F42012F0400251D040230122C7F8F430FA
:1064C0006D4B6E491A704FF0E05300225A746C4ABB
:1064D00003F58043D3F8E834D2F8E8206948521A2B
:1064E0001B0CC3EB52030360D5F80A31D5F80E112B
:1064F000627D012A08BF1946482206FB0222D7F80E
:106500001C31493B9B1A5B1A236203682367236F84
:10651000002B72D0584B1B78002B6ED0627D012A65
:1065200076D1B4F86A31132B67D8216A002964D078
:10653000002B64D003F13B01D5F87C2154F82150A5
:10654000206A2A4490424BD2226A9F3344F8212089
:10655000226F24F8132050E00026A6E7D7F8F43085
:106560009B06D4D520230192C7F8F430D5F80A3120
:10657000D5F80E01617DDFF800C1012908BF18467A
:106580009CF80030E3B1482106FB0111D7F81C311B
:10659000493B5B1A1B1A23629CF800300BB1394B44
:1065A0001A68002322674FF0E0528CF800305374D1
:1065B000354B0421186801AA06F0CAF910B9FEE7A4
:1065C0001346E8E7019B002BA1D04FF0E0234FF0EA
:1065D0008052C3F8042DBFF34F8FBFF36F8F96E740
:1065E000216A03F13C0244F82210216F03F1A0025A
:1065F000013324F81210A4F86A3103B0F0BD236A05
:10660000A4F86A21C4F8F030236FA4F84031F4E70D
:10661000B4F86831132BF0D8226A002AEDD0EBB120
:1066200003F11D01D5F8782154F82150206A2A443D
:10663000904205D2226A633344F82120226F88E712
:10664000216A03F11E0244F82210216F03F1640253
:1066500024F812100133A4F86831CEE7236AA36747
:10666000236FA4F8C8300123F5E700BF4C81000276
:1066700000C0011C68830002B47C00021F010002FC
:1066800000000002B07C0002DC7C000238B5164B32
:10669000D3F8F420520725D50422C3F8F420134B75
:1066A00093F8EB50012D1DD1114A93F8F030546A44
:1066B0000021C3F1040318220E48C4F30B141C413B
:1066C0000BF065F810220B480B4B44F48044011F7B
:1066D00040F8043C1C800D610848BDE838400A833E
:1066E00005F0A0BE38BD00BF0040021C4C81000276
:1066F00000000840987C0002907C0002008004406A
:1067000010B504460BF0FDF801462046BDE81040E8
:10671000FFF76EB92DE9F04F0026A3B08DF8136096
:10672000EFF311824FF0A00383F31188BFF36F8F53
:10673000BFF34F8FDFF8D082D8F80030D8F80030A0
:1067400043F00103C8F8003082F3118842F2107060
:1067500001F0C6F840F2FF73AC480DF11601ADF838
:10676000163005F0D7F9AA480DF1160105F0D2F957
:10677000A8480DF1160105F0CDF935464FF0FF336D
:10678000A54800930122002343F6E631006806F095
:1067900049F8074607F016FFAA22A04B9A60552237
:1067A0009A6007F01FFF3A0500D5FEE7BB0410D53D
:1067B00007F008FF954805F0C7F9994C20819448E7
:1067C00005F0C2F96081934805F0BEF9A08107F099
:1067D00009FFFC040DD566B101350A2D09D9022245
:1067E000904B4FF480615A608B4B0025186806F07F
:1067F0007FF8780740F186828B4D894C95F805210A
:10680000607D012A9DF8133004D1012804D10133A1
:10681000DBB201E0002AFAD08DF8133005F0A0FABF
:1068200094F815A095F86E31BAF1010FD4F82090C4
:1068300007BFD5F824B1206DD5F828B1606D2BB114
:106840007A4909F0D1FB002840F0DB80484609F086
:10685000D5F9D5F8AC1009F029FA4FF07C5109F0C0
:1068600025FA734909F0D6FA594609F017F9BAF131
:10687000010F129012A940F0F9806E4805F094F9CA
:1068800095F8FF30022B04D96B496A4805F0B8F936
:10689000129095F80031012B04D96849654805F03C
:1068A0008FF91290129BC4F844902364637D012BEE
:1068B000634BD3E9002340F0F3806249C4E9182315
:1068C000A1F10800002203F005FC00215E4803F05E
:1068D000F5FC5E4B94F815A0A3F10209BAF1010F83
:1068E00018BF9946236F002B40F0E580A9F80030CF
:1068F00051464D4803F07AFA514683464A4803F020
:10690000A1FA00218C460B461FFA8BF20290DFF8A9
:1069100010B14F480392029A9A4240F0F2804249E5
:1069200052464B4B12A803F031F812A803F072F84C
:10693000484B12A81A1FBAF1010F08BF1346029361
:1069400003F0BBF809F05AF9434909F063FABAF1C8
:10695000010F834641490CBFD5F82C01D5F8300111
:1069600009F09CF80146584609F05CFB20B95846EE
:106970002E4909F039FB08B14FF0000B029BC3F818
:1069800000B095F86E31012B40F0DE80264804F00F
:1069900039FC002800F0D280BAF1010F4FF00A0153
:1069A0004FF00502B9F8003040F027818DF814103F
:1069B0008DF815202A4806AA05A9ADF8183005F06B
:1069C0004BF9DFF8A090DFF8A0A0D9F80030ADF8BF
:1069D0004800092B03F1010200F0EF80C9F8002004
:1069E00040F6AA51BAF800305A1E92B28A4200F21A
:1069F000F080D9F80030002B40F0A68003F0E6FCD0
:106A0000A2E0002033E700BF34810002347D0002A1
:106A10000E7D0002E87C0002DC7C000200C0024027
:106A2000688300020000021C4C8100020AD7A33BCD
:106A30004054894C9C7F00024B8200024C82000231
:106A400040810002948300029C830002B68300020E
:106A500020010002BC83000200007A44CDCCCC3D72
:106A6000D87D0002FC780002F8780002884805F022
:106A70009BF895F8FF30022B04D98649844805F02D
:106A8000BFF8129095F80031012B04D98249804853
:106A900005F096F81290129BC4F84890E36305E75E
:106AA0007E49C4E91A23A1F10800002203F012FB79
:106AB00000217B480BE7236F7A4A32F813301B0919
:106AC000A9F80030002B3FF413AF0122216F754865
:106AD000114430F81110B3EB111F10D2216F114483
:106AE00030F81100B3EB101F4FEA101102D0013241
:106AF0000A2A02D1A9F80010FAE60B46E6E7194681
:106B0000F8E70288120920F8022BA9B9DDF80CE099
:106B1000734511DDDBF870E09E450DD8DBF870E0C1
:106B2000BEF1000F08D0B9F800E0964596BF4FF0CF
:106B3000010C6146A9F800200133ECE65A4804F044
:106B40004FFB00287FF428AF617D12A8FEF798FF65
:106B5000002E40F0C08095F8E730002B40F0BB805D
:106B6000514804F02FFB002800F05D814D4B617D02
:106B70004D48069303F098FA80B2ADF81C00ADF8CA
:106B80001E0012A906A804F055FB484B1B78012BE8
:106B900003D195F8040106F0A1FB95F80321012A21
:106BA00040F0998095F8E730012B40F08D8040212E
:106BB0003F4B186805F09CFE8DE000233D4812AA6B
:106BC0000DF11501C9F8003005F076F8AAF80000BB
:106BD00006E740F6D272934206D9D9F80030002B6E
:106BE000B2D103F009FCAFE7002BADD1D9F80030EA
:106BF000002BA9D103F0DAFBA6E78DF814108DF86D
:106C000015202D4806AA05A9ADF8183005F024F87E
:106C1000DFF8A890DFF8A8A0D9F80030ADF8480058
:106C2000092B03F1010210D0C9F8002040F6AA5147
:106C3000BAF800305A1E92B28A4212D8D9F80030FF
:106C4000002B81D103F088FB7EE700231D4812AAA8
:106C50000DF11501C9F8003005F02EF8AAF8000072
:106C6000E4E740F6D272934207D9D9F80030002BFE
:106C70007FF46AAF03F086FB66E7002B7FF464AF16
:106C8000D9F80030002B7FF45FAF03F055FB5BE7D2
:106C9000047E00024B8200024C82000298830002B4
:106CA000A0830002200100024C81000288870002BC
:106CB000DC7C0002AE7D0002847D0002F4780002DC
:106CC000F07800025A7D0002B9484FF0FF33B9490D
:106CD000006805F006FF95F80531012B05D1627DAE
:106CE000012A08BF0223B44A5375002E00F0B68172
:106CF0000222B24B4FF480615A60B14B186805F024
:106D0000F7FD0025B90752D5AE4C94F8E730002BBB
:106D10004AD1204604F064FA8146002800F0B3808E
:106D200094F800312BB194F8FF90B9FA89F94FEA41
:106D3000591994F80531012B40F08E80022112A8D8
:106D4000FEF79EFEB9F1000F05D002200DF11301F0
:106D5000FEF7CCFE149012A804F014FC012312A834
:106D60008DF84830FEF772FEB9F1000F04D00DF136
:106D70001300FEF7A5FE149012A804F003FC924B3A
:106D80001B78012B03D194F8040106F0A7FA94F8BC
:106D90000321012A08D194F8E730012B6BD1884BED
:106DA0004021186805F0A4FD00238DF81330FA0582
:106DB00023D50023834C854A0121204643F22C39F8
:106DC0008DF81330136003F06FF9484540F2A4804A
:106DD0007F4B12AA03F1380C14461868596808331F
:106DE00003C463452246F7D11B7812A823700AF02A
:106DF00088FD014612A8FEF7FBFDC7F380131E4372
:106E0000BB057FF5BBAC6E4B1868D8F80030002B83
:106E100040F0E4804FF4007105F06AFD0A2006F0AE
:106E20005DFA0126AAE4674804F0DAF970B1D5F8F2
:106E30005B31002B7FF44FAF95F80531012B03D167
:106E4000627D012A40F009810221B1E65D4804F02B
:106E5000D9F90028EBD13EE794F8D1A012A8514609
:106E6000FEF70EFEB9F1000F86D050460DF113016A
:106E7000FEF73CFE7FE74E484FF0FF334D49006878
:106E800005F02FFE90E7204604F0BCF9814600286B
:106E90008AD094F800312BB194F8FF90B9FA89F9AF
:106EA0004FEA5919022106A8FEF7EAFDB9F1000FD1
:106EB00005D002200DF11301FEF718FE0890012302
:106EC00012A88DF84830FEF7C1FDB9F1000F04D0CB
:106ED0000DF11300FEF7F4FD149094F805311BB981
:106EE00094F8D130012B0ED009AB0EAA94F8B4104F
:106EF00007290BD008297FF457AF1A68149908980E
:106F000004F07AFD50E715AB1AAAEFE71499089838
:106F10000CCA04F0FDFC47E70221204603F0C4F848
:106F200048453FF655AF0023129303F06DFD03F083
:106F300003FA03F03BFAFAF709FB264812A904F01A
:106F400027FE12A9244804F023FE94F805311A4EB6
:106F5000012B0CBF022394F8D1307375D4F8C5000F
:106F600002F0BCFD94F8E21094F8E000FAF7BCFAE5
:106F7000717D144802F080FFEFF311814FF0A00300
:106F800083F31188BFF36F8FBFF34F8FD8F80020C2
:106F9000D8F8003043F00103C8F8003081F31188BD
:106FA000012AE9D14FF40E62044B00265A6027E70C
:106FB000D87C0002E9700100688300020000021C16
:106FC000DC7C00024C81000288870002E47C000225
:106FD000FD7001009C7F0002047E00024FF480617E
:106FE00005F086FC2B48FFF78BFB07F0EBFA2A48ED
:106FF00000F0DEFC4FF48060274900F0A9FCFF217F
:10700000812005F051FA4FF0E0530122DA71234A52
:1070100002201368002443F0800313604FF04023E4
:1070200049F210121A6002F095FDAA2607F0DAFA6A
:1070300055271B4D07F0C6FAAE60AF6007F0D2FAD5
:10704000FA2006F04BF94FF0E05324B101225A74B4
:1070500084F00104EEE75C74FAE76375617D0E4825
:1070600002F00AFFEFF311814FF0A00383F31188C0
:10707000BFF36F8FBFF34F8FD8F80020D8F80030E0
:1070800043F00103C8F8003081F31188012AE9D1E7
:1070900037E600BFEB7001004C8100020020001CAD
:1070A00000C00240FEF7A4BC30B5184B85B09B6809
:1070B0000193174BD3F80834C3F309430293154BDC
:1070C0001A680299013A8A421ED9002203921A686C
:1070D000029C01991D681868013A2044801A1860C2
:1070E0000D48013103AB0068121B491B05F064FD1C
:1070F000039B4BB14FF0E0234FF08052C3F8042DB7
:10710000BFF34F8FBFF36F8F05B030BD000000029B
:107110000040001CAC8A0002D87C000273B50C4C05
:10712000034622687AB10B4A0B48926800F1BF010E
:107130000192019E2568891B491B0144074822686A
:10714000006805F039FD4023236002B070BD00BF28
:10715000AC8A00020000000270780002D87C0002B5
:1071600037B50025214B01959C6D14F001040CD01E
:10717000012201A89A65FFF7D1FF019C019504F156
:10718000FF3CDCF1000444EB0C04184A936D13F04F
:1071900002031CBF02239365916D18BF01234804AD
:1071A00044BF4FF480419165104A116C490444BFBB
:1071B0004FF480411164BBB10D4B0121186801AA45
:1071C00005F0C6FB00B9FEE7019B012B08BF44F0A8
:1071D00001044CB14FF0E0234FF08052C3F8042D6E
:1071E000BFF34F8FBFF36F8F03B030BD0040001C63
:1071F000DC7C0002022200B5084B89B09A629A6BCF
:107200009207FCD4022206499A6768461A620AF07D
:1072100062FB15216846FAF70DFBFEE70040001CF3
:1072200036710100F0B59B4A9B4B85B000241A6073
:1072300004F04EFFE022994D99490B1901342F2C8F
:1072400083F80023F9D1974805F0E2FA964B974965
:107250001860012006F060FE0024954B224618605D
:10726000944B0121CDE9014400934FF48070924B7F
:1072700005F009FC914B22460121CDE90144009320
:107280004FF480708E4B05F0FEFB8E4B4FF4C072B6
:1072900018608D4B8D4902938D4B8E4801930323CB
:1072A0000093234605F08CFD01278B4B8B4E186015
:1072B0008B4B4FF4C07202938A4B8B4901938B48DE
:1072C0002346009705F07CFDB474F474884C4FF4A9
:1072D000801005F053F9204605F0C0F9854B636036
:1072E00040F2FF336361236843F00B03236023689C
:1072F0003B432360AA23A3605523A3607E4CB7744D
:10730000F9F7BCFF21464FF4806000F03BFB236897
:10731000A3F1FF02B2F5407F40F29880204600F0D2
:107320008BFE21464FF4806000F012FB2A7894F81F
:107330000231134340F092806FF03F0284F8D7206F
:107340006FF0390284F8D8202D2284F8D920082241
:1073500084F8DA3084F8DB2084F8DC3001222978E4
:1073600011F0FD0308BF84F8E730644BC3F8D02068
:1073700094F8DB30092B00F08980073B18BF01230C
:107380009B0094F8DC20012A00F08280022A14BFBE
:1073900000223022134394F8DE20012A14BF1A463B
:1073A00043F4007221B1012914BF1A4643F440127C
:1073B000534D2B6823F07C0313432B60D4F8D70084
:1073C00004F0B0FD2B68012443F001032B606B68CF
:1073D00023F040036B60FAF7C7F8FAF7F7F8494B68
:1073E0009A6822F006029A609A6842F001029A6056
:1073F000454A1A600222454BC3F810441A629A6447
:10740000434AC3F810244FF40032254B1A604FF45E
:1074100080221A604FF400221A604FF000421A6076
:107420004FF480121A6010221A6080221A604FF006
:1074300000721A604FF400121A601C60FAF7C6F965
:10744000EC6005F0BFFDFAF713FAFCE7B3F5007F37
:107450003FF46CAF204600F0ABFA62E7D4F8D700F7
:10746000B0F5612F0DD962B16FF03D02002384F8B1
:10747000D820012284F8D73084F8D92084F8DA3073
:107480006CE704F071FD0028EED067E7082378E789
:1074900020227FE7DEADBEEF78670002888700021A
:1074A00000E100E0747C0002DC7C0002247C00022D
:1074B000D47C0002FC7A0002207B0002D479000216
:1074C000F8790002D87C00026C7900024C7101004E
:1074D0007C6D000215670000E07C000268830002FA
:1074E000047900027C67000257710100D95C00003A
:1074F00000C00240703839004C8100020040074053
:107500000000044000000A40201C00800040001CD5
:10751000010005002DE9F041804CDDE90876656841
:107520004FF0100C45F0041565606568DFF8F0E178
:1075300045F008156560812525607A4D3044C5F811
:1075400020C003254FF0010CC4F80053C4F80853C1
:10755000C4F81053C4F81853C4F82053C4F828537F
:10756000C4F830C3C4F8385345F2010CC4F8405392
:10757000C4F848530025C4F80453C4F80C53C4F8A5
:107580000CC34FF4805CC4F804C341F2020CC4F88D
:107590001453C4F81C53C4F82453C4F82C53C4F82F
:1075A0003453C4F83C53C4F84453C4F84C53C4F89F
:1075B00014C341F2030CC4F81CC341F2040CC4F818
:1075C00024C34DF2050CC4F82CC39EF86F810CF552
:1075D000762CDFF854E10CF2014CB8F1010F18BF22
:1075E000F446C4F834C341F2080CC4F83CC341F279
:1075F000090CC4F844C341F20A0C6564C4F84CC3D6
:1076000049254FF0480CC4F804510CFB06F59135A0
:10761000C4F82051F5180CFB05F50CFB00F0913572
:107620009130C4F80051C4F8080106983144304440
:107630000CFB00F59135C4F80C51079D0CFB01F1D2
:1076400028440CFB00F09130C4F8100101F19100C6
:10765000C4F814010B98324491300CFB0200402214
:10766000C4F818018020A1F58C31AF39E064C4F86A
:107670001C22C4F824110A9A4FF4007132440CFB06
:1076800002F29132C4F828210222C4F82005C4F87D
:107690002805C4F808254FF48072C4F84825202234
:1076A000C4F84C25C4F83815C4F83C2503B321238D
:1076B000C4F80005C4F804350422184BC3F8242587
:1076C0002022C3F82C25C6B1C3F80C25C7B908225F
:1076D000C3F810251022C3F8142520220F4B1A815D
:1076E0001A826022C3F8F02002225A60BDE8F081BD
:1076F000C4F80405C4F80035DEE7C3F80C65E5E717
:10770000012F0BBF08228022C3F81425C3F81425CB
:107710000CBF10220022C3F81025DEE700C0011CB8
:107720004C8100020040014006F41000404B30B58F
:107730005A68802442F004125A605A68102542F0B8
:1077400008125A604FF4C0721A604208013A92B2AD
:10775000A3F800214A080138013A013980B292B2F7
:1077600089B2A3F80401A3F80A21A3F80E11052198
:10777000304A222011660621516601222821C3F8D1
:1077800010250422C3F81405C3F82025C3F82415D6
:107790009C8220241C82DD825C8218815981082110
:1077A000D96502211966C3F8F0204FF6FF72C3F8BD
:1077B0000023C3F80823C3F81023C3F81823C3F821
:1077C0002023C3F82823C3F83023C3F8382300222A
:1077D000C3F80423C3F80C23C3F81423C3F81C23F1
:1077E000C3F82423C3F82C23C3F83423C3F83C2361
:1077F0004FF48052C3F8042341F20102C3F80C2372
:1078000041F21202C3F8142341F21302C3F81C23FD
:107810004FF41052C3F824234FF42052C3F82C2302
:107820004FF41152C3F83C23034A5A6030BD00BFE5
:107830000040021C00400140E208E208254B0821FC
:10784000B3FBF0F0244B5A6842F004125A605A68B5
:1078500042F008125A604FF4C0721A604208013AAE
:1078600092B2A3F8042101381C4A80B2A3F808019F
:1078700051600222C3F830251422C3F834259982BE
:10788000102119821A814FF6FF72C3F80823C3F83A
:107890001023C3F81823C3F820230022C3F80C23B5
:1078A000C3F81423C3F81C23C3F8242341F20102B4
:1078B000C3F80C2341F20202C3F814234FF411520F
:1078C000C3F81C2343F24202C3F824234FF00212F0
:1078D0005A60704700A24A040080011C0040014029
:1078E000184B02215A68013842F004125A605A6853
:1078F00042F008125A6081221A6040F2E732C3F85F
:107900000401C3F808219960D3F8F0204FF6FF7006
:107910000A43C3F8F0200022C3F80803C3F80C237D
:10792000C3F81003C3F8142341F20102C3F80C2377
:1079300041F20202C3F814230422C3F81825C3F845
:107940001C1570470000021C4FF480607047FFFF59
:1079500038B50C464FF400720949054604F0AAFEFA
:107960004FF400722146064809F0E8FE38B121467E
:107970002846BDE838404FF4007204F07FBE38BDA1
:10798000200100024FF4007204F094BE08B54FF4D9
:107990000072FF21054809F0FAFEBDE808404FF4E7
:1079A00000624FF48060014904F068BE20010002CB
:1079B000F8B50223002590F8587143707B1E0446E9
:1079C00005708570C57080F86D5180F86E5180F833
:1079D0006F51052B00F2B082DFE813F0060074004F
:1079E000DE005A01350206006FF0790380F8853019
:1079F00080F8133180F81731402380F88E3042230D
:107A00006FF05F02012680F88F300F2380F884200A
:107A100080F8122180F8162180F8903080F8875085
:107A200080F8155180F8195180F8915080F8035171
:107A300080F8866080F8146180F818618A4804F044
:107A4000A3FAC4F88800D4F8120104F09DFAC4F82F
:107A50001A01D4F8160104F097FA322384F88C3016
:107A600084F83631814B2C22C4F8BD30804B84F829
:107A70008D50C4F8C130C4F8B9307E4B84F837510A
:107A8000C4F8B530C4F84031C4F84431C823C4F850
:107A9000C550C4F89B50C4F89F50C4F8A3504FF091
:107AA0007F511D464FF07C5C0227C4F81E017248CE
:107AB00084F8342184F8356184F8A76001224FF4FA
:107AC000E13651E16FF0790380F8853080F81331A9
:107AD00080F81731402380F88E3042236FF05F0228
:107AE000012680F88F300F2380F8842080F812213F
:107AF00080F8162180F8903080F8875080F8155172
:107B000080F8195180F8915080F8035180F8866010
:107B100080F8146180F81861534804F035FAC4F80D
:107B20008800D4F8120104F02FFAC4F81A01D4F82E
:107B3000160104F029FA322384F88C3084F83631A7
:107B40004E4B6FF03702C4F8BD30494BC4F81E01EC
:107B5000C4F8C130C4F8B930464B84F88D50C4F82D
:107B6000B530C4F84031C4F84431C82384F83551E5
:107B700084F83751C4F8C550C4F89B50C4F89F50DE
:107B8000C4F8A3504FF07C5C1D463B483C4984F848
:107B9000342184F8A76091E7272380F8853080F8A6
:107BA000133180F817314023102280F88E300F26D1
:107BB000422380F8842080F8122180F8162180F872
:107BC0008F3080F8865080F8875080F8145180F804
:107BD000155180F8185180F8195180F8915080F8AB
:107BE000035180F8906042F2107004F0CDF9C4F8AF
:107BF0008800D4F8120104F0C7F9C4F81A01D4F8C7
:107C0000160104F0C1F90A2384F88C3084F8363167
:107C10001C4B1D49C4F8BD301C4B0122C4F8C130B7
:107C2000C4F8B930134B84F88D50C4F8B530C4F89B
:107C30004031C4F84431002384F8355184F8375179
:107C4000C4F8C550C4F89B50C4F89F50C4F8A35062
:107C50008C461D46C4F81E01074884F8346184F838
:107C6000A72002272BE700BFA0860100A69BC43BEC
:107C7000CDCC4C3D000070410080BB445839343CB1
:107C8000CDCC4C3F8FC2753ECDCCCC3D7B14AE3EAF
:107C9000272380F8853080F8133180F8173140238E
:107CA00080F88E304223102280F88F300F2380F826
:107CB000842080F8122180F8162180F8903080F816
:107CC000865080F8875080F8145180F8155180F85C
:107CD000185180F8195180F8915080F8035142F200
:107CE000107004F051F9C4F88800D4F8120104F0BF
:107CF0004BF9C4F81A01D4F8160104F045F96423CD
:107D000084F88C3084F83631C04B6FF00B02C4F825
:107D1000BD30BF4B84F83421C4F8C130C4F8B93049
:107D2000BC4B0122C4F8B530C4F84031C4F844312A
:107D3000002384F88D5084F83751C4F8C550C4F836
:107D40009B50C4F89F50C4F8A3504FF07E511D467D
:107D50004FF07C5C0227C4F81E01AF4884F835213F
:107D600084F8A7204FF4164684F80021032284F8F3
:107D7000B42084F863214FF07E52C4F8A820022278
:107D800084F8D1206422C4F84831C4F8AC00002340
:107D90000A20C4F82C11012184F8E3209F4AC4F87A
:107DA0004C51C4F897C0C4F830C184F8960084F8E8
:107DB000220184F82301C4F8B030C4F82431C4F897
:107DC000283184F8FF7084F8923084F8933084F876
:107DD000943084F89530C4F8D76084F8E03084F8A3
:107DE000E11084F8E21084F8E43084F8E50084F8C7
:107DF000E63084F8E73084F8E81084F8E930C4F815
:107E0000EC20042284F8F02094F8F12084F8EA3081
:107E100022F07F0242F03D0284F8EB3084F8FD103E
:107E200084F8FE3084F8053184F8F120C4F8F53088
:107E3000C4F8F93084F85B3184F85C3184F85D3142
:107E400084F85E31F8BD4E2380F8853080F8133118
:107E500080F817316FF03F0380F88E306FF03903F0
:107E6000202280F88F302D2380F8842080F8122182
:107E700080F8162180F8903080F8865080F887507E
:107E800080F8145180F8155180F8185180F8195174
:107E900080F8915080F8035144F6206004F074F8A3
:107EA000C4F88800D4F8120104F06EF8C4F81A017E
:107EB000D4F8160104F068F86FF00B0384F834313D
:107EC000012384F8353184F8A730504B0A22C4F8D6
:107ED000BD30534B0327C4F8B530C4F844313023C8
:107EE00084F8D23075234B4984F88C2084F83621ED
:107EF0004C4AC4F81E01944684F88D5084F83751DA
:107F0000C4F8C550C4F89B50C4F89F50C4F8A3509F
:107F1000C4F8C120C4F8B920C4F8401184F8D330A3
:107F200084F8D45084F8D550002347F230554FF0F0
:107F30007E513A463C4815E76FF03C0380F88530A7
:107F400080F8133180F81731402380F88E304223B7
:107F5000502280F88F300F2380F8842080F812217F
:107F600080F8162180F8903080F8865080F887508D
:107F700080F8145180F8155180F8185180F8195183
:107F800080F8915080F803514CF2503003F0FCFF20
:107F9000C4F88800D4F8120103F0F6FFC4F81A01FF
:107FA000D4F8160103F0F0FF1423322284F88C3049
:107FB00084F836311D4B84F83421C4F8BD301C4B95
:107FC0000122C4F8C130C4F8B930124BC4F81E0104
:107FD000C4F8B530C4F84031C4F84431002384F803
:107FE0008D5084F8355184F83751C4F8C550C4F821
:107FF0009B50C4F89F50C4F8A3504FF07C511D46CD
:108000000548DFF830C084F8A7202AE65839343C08
:10801000CDCC4C3D000070410080BB44CDCCCC3D6C
:10802000000020429A99193E0080D4448FC2753DC9
:10803000295C0F3E9A99993E0023022270B4037086
:108040008370C37090F9DF3042703BB10A2293FB1A
:10805000F2F303EB83035B0080F8DF30032280F848
:10806000CB2080F8522180F87E206FF05F0280F8EC
:1080700080206FF0790280F881206FF03702182499
:1080800080F80621642240250D2180F8CD406FF054
:108090002F066FF02D0480F808215B4A0023426709
:1080A0005A4A80F8C95080F8CA1080F8CE4080F84B
:1080B0005051062480F8511180F8546180F87C50AA
:1080C00080F87D102825012182676FF022060A22A0
:1080D00080F8CF4080F8556180F8564180F88210D2
:1080E00080F86E5080F8583180F8CC3080F8D0306D
:1080F00080F8533180F8573180F87F3080F8833032
:1081000080F8073180F8093180F86F2080F80E512F
:108110003F4D2626C0F85F51082580F8DB503225F8
:1081200080F85A413B4C80F80A61C0F864413A4CEF
:1081300080F8DD1080F8021180F80451C0F8684121
:1081400080F86C11102407266FF010050E2180F8BE
:108150000B6180F8595180F8784180F8703080F8D0
:10816000713080F80C3180F80D3180F80F2180F8E3
:10817000103180F8113180F8DC3080F8DE3080F882
:10818000013180F8702180F8713180F8723180F807
:10819000733180F8742180F8753180F8763180F879
:1081A000773180F8791180F87C4180F87A3180F855
:1081B0007B3180F87D1180F87E3180F87F3180F846
:1081C000803180F8813180F8823180F8833180F805
:1081D000843180F8853180F8863180F8873180F8E5
:1081E000882180F8893180F88A3180F88B3180F8D5
:1081F0008C2180F88D3180F88E3180F88F3170BC01
:108200000648FFF7D5BB00BF0000E0410000D041A9
:10821000CDCC4C3E00907845CDCC0C404C8100023A
:10822000FFF70ABF0023022230B403708370C370CB
:1082300090F9DF3042703BB10A2293FBF2F303EB7B
:1082400083035B0080F8DF300C2180F8C9107B21AC
:1082500080F8CA10742180F8CD106FF04E0180F8BC
:10826000CE10022180F8CF10302180F850117521F6
:1082700080F8511103210D2480F8561180F87E10EA
:1082800080F8821080F807116FF0370180F85541AF
:1082900080F87D4080F881406FF0170480F8081165
:1082A00054490023416754490122402580F8064182
:1082B00081676FF00304082180F8582180F8545139
:1082C00080F87C5080F8805080F86E4080F8CB3089
:1082D00080F8CC3080F8D03080F8523180F85331BB
:1082E00080F8573180F87F3080F8833080F809318A
:1082F00080F86F1080F80F1180F8DB10322180F8C1
:1083000004116FF0100180F85911062180F8DD206A
:1083100080F8022180F86C216FF01F05142280F88C
:108320005A11364980F80A51C0F86411344980F86E
:108330007021C0F8681180F874212E251C2220219C
:1083400080F80E412F4C80F80B51C0F85F4180F847
:10835000703080F8713080F80C3180F80D3180F881
:10836000103180F8113180F8DC3080F8DE3080F890
:10837000013180F8713180F8723180F8733180F802
:10838000753180F8763180F8773180F8781180F88F
:10839000792180F87D210A2230BC80F87A3180F87A
:1083A0007B3180F87C1180F87E3180F87F3180F855
:1083B000803180F8813180F8823180F8833180F813
:1083C000843180F8853180F8863180F8873180F8F3
:1083D000882180F8893180F88A3180F88B3180F8E3
:1083E0008C2180F88D3180F88E3180F88F310648ED
:1083F000FFF7DEBA0000F0410000A0410090784590
:10840000CDCC0C40CDCC4C3E4C810002002302224E
:1084100030B403708370C37090F9DF3042703BB1A9
:108420000A2293FBF2F303EB83035B0080F8DF3057
:10843000242280F8C920772280F8CA206FF0070232
:10844000302180F8CD20182280F85011752180F855
:10845000CE20032280F851110D2180F8CF2080F822
:10846000562180F87E2080F8822080F807216FF066
:10847000370280F8551180F87D1080F881106FF078
:10848000170180F80821534A00234267524A4024CA
:10849000062580F8061182676FF00F01052280F82B
:1084A000585180F8544180F87C4080F8804080F832
:1084B0006E1080F8CB3080F8CC3080F8D03080F867
:1084C000523180F8533180F8573180F87F3080F88E
:1084D000833080F8093180F86F2080F80F2108225E
:1084E00080F80E11322180F8DB20012280F804117F
:1084F0006FF0100180F8DD2080F8022180F86C21F7
:108500001024142280F85911344980F80A41C0F827
:108510006411334980F87021C0F8681180F8742123
:1085200027241C22202180F80B4180F85A5180F822
:10853000792180F8703080F8713080F80C3180F843
:108540000D3180F8103180F8113180F8DC3080F87E
:10855000DE3080F8013180F8713180F8723180F8B6
:10856000733180F8753180F8763180F8773180F892
:10857000781180F87A3180F87D210A2230BC80F8A9
:108580007B3180F87C1180F87E3180F87F3180F873
:10859000803180F8813180F8823180F8833180F831
:1085A000843180F8853180F8863180F8873180F811
:1085B000882180F8893180F88A3180F88B3180F801
:1085C0008C2180F88D3180F88E3180F88F3105480C
:1085D000FFF7EEB90000F0410000A041009078459F
:1085E000CDCC0C404C8100020023022210B4037059
:1085F0008370C37090F9DF3042703BB10A2293FB65
:10860000F2F303EB83035B0080F8DF304C2102229E
:1086100080F8C9106FF04C0180F8582180F8CF2005
:10862000502280F8CA10742180F850216FF03C026B
:1086300080F8CD106FF04E0180F85121032280F8B0
:10864000CE100D2180F8562180F87E2080F88220FF
:1086500080F807216FF0370280F8551180F87D10FF
:1086600080F881106FF0170180F80821524A00232A
:108670004267524A402480F80611826706216FF053
:108680000B0280F8544180F87C4080F8804080F8EC
:108690006E2080F8CB3080F8CC3080F8D03080F875
:1086A000523180F8533180F8573180F87F3080F8AC
:1086B000833080F8093180F86F1080F80A2180F843
:1086C0000E213F4A1A24C0F85F21082280F8DB20DF
:1086D000012280F80B4180F8DD2080F8022180F82B
:1086E0006C213224142280F80F1180F85A11354978
:1086F00080F80441C0F86411334980F87021C0F853
:10870000681180F874216FF010041C22202180F879
:10871000594180F8703080F8713080F80C3180F861
:108720000D3180F8103180F8113180F8DC3080F89C
:10873000DE3080F8013180F8713180F8723180F8D4
:10874000733180F8753180F8763180F8773180F8B0
:10875000781180F8792180F87D210A2280F87A3119
:1087600080F87B3180F87C1180F87E3180F87F3191
:1087700080F8803180F8813180F8823180F883314F
:1087800080F8843180F8853180F8863180F887312F
:1087900080F8882180F8893180F88A3180F88B311F
:1087A00080F88C2180F88D3180F88E3180F88F31FF
:1087B00010BC0648FFF7FCB80000F0410000C041C3
:1087C000CDCC4C3E00907845CDCC0C404C81000285
:1087D0000023022230B403708370C37090F9DF303D
:1087E00042703BB10A2293FBF2F303EB83035B007D
:1087F00080F8DF304C2280F8C9206FF04C0280F8FE
:10880000CA20742280F8CD206FF04E0280F8CE206E
:10881000022280F8CF20502280F850216FF03C02D5
:108820000D2480F85121032280F8554180F87D40C5
:1088300080F881406FF0170480F8562180F87E2080
:1088400080F8822080F8072104236FF00B0280F863
:108850000641544C40214467534C542580F858310C
:1088600080F808210023012284670B2480F854112A
:1088700080F87C1080F8801080F8092180F86E5014
:1088800080F8CB3080F8CC3080F8D03080F852318E
:1088900080F8533180F8573180F87F3080F883308A
:1088A00080F86F4080F80A111F2180F80B113F49B2
:1088B00080F8DD20C0F85F11082180F8DB1032213C
:1088C00080F804116FF0100180F85911062180F82A
:1088D000022180F86C21142280F85A11344980F862
:1088E0007021C0F86411334980F87421C0F8681110
:1088F0001C22202180F80E5180F80F4180F8703042
:1089000080F8713080F80C3180F80D3180F810312A
:1089100080F8113180F8DC3080F8DE3080F80131E9
:1089200080F8713180F8723180F8733180F87531D8
:1089300080F8763180F8773180F8781180F87921E5
:1089400080F87D210A2230BC80F87A3180F87B31B2
:1089500080F87C1180F87E3180F87F3180F880319A
:1089600080F8813180F8823180F8833180F8843159
:1089700080F8853180F8863180F8873180F8882149
:1089800080F8893180F88A3180F88B3180F88C2129
:1089900080F88D3180F88E3180F88F310648FFF7EE
:1089A00007B800BF0000F0410000C041CDCC4C3EF4
:1089B00000907845CDCC0C404C810002002302226F
:1089C00030B403708370C37090F9DF3042703BB1F4
:1089D0000A2293FBF2F303EB83035B0080F8DF30A2
:1089E0004C2280F8C9206FF04C0280F8CA20742213
:1089F00080F8CD206FF04E0280F8CE20022280F861
:108A0000CF20502280F850216FF03C020D2480F8D6
:108A10005121032280F8554180F87D4080F8814043
:108A20006FF0170480F8562180F87E2080F88220AD
:108A300080F8072105236FF00B0280F80641524CA5
:108A400040214467514C542580F8583180F8082162
:108A50000023012284670B2480F8541180F87C10D5
:108A600080F8801080F8092180F86E5080F8CB30B3
:108A700080F8CC3080F8D03080F8523180F8533113
:108A800080F8573180F87F3080F8833080F86F406D
:108A900080F80A111F2180F80B113D4980F8DD2074
:108AA000C0F85F11082180F8DB10322180F8022124
:108AB00080F86C21142280F80411364980F8702166
:108AC000C0F86411344980F87421C0F868111C2280
:108AD000202180F80E5180F80F4180F8703080F826
:108AE000713080F80C3180F80D3180F8103180F849
:108AF000113180F8DC3080F8DE3080F8013180F808
:108B0000593180F85A3180F8713180F8723180F82B
:108B1000733180F8753180F8763180F8773180F8DC
:108B2000781180F8792180F87D210A2230BC80F804
:108B30007A3180F87B3180F87C1180F87E3180F8C2
:108B40007F3180F8803180F8813180F8823180F87F
:108B5000833180F8843180F8853180F8863180F85F
:108B6000873180F8882180F8893180F88A3180F84F
:108B70008B3180F88C2180F88D3180F88E3180F82F
:108B80008F310648FEF714BF0000F0410000C041DD
:108B9000CDCC4C3E00907845CDCC0C404C810002B1
:108BA0000023022230B403708370C37090F9DF3069
:108BB00042703BB10A2293FBF2F303EB83035B00A9
:108BC00080F8DF306FF06F0280F8C920232280F830
:108BD000CA20502280F8CD2080F87C206FF03C0223
:108BE0000B2480F87D20302280F8CB4080F8524161
:108BF0006921402480F88020752280F8CE1080F80A
:108C000054410F2103236FF04F05422480F8812047
:108C1000574A80F858314267564A002380F8CF10EF
:108C200080F8505180F8554180F856115E24322169
:108C300082677125012280F8515180F8061180F871
:108C4000081180F86E4080F8CC3080F8D03080F881
:108C5000533180F8573180F87E3080F87F3080F8CB
:108C6000823080F8833080F8073180F8093180F84D
:108C70006F2080F804116FF0100180F8591106215F
:108C800080F80E413C4C80F85A11C0F85F4108242E
:108C90003A4980F80B21C0F86411394980F80F2156
:108CA00080F8DB4080F8DD20102480F80221C0F835
:108CB000681180F86C216FF065050A220E2180F89A
:108CC0000A5180F8784180F8703080F8713080F86F
:108CD0000C3180F80D3180F8103180F8113180F8B6
:108CE000DC3080F8DE3080F8013180F8702180F8C7
:108CF000713180F8723180F8733180F8742180F816
:108D0000753180F8763180F8773180F8791180F804
:108D10007C4180F87A3180F87B3180F87D1180F8D1
:108D20007E3180F87F3180F8803180F8813180F8A1
:108D3000823180F8833180F8843180F8853180F881
:108D4000863180F8873180F8882180F8893180F871
:108D50008A3180F88B3180F88C2180F88D3180F851
:108D60008E3180F88F3130BC0648FEF721BE00BF3F
:108D70000000F0410000D841CDCC4C3E0090784539
:108D8000CDCC0C404C81000238B5014604464FF46E
:108D90008060FEF7F7FD0123002594F85821D4F8F0
:108DA000800084F86D3184F86F31E36F013A84F804
:108DB0006E51C4F88400C4F81231C4F8160184F866
:108DC0008E5084F88F5084F8905084F8915084F835
:108DD0000351052A00F27681DFE812F00600460012
:108DE0008200EE002C01060003F0CEF8C4F88800E3
:108DF000D4F8120103F0C8F8C4F81A01D4F8160127
:108E000003F0C2F86FF05F02322384F83421C822E5
:108E100084F88C3084F836310123C4F81E014FF0F9
:108E20007F51104684F8A730C54B84F88D50C4F8A4
:108E3000BD30C44B84F83551C4F8C130C4F8B930E2
:108E4000C14B84F83751C4F8C550C4F89B50C4F8DE
:108E50009F50C4F8A350C4F8B530C4F84031C4F8EA
:108E600044314FF07C5376E003F08EF8C4F888006C
:108E7000D4F8120103F088F8C4F81A01D4F81601E6
:108E800003F082F83223642284F88C3084F836317F
:108E9000012384F83421C82284F8A730AB4BC4F8EE
:108EA0001E01C4F8BD30A74B1046C4F8C130C4F849
:108EB000B930A54BA64984F88D5084F8355184F813
:108EC0003751C4F8C550C4F89B50C4F89F50C4F83B
:108ED000A350C4F8B530C4F84031C4F84431C0E7F9
:108EE00003F052F8C4F88800D4F8120103F04CF8EB
:108EF000C4F81A01D4F8160103F046F80A2384F8DE
:108F00008C3084F8343184F836310123002284F81F
:108F1000A730904B9049C4F8BD30904BC4F81E0167
:108F2000C4F8C130C4F8B930874B1046C4F8B53026
:108F3000C4F84031C4F844310B4684F88D5084F8AD
:108F4000355184F83751C4F8C550C4F89B50C4F863
:108F50009F50C4F8A350C4F848210122C4F89730A8
:108F6000C4F83031142384F8002184F8FD20202235
:108F700084F8963084F8223184F82331052384F86C
:108F80005B216FF05E0284F8FF300023C4F82C11DF
:108F900084F85C214FF07E51072284F8FE3084F87B
:108FA0000531C4F84C01C4F8F530C4F8A81084F8B1
:108FB0005D2184F85E3138BD02F0E6FFC4F8880018
:108FC000D4F8120102F0E0FFC4F81A01D4F8160137
:108FD00002F0DAFF32236FF0050284F88C3084F857
:108FE0003631012384F83421002284F8A730574B0E
:108FF000C4F81E01C4F8BD30524B1046C4F8C1304D
:10900000C4F8B930504B4FF07E5184F88D5084F83D
:10901000355184F83751C4F8C550C4F89B50C4F892
:109020009F50C4F8A350C4F8B530C4F84031C4F818
:10903000443116E702F0A8FFC4F88800D4F8120102
:1090400002F0A2FFC4F81A01D4F8160102F09CFF46
:1090500064221E2384F834213B4A84F88C30C4F8FF
:10906000B520C4F84021C4F84421302284F83631B8
:10907000012384F8D220752284F8A730334BC4F83A
:109080001E01C4F8BD30364B84F8D32047F230506F
:1090900000224FF07E5184F88D5084F8355184F8C9
:1090A0003751C4F8C550C4F89B50C4F89F50C4F859
:1090B000A350C4F8C130C4F8B93084F8D45084F84F
:1090C000D55048E702F060FFC4F88800D4F81201D8
:1090D00002F05AFFC4F81A01D4F8160102F054FF46
:1090E0001923322284F88C3084F83631012384F835
:1090F0003421002284F8A7301A4BC4F81E01C4F8AA
:10910000BD30194B1046C4F8C130C4F8B9300E4B0D
:109110004FF07C51C4F8B530C4F84031C4F8443144
:1091200084F88D50114B84F8355184F83751C4F8C8
:10913000C550C4F89B50C4F89F50C4F8A3500AE728
:10914000A69BC43BCDCC4C3D0000A0415839343CDB
:10915000CDCC4C3F8FC2753ECDCCCC3D7B14AE3ECA
:109160009A99193E8FC2753D295C0F3E9A99993E96
:1091700038B5014604464FF48060FEF703FC022335
:1091800084F86D310123002594F85821D4F880002B
:1091900084F86F31E36F013A84F86E51C4F88400AB
:1091A000C4F81231C4F8160184F88E5084F88F5038
:1091B00084F8905084F8915084F80351052A00F205
:1091C0008081DFE812F0060047008600F3003301DB
:1091D000060002F0D9FEC4F88800D4F8120102F0AB
:1091E000D3FEC4F81A01D4F8160102F0CDFE6422B1
:1091F000402384F88C2084F83621D14A84F8343115
:10920000C4F89B20C4F8A320C8220123CD49C4F888
:109210001E01C4F89F1010464FF07F5184F835317D
:1092200084F8A730C84B84F88D50C4F8BD30C74BC4
:1092300084F83751C4F8C130C4F8B930C44BC4F80D
:10924000C550C4F8B530C4F84031C4F844314FF0CB
:109250007C537AE002F098FEC4F88800D4F812013A
:1092600002F092FEC4F81A01D4F8160102F08CFE46
:1092700064236FF0370284F88C3084F83631B04BB9
:1092800084F83421C4F89B30C4F8A3300123AD4ADC
:1092900084F8A730C4F89F20C822AE4BC4F81E0142
:1092A000C4F8BD30A94B1046C4F8C130C4F8B93079
:1092B000A74BA94984F88D5084F8355184F837516B
:1092C000C4F8C550C4F8B530C4F84031C4F84431CE
:1092D000BDE702F059FEC4F88800D4F8120102F08C
:1092E00053FEC4F81A01D4F8160102F04DFE1423FF
:1092F00084F88C3084F8343184F83631904B002275
:10930000C4F89B30C4F89F30C4F8A330012384F81C
:10931000A730924B9249C4F8BD30924BC4F81E015D
:10932000C4F8C130C4F8B930894B1046C4F8B53020
:10933000C4F84031C4F844310B4684F88D5084F8A9
:10934000355184F83751C4F8C550C4F8482101227A
:10935000C4F89730C4F83031142384F8002184F81D
:10936000FD20202284F8963084F8223184F82331BD
:10937000052384F85B216FF05E0284F8FF30002340
:10938000C4F82C1184F85C214FF07E51072284F838
:10939000FE3084F80531C4F84C01C4F8F530C4F847
:1093A000A81084F85D2184F85E3138BD02F0ECFD30
:1093B000C4F88800D4F8120102F0E6FDC4F81A01DE
:1093C000D4F8160102F0E0FD6FF00B03642284F87C
:1093D0003431012384F88C2084F83621584A84F8EB
:1093E0003531C4F89B20C4F8A320002284F8A730AC
:1093F000584B5449C4F8BD30544BC4F81E01C4F84E
:10940000C130C4F8B930524BC4F89F1010464FF029
:109410007E5184F88D5084F83751C4F8C550C4F893
:10942000B530C4F84031C4F8443110E702F0ACFD67
:10943000C4F88800D4F8120102F0A6FDC4F81A019D
:10944000D4F8160102F0A0FD6FF037023C2384F837
:1094500034213C4A84F88C30C4F89F203C4A84F87C
:109460003631C4F8B520C4F84021C4F84421302274
:10947000334B84F8D220C4F89B30C4F8A3300123C6
:10948000752284F8A730334BC4F81E01C4F8BD30F0
:10949000354B84F8D32047F2305000224FF07E51F4
:1094A00084F88D5084F8355184F83751C4F8C5508C
:1094B000C4F8C130C4F8B93084F8D45084F8D55019
:1094C00043E702F061FDC4F88800D4F8120102F00D
:1094D0005BFDC4F81A01D4F8160102F055FD3223E1
:1094E000642284F88C3084F83631154B84F83421AA
:1094F000C4F89B30C4F89F30C4F8A3300123002285
:1095000084F8A730194BC4F81E01C4F8BD30184BBD
:109510001046C4F8C130C4F8B9300D4B4FF07C513F
:10952000C4F8B530C4F84031C4F8443184F88D50E3
:10953000104B84F8355184F83751C4F8C55004E70E
:109540000000404100004040A69BC43BCDCC4C3DB8
:109550000000A0415839343CCDCC4C3F8FC2753E01
:10956000CDCCCC3D7B14AE3E9A99193E8FC2753D51
:10957000295C0F3E9A99993E38B5014604464FF44E
:109580008060FEF7FFF9032384F86D310123002585
:1095900094F85821D4F8800084F86F31E36F013AD1
:1095A00084F86E51C4F88400C4F81231C4F816016E
:1095B00084F88E5084F88F5084F8905084F891503D
:1095C00084F80351052A00F28381DFE812F00600D7
:1095D00049008800F5003701060002F0D5FCC4F808
:1095E0008800D4F8120102F0CFFCC4F81A01D4F8B4
:1095F000160102F0C9FC6FF069026FF01F0384F8D6
:109600008C2084F83621D24A84F83431C4F89B2067
:10961000C4F8A320C8220123CE49C4F81E01C4F80F
:109620009F1010464FF07F5184F8353184F8A730F1
:10963000C94B84F88D50C4F8BD30C84B84F83751FD
:10964000C4F8C130C4F8B930C54BC4F8C550C4F82B
:10965000B530C4F84031C4F844314FF07C537AE05F
:1096600002F092FCC4F88800D4F8120102F08CFCDD
:10967000C4F81A01D4F8160102F086FC2C236FF00E
:10968000690284F83431012384F88C2084F836216F
:10969000AF4A84F83531C4F89B20C4F8A320C8220F
:1096A00084F8A730AF4BAB49C4F8BD30AB4BC4F81E
:1096B0001E01C4F8C130C4F8B930A94BC4F89F10DA
:1096C0001046A94984F88D5084F83751C4F8C55024
:1096D000C4F8B530C4F84031C4F84431BDE702F0F5
:1096E00053FCC4F88800D4F8120102F04DFCC4F811
:1096F0001A01D4F8160102F047FC1E2384F88C30BE
:1097000084F8343184F83631984B0022C4F89B3009
:10971000C4F89F30C4F8A330012384F8A730944BD9
:109720009449C4F8BD30944BC4F81E01C4F8C1304C
:10973000C4F8B9308A4B1046C4F8B530C4F840318B
:10974000C4F844310B4684F88D5084F8355184F8C0
:109750003751C4F8C550C4F848210122C4F89730E5
:10976000C4F83031142384F8002184F8FD2020222D
:1097700084F8963084F8223184F82331052384F864
:109780005B216FF05E0284F8FF300023C4F82C11D7
:1097900084F85C214FF07E51072284F8FE3084F873
:1097A0000531C4F84C01C4F8F530C4F8A81084F8A9
:1097B0005D2184F85E3138BD02F0E6FBC4F8880014
:1097C000D4F8120102F0E0FBC4F81A01D4F8160133
:1097D00002F0DAFB6FF011026FF0690384F83421B4
:1097E000022284F88C3084F83631594B84F83521C4
:1097F000C4F89B30C4F8A3300123564A84F8A7303C
:10980000C4F89F200022574BC4F81E01C4F8BD3095
:10981000524B1046C4F8C130C4F8B930504B4FF029
:109820007E5184F88D5084F83751C4F8C550C4F87F
:10983000B530C4F84031C4F844310EE702F0A4FB5F
:10984000C4F88800D4F8120102F09EFBC4F81A0193
:10985000D4F8160102F098FB5A222C2384F88C20AD
:1098600084F836213A4A84F83431C4F89B20C4F88D
:10987000A3203B4A0123C4F8B520C4F84021C4F812
:109880004421302284F8D220752284F8353184F8BE
:10989000A730344B2F49C4F8BD30384BC4F81E01F3
:1098A000C4F89F1084F8D32047F2305000224FF0C4
:1098B0007E5184F88D5084F83751C4F8C550C4F8EF
:1098C000C130C4F8B93084F8D45084F8D55042E798
:1098D00002F05AFBC4F88800D4F8120102F054FBDD
:1098E000C4F81A01D4F8160102F04EFB4B236FF0B6
:1098F000690284F88C3084F83631154B84F83421B1
:10990000C4F89B30C4F89F30C4F8A3300123002270
:1099100084F8A7301A4BC4F81E01C4F8BD30194BA7
:109920001046C4F8C130C4F8B9300D4B4FF07C512B
:10993000C4F8B530C4F84031C4F8443184F88D50CF
:10994000114B84F8355184F83751C4F8C55002E7FB
:10995000000070410000C040A69BC43BCDCC4C3DF4
:109960000000A0415839343CCDCC4C3F0000404170
:109970008FC2753ECDCCCC3D7B14AE3E9A99193E3C
:109980008FC2753D295C0F3E9A99993E2DE9F041B1
:109990000D464FF000080446114680F80080284626
:1099A00016461F4600F04EFA3146606084F8088083
:1099B0002846A4F80A8000F001FA012EE0600CBFEE
:1099C000B5F83411B5F836110023114A2182A0FBF5
:1099D000010106F08DFB0022C4E90A272283E2611F
:1099E00022846262642201306061012E0CBF95F80E
:1099F000223195F82331C3EB0333B3FBF2F3238613
:109A0000D5F8AC0006F054FB40086063BDE8F08177
:109A100040420F000022F0B5134603244FF47A763B
:109A200045689D42017802D8032900D1F0BD012983
:109A30001CD0022931D069BB022B2BD9C16AB0F8E6
:109A400030C08F5A674525D8114431F8021C614552
:109A500020D9012107834FF47A770170416BC361EC
:109A600059437943C768B1FBF7F110E0C1699942E6
:109A70000FD24769394499420BD9C16A078E895A76
:109A80008F4207D20227018400210770436281625E
:109A900000E0047001330232C3E7C16A078E31F877
:109AA00002C0BC45F6D8114431F8021CB942F1D9C4
:109AB000416B047059437143D4E7806A6430704746
:109AC00010B50C4606F0A6F94FF07C5105F0E6FF04
:109AD00005F018F8214606F0E9F810BD07B517495A
:109AE00006F0E4F80146164804F0D8FE154906F0E1
:109AF000DDF806F0DDFA40F6FF7380B2984294BFBD
:109B00001B1ADB1A6FEA43436FEA53431822002102
:109B10000D48ADF8063007F03AFE10230B4A0C480A
:109B2000138301230432D3600DF10603111F42F8A1
:109B3000043C02F077FC03B05DF804FBCDCC4C3D57
:109B40000000204100F07F45508300024C8300025A
:109B50000080044001284FF0E0520CBF0021012199
:109B6000044B0BBF51775177D3F8C900D3F8CD0020
:109B7000FDF764BE4C81000208B5FF21812002F090
:109B800093FC4FF0E0530022AA265525DA71084ACB
:109B9000084C136843F08003136004F013FDA660C3
:109BA000A56004F01FFD322003F098FBF5E700BF2D
:109BB0000020001C00C0024008B5FF21032002F075
:109BC00073FCFF21022002F06FFC4FF0E0510A4BC2
:109BD0001A6822F400521A601A6822F400621A60AD
:109BE0004A7BCB7ADBB222B9002B14BF02200120C2
:109BF00008BD0020FCE700BF0020001C1FB5104C72
:109C0000204602F0D1FB0223ADF80C3041F20403F0
:109C1000ADF804300023204601A98DF806300293E8
:109C200002F0A4FB4FF0013369462046009302F096
:109C3000D5FB236843F00103236004B010BD00BFCF
:109C4000008004402DE9F04788460021054614466F
:109C500006F0CAF9474620B12D2305F1004507F863
:109C6000013B002C55DA4FF07E51284606F0BCF936
:109C700000285AD128463E4906F0B6F9002856D1A8
:109C800028463C4906F0B0F9002852D128463A4906
:109C900006F0AAF900284ED12846384906F0A4F962
:109CA00000284AD12846364906F09EF90446002885
:109CB00045D1284606F0D6F9002842D13E46302349
:109CC00006F8013B04B305F09DFF0146284605F068
:109CD000E3FE35462E23264F05F8013B06EB040A2A
:109CE000394605F0E3FF814606F0E2F9C0B200F123
:109CF000300306F8013F05F085FF0146484605F0B0
:109D0000CBFEB245ECD12E19002333704046BDE89E
:109D1000F087CED00A2CA8BF0A241A4B284653F845
:109D2000241005F0BBFE0546C3E70624F5E705242D
:109D3000F3E70424F1E70324EFE70224EDE701242D
:109D4000EBE703463E460A2193FBF1F201FB123397
:109D5000303306F8013B1346002AF5D133469F42C3
:109D6000B0D213F8012D3978197007F8012BF6E7F6
:109D7000000020410000C84200007A4400401C4618
:109D80000050C347907C0100084B1868084B98426C
:109D900007D0084B984206D0074BC31A5842584187
:109DA0007047032070470220704700BFFC0200008C
:109DB0006587214321436587785634120346D0F8DE
:109DC0009200D3F81A21D3F81E31012908BF134697
:109DD00028B1704740085B089342FBD8704743F2B4
:109DE0002C320148F8E700BFA086010070B5044698
:109DF000FFF7E4FF0E4605F001FF0146104806F0AC
:109E000009F8012E05460E490CBFD4F82C01D4F8F0
:109E1000300105F04BFF4FF07C510646D4F8AC0002
:109E200005F044FF0146304605F0F4FF294605F0F1
:109E3000F1FF4FF07C5105F031FE06F039F970BDAD
:109E40000024744970B5054601290CBFD0F81201F1
:109E5000D5F816010E4602F097F83146044628461A
:109E6000FFF7ACFF0023A4FB0001024A06F040F913
:109E700070BD00BFA08601002DE9F04F044689B0F7
:109E800008460F46FFF766FED4F8120102F07CF890
:109E9000C4F81A01D4F8160102F076F83946C4F86D
:109EA0001E012046FFF78AFF764D0646B5FBF0F50A
:109EB00050212846FDF73AFC012F204640F08B80C8
:109EC00001F0A8F9002800F083806F4B1F6D384621
:109ED0006E4906F089F808B1D4F8307138466C49FB
:109EE00005F0E4FE4FF07C510746D4F8AC0005F0D5
:109EF000DDFE0146384605F08DFF4FF07C5105F040
:109F0000CDFD06F0D5F84FF048088146D4F81A0187
:109F10000023D4F80AA15F4AA0FB060106F0E8F886
:109F20009AFBF8F8142300F1140105FB018103FBEF
:109F300015135025B3FBF5F34FF0640C9DB2564B4F
:109F400007461B68B4F83401079394F82231821C49
:109F5000C3EB4313B3FBFCF303F01F0BD4F84831FE
:109F600094F8E0C0BCF1010F00F0888094F801C1C2
:109F7000BCF1010F0CBF4FF4FA6C4FF0000CCDE9AF
:109F8000048A4FF00008CDF80CC094F8E1C0CDF879
:109F90000080CDE9012C4A46FDF7BCFAB4F85931EE
:109FA000012229460798F7F7ADFBB9B23B48F7F70E
:109FB00047FB43465A460321394802F024F840F64D
:109FC0003440864294BF0020012009B0BDE8F08FE4
:109FD000D4F82C717BE701F01DF900284BD02A4BF7
:109FE0005F6D3846294905F0FFFF08B1D4F830719C
:109FF0003846274905F05AFE4FF07C510746D4F801
:10A00000AC0005F053FE0146384605F003FF4FF063
:10A010007C5105F043FD06F04BF84FF048088146AF
:10A02000D4F81E010023D4F80EA11A4AA0FB0601A1
:10A0300006F05EF89AFBF8F8142300F1140105FB12
:10A04000018103FB151550234FF0640CB5FBF3F5AC
:10A05000144B07461B68B4F83601079394F8233174
:10A06000821CC3EB4313B3FBFCF3ADB203F01F0B35
:10A07000D4F84C3174E7D4F83071B2E74FF0000CEB
:10A080007DE700BF40420F00688300020AD7A33B70
:10A0900000247449A0860100B48A00022001000255
:10A0A00000800040B88A000238B504460D46FFF72C
:10A0B00085FED4F81A31D4F81E11054A012D08BFC7
:10A0C00019460023A1FB000106F012F838BD00BFBD
:10A0D000A08601002DE9F047DFF8F0A0DFF8F0904E
:10A0E000BAF8083005461BB2B9F96800A3F2FF734D
:10A0F00018440C46904605F085FDBAF80A3007462C
:10A100001BB2B9F96A00A3F2FF73184405F07AFD97
:10A11000BAF80C3006461BB2B9F96C00A3F2FF7313
:10A12000184405F06FFD8146B8F1000F07D00021FB
:10A1300005F06EFF003818BF0120C8F8000049463E
:10A14000484605F0B3FD80463146304605F0AEFD89
:10A15000414605F0A3FC04F0F5FB0146384604F047
:10A1600047FB39462860384605F0A0FD414605F01A
:10A1700095FC04F0E7FB0146304604F039FB206013
:10A180002868144905F092FD28602068114905F0FF
:10A190008DFD206028681049FFF792FC28600E4969
:10A1A0002068FFF78DFC20602D6806460B49284685
:10A1B00005F010FF20B92846094905F00BFF00B152
:10A1C000002600202660BDE8F08700BF68830002FB
:10A1D0004C810002E02E6542CDCCCC3D0000B44263
:10A1E0000000B4C2F8B505F009FD2A4905F05EFD8E
:10A1F000294905F00FFE05460146264805F04CFCAE
:10A200000146264805F006FE254905F045FC24498F
:10A21000064605F0FFFD04F0EDFA2249044605F07C
:10A2200045FD214905F03AFC20490746204605F046
:10A230003DFD214605F03AFD0146384605F02EFC6D
:10A240001B490746204605F031FD214605F02EFD4D
:10A25000214605F02BFD0146384605F01FFC01465E
:10A260004FF07E5005F0D6FD124905F015FC294649
:10A270000446284605F01AFD0F490546304605F00C
:10A2800015FD0146284605F0C5FD0146204605F0AE
:10A2900003FCF8BD3333534000F07F4500E800472E
:10A2A00000401C46F1BB86390DCF5B3B2A922E360F
:10A2B0006A13893333938843E02D103B38B50C463D
:10A2C000054628B10D4BD88980B2FFF78BFF286077
:10A2D00094B10A4B188A80B205F090FC084905F049
:10A2E000E5FC084905F096FD0146074805F0D4FB5A
:10A2F000064905F08FFD2060002038BD688300020C
:10A300003333534000F07F45EFC9133FD313163B5F
:10A3100010B500F5FF53074A1E3332F8024F30F8EC
:10A32000021F8C4203D19842F7D1012010BD0020BA
:10A33000FCE700BF200100020122044B83F87520D6
:10A34000034B5A68034B1A60704700BF68830002D2
:10A35000CC8A0002B88A0002074A92F87530022BB4
:10A3600008D80133DBB282F87530044A52F8232052
:10A37000034B1A60704700BF68830002CC8A00025A
:10A38000B88A0002064A92F8753043B1013BDBB24D
:10A3900082F87530034A52F82320034B1A60704745
:10A3A00068830002CC8A0002B88A00020122044BB2
:10A3B00083F87620034B5A68034B1A60704700BF3E
:10A3C00068830002BC8A0002B48A0002074A92F83D
:10A3D0007630022B08D80133DBB282F87630044A9B
:10A3E00052F82320034B1A60704700BF68830002B5
:10A3F000BC8A0002B48A0002064A92F8763043B161
:10A40000013BDBB282F87630034A52F82320034B3B
:10A410001A60704768830002BC8A0002B48A000296
:10A420002DE9F04F85B0054610980E461446994622
:10A4300005F03CFC0F990190304605F037FC0126F1
:10A440009DF84470DFF8CCA0DFF8CCB00290B0B239
:10A4500005F0D4FB029905F029FC019905F01EFBDB
:10A46000022F039046D0042F4BD0012F4BD104F084
:10A47000EBF9494605F01AFC214605F00FFB0E9951
:10A480008046039805F012FC0146404605F006FBA5
:10A4900080465146404605F0A7FD002837D1594671
:10A4A000404605F0BFFD80B358461C4905F0F6FA5A
:10A4B0001B4905F0FBFB04F0E1FA1A4BB3F8598194
:10A4C00005F0F6FD1FFA88F880B2804538BF804657
:10A4D00040F6FF73984528BF98464FEA081825F8BC
:10A4E00016800136B6F5805FB1D16B882B8005B040
:10A4F000BDE8F08F04F0A8F9494605F0D7FB2146E6
:10A50000C4E70E99F9E7A046C3E74046CDE75046B9
:10A51000CBE700BF000088C10000CE4200008841A8
:10A52000008008424C8100022DE9F0430025434C95
:10A5300085B0616FD4F89F0005F0B0FA404E94F8F2
:10A54000A730D4F84071039302950196D4F8BD303A
:10A55000024600933B463B4F3B48D4F8AC10FFF714
:10A560005FFF3846FFF7D4FE00283BD0A16FD4F838
:10A57000A30005F093FA94F8A730D4F8447103933C
:10A5800002950196D4F8C13002460093D4F8AC107D
:10A590002E4C2D483B46FFF743FF2046FFF7B8FE01
:10A5A000002848D172B6250B6E1C3146284602F0B1
:10A5B000A1F890BB3146284602F0C6F868BB314688
:10A5C000284602F097F840BB4FF4805220461E49BF
:10A5D00002F0A0F808BB4FF480521D49A01802F009
:10A5E00099F81AE072B64FEA173808F1010949469E
:10A5F000404602F07FF880B94946404602F0A4F890
:10A6000058B94946404602F075F830B94FF48052C7
:10A6100038460D4902F07EF808B162B608E04FF402
:10A6200080520B49B81802F075F862B600289DD028
:10A6300005B0BDE8F0830020FAE700BF4C810002BE
:10A64000ACC5A738009001002001000200B0010055
:10A65000201100022DE9F043464C002585B0D4F8C6
:10A660009F00454905F018FA616F05F017FA434E4F
:10A6700094F8A730D4F84071039302950196D4F86A
:10A68000BD30024600933B463D4F3E48D4F8AC10E7
:10A69000FFF7C6FE3846FFF73BFE00283ED0D4F851
:10A6A000A300354905F0F8F9A16F05F0F7F994F822
:10A6B000A730D4F84471039302950196D4F8C130C1
:10A6C00002460093D4F8AC102F4C2E483B46FFF7BF
:10A6D000A7FE2046FFF71CFE002848D172B6250BC6
:10A6E0006E1C3146284602F005F890BB31462846DC
:10A6F00002F02AF868BB3146284601F0FBFF40BB58
:10A700004FF4805220461F4902F004F808BB4FF472
:10A7100080521E49A01801F0FDFF1AE072B64FEA00
:10A72000173808F101094946404601F0E3FF80B9B6
:10A730004946404602F008F858B94946404601F0FB
:10A74000D9FF30B94FF4805238460E4901F0E2FF8C
:10A7500008B162B608E04FF480520C49B81801F015
:10A76000D9FF62B600289AD005B0BDE8F08300207A
:10A77000FAE700BF4C81000200004040ACC5A7389A
:10A7800000D001002001000200F0010020110002B1
:10A790002DE9F043464C002585B0D4F89F0045498B
:10A7A00005F07CF9616F05F079F9434E94F8A73014
:10A7B000D4F84071039302950196D4F8BD30024657
:10A7C00000933B463D4F3E48D4F8AC10FFF728FEBF
:10A7D0003846FFF79DFD00283ED0D4F8A300354948
:10A7E00005F05CF9A16F05F059F994F8A730D4F899
:10A7F0004471039302950196D4F8C1300246009348
:10A80000D4F8AC102F4C2E483B46FFF709FE2046EB
:10A81000FFF77EFD002848D172B6250B6E1C31462D
:10A82000284601F067FF90BB3146284601F08CFFB7
:10A8300068BB3146284601F05DFF40BB4FF48052B3
:10A8400020461F4901F066FF08BB4FF480521E49A5
:10A85000A01801F05FFF1AE072B64FEA173808F14E
:10A8600001094946404601F045FF80B94946404646
:10A8700001F06AFF58B94946404601F03BFF30B944
:10A880004FF4805238460E4901F044FF08B162B6D9
:10A8900008E04FF480520C49B81801F03BFF62B653
:10A8A00000289AD005B0BDE8F0830020FAE700BF89
:10A8B0004C81000200004040ACC5A73800100200E7
:10A8C0002001000200300200201100022DE9F043B7
:10A8D000464C002585B0D4F89F00454905F0DEF8C8
:10A8E000616F05F0DBF8434E94F8A730D4F840715F
:10A8F000039302950196D4F8BD30024600933B467F
:10A900003D4F3E48D4F8AC10FFF78AFD3846FFF7BC
:10A91000FFFC00283ED0D4F8A300354905F0BEF86E
:10A92000A16F05F0BBF894F8A730D4F844710393F5
:10A9300002950196D4F8C13002460093D4F8AC10C9
:10A940002F4C2E483B46FFF76BFD2046FFF7E0FCFF
:10A95000002848D172B6250B6E1C3146284601F0FE
:10A96000C9FE90BB3146284601F0EEFE68BB314679
:10A97000284601F0BFFE40BB4FF4805220461F49DD
:10A9800001F0C8FE08BB4FF480521E49A01801F028
:10A99000C1FE1AE072B64FEA173808F101094946BC
:10A9A000404601F0A7FE80B94946404601F0CCFE82
:10A9B00058B94946404601F09DFE30B94FF48052E7
:10A9C00038460E4901F0A6FE08B162B608E04FF421
:10A9D00080520C49B81801F09DFE62B600289AD04A
:10A9E00005B0BDE8F0830020FAE700BF4C8100020B
:10A9F0000000C040ACC5A738005002002001000292
:10AA0000007002002011000208B5FFF78DFD48B963
:10AA1000FFF720FE30B9FFF7BBFE18B9BDE80840CC
:10AA2000FFF754BF08BD0346014400208B4200D10C
:10AA3000704713F8012B5040F8E72DE9F041044628
:10AA4000084617461E4605F0D9F84FF07E5105F02E
:10AA500023F80546384605F0D1F84FF07E5105F051
:10AA60001BF80146284605F0D5F90546304605F0A5
:10AA7000C5F80146284605F019F9064604F042F8E3
:10AA8000074605F015FB83B234F813004FEA43087C
:10AA900005F0B4F805464444608805F0AFF829464F
:10AAA00004F0FAFF39460446304604F0F5FF01464B
:10AAB000204605F0FBF8294604F0F0FF4FF07C51EA
:10AAC00004F0ECFF05F0F4FA80B2BDE8F081FFFF7E
:10AAD0002DE9F0439D4C1E4694F805310D46012B9F
:10AAE0001746D5B018D1D4F85431D4F8502198492C
:10AAF000012818BF1A461EA806F0BAFD81B21EA88A
:10AB0000FFF791FF934903461EAA34A806F0B0FD53
:10AB1000014634A8FCF7C6FA94F8F1305B0634D548
:10AB2000DDE95E014FF47A72002305F0E1FA15A920
:10AB30009146984601F020FE0023CDE905331A9B8B
:10AB40000A2203F2B2730493199B4846013303931C
:10AB5000189B41460293002305F0CAFA159B7E49D3
:10AB6000019000931EA8DDE9163206F081FD81B246
:10AB70001EA8FFF758FF794903461EAA34A806F01D
:10AB800077FD014634A8FCF78DFA94F8F130D80728
:10AB90001AD5990600F1A480714B1B6A002B40F076
:10ABA0009F8070491EA806F096FE0E2081B21EA856
:10ABB000FFF739FF694903461EAA34A806F058FD7D
:10ABC000014634A8FCF76EFA94F8F1309A0720D5C4
:10ABD0009B06D4F8F90000F1A280614B1B6A002BA0
:10ABE00040F09D80032209A9FFF72CF85E49024638
:10ABF0001EA806F03DFD81B21EA8FFF714FF5749BD
:10AC000003461EAA34A806F033FD014634A8FCF71B
:10AC100049FA94F8F130590717D5012209A93846A5
:10AC2000FFF710F8514902461EA806F021FD81B237
:10AC30001EA8FFF7F8FE494903461EAA34A806F0ED
:10AC400017FD014634A8FCF72DFA94F8F1301A07E5
:10AC50001ED5012209A93046FEF7F4FF0122054660
:10AC60000DA95C98FEF7EEFF2A46034640491EA850
:10AC700006F0FEFC81B21EA8FFF7D5FE3749034659
:10AC80001EAA34A806F0F4FC014634A8FCF70AFA20
:10AC900094F8F130DB0620D5BDF8800104F0AEFF5A
:10ACA000344905F003F8344905F0B4F8022209A943
:10ACB000FEF7C8FF314902461EA806F0D9FC81B252
:10ACC0001EA8FFF7B0FE254903461EAA34A806F0C9
:10ACD000CFFC014634A8FCF7E5F955B0BDE8F08398
:10ACE0002846274904F0E2FF09A90322FEF7AAFF3C
:10ACF000032280460DA92846FEF7A4FF214981467C
:10AD0000284604F0D3FF11A90322FEF79BFF4B4610
:10AD1000009042461C491EA806F0AAFC46E70146E0
:10AD2000284604F0BBFE09A90322FEF78BFF0DA9FC
:10AD300005460322D4F8F900FEF784FF2A460346AD
:10AD400012491EA806F094FC55E700BF4C81000292
:10AD5000607101009C7101006A7101009B7101002A
:10AD600068830002A6710100CA710100E27101004E
:10AD7000ED7101000000C84200F07F450B72010038
:10AD800048F9514085FB0B3FB5710100D5710100B9
:10AD90002DE9F04F15465369A3B000939369D2F89B
:10ADA00008A0D2F80C90019307460E46D5E9080199
:10ADB0004FF47A72002305F09BF919468046002370
:10ADC00010460A2205F094F929788346C048FEF718
:10ADD000F5FFC04B04461A78002A00F0DE81022AF3
:10ADE00000F0DD81BC4BBD49012A08BF0B46BC4ABF
:10ADF000BC490AA806F03CFC01460AA8FCF752F937
:10AE00005B464246B8490AA806F032FCDFF8DCB2DD
:10AE100001460AA8FCF746F9DBF81820B4490AA84D
:10AE200006F026FC01460AA8FCF73CF9042202A918
:10AE30005046FEF707FFAF4902460AA806F018FC85
:10AE400001460AA8FCF72EF90222484602A9FEF79D
:10AE5000F9FEA94902460AA806F00AFC01460AA81A
:10AE6000FCF720F93246A5490AA806F001FC014684
:10AE70000AA8FCF717F9204604F0C0FE8046944C5F
:10AE80009F49D4F8AC0004F011FF414604F0C2FF22
:10AE9000B742814600F08581384604F0AFFE824615
:10AEA000304604F0ABFE0146504604F0B3FF0146C5
:10AEB000484604F0FBFE032202A9FEF7C3FE9149B7
:10AEC00002460AA806F0D4FB01460AA8FCF7EAF8F5
:10AED000B74200F06981304604F090FE06463846DD
:10AEE00004F08CFE0146304604F094FF01464046D3
:10AEF00004F0DCFE05F0DCF8834902460AA806F0FF
:10AF0000B7FB01460AA8FCF7CDF802A90222D4F843
:10AF1000AC00FEF797FE7D4902460AA806F0A8FBA2
:10AF200001460AA8FCF7BEF879490AA806F0D3FC46
:10AF30000AA82B21FCF7B6F8D4F854312978D4F8B4
:10AF400050210AA8012918BF1A46724906F090FB41
:10AF500001460AA8FCF7A6F8D4F816312A78D4F8E6
:10AF60001201012A18BF184604F048FE6A4904F08D
:10AF700051FF02A90122FEF765FE684902460AA8B0
:10AF800006F076FB01460AA8FCF78CF8DBF8000017
:10AF900004F034FE624904F03DFF02A90322FEF7EB
:10AFA00051FE604902460AA806F062FB01460AA863
:10AFB000FCF778F82B785C49012B0CBF94F8222120
:10AFC00094F823210AA806F053FB01460AA8FCF7CF
:10AFD00069F82B7802A9012B0CBFD4F82401D4F80E
:10AFE00028010322FEF72EFE504902460AA806F069
:10AFF0003FFB01460AA8FCF755F82B7802A9012B64
:10B000000CBFD4F82C01D4F830010322FEF71AFE4D
:10B01000474902460AA806F02BFB01460AA8FCF79E
:10B0200041F82B784349012B0CBFB4F83421B4F814
:10B0300036210AA806F01CFB01460AA8FCF732F8E4
:10B0400002A90322D4F8C500FEF7FCFD3A490246E6
:10B050000AA806F00DFB01460AA8FCF723F82B7896
:10B0600002A9012B0CBFD4F89F00D4F8A30003223F
:10B07000FEF7E8FD314902460AA806F0F9FA014652
:10B080000AA8FCF70FF802A903224FF07E50FEF742
:10B09000D9FD2B4902460AA806F0EAFA01460AA899
:10B0A000FCF700F894F8A72026490AA806F0E0FA71
:10B0B00001460AA8FBF7F6FF94F8B42022490AA833
:10B0C00006F0D6FA01460AA8FBF7ECFF3EE000BF07
:10B0D0004C810002888700021C7201004744010075
:10B0E00070810002247201003F7201006883000237
:10B0F00055720100617201007172010084720100D9
:10B100000000FA4393720100A8720100C6720100A8
:10B11000DC7201000873010000007A441F73010013
:10B12000002474492E73010042730100557301001D
:10B1300065730100777301008D7301009F73010037
:10B14000B0730100C1730100D073010002A9032292
:10B150000098FEF777FD164902460AA806F088FA1D
:10B1600001460AA8FBF79EFF02A903220198FEF7F9
:10B1700069FD104902460AA806F07AFA01460AA8B3
:10B18000FBF790FF0C490AA806F0A5FB0F210AA8BF
:10B19000FBF788FF23B0BDE8F08F084B27E6084B8C
:10B1A00025E64FF07E5183E64FF07E519FE600BFCB
:10B1B000E1730100F27301000374010031440100E6
:10B1C0002B44010090F8B400022807D0042805D0D1
:10B1D000643801288CBF002001207047012070478F
:10B1E000002390F8B410064A52F8040B814204D0B0
:10B1F0000133082BF8D1002070470120704700BFB1
:10B20000BC7C010090F8B400073801288CBF0020F6
:10B210000120704708B590F86E210346012A07D136
:10B22000FFF7F0FF28B91846BDE80840FFF7D8BF80
:10B23000002008BD2DE9F04F7F4D0C4695F8B43045
:10B240009BB0642B00F0068108D8022B00F08F80A1
:10B25000042B00F0CE801BB0BDE8F08F652BFAD137
:10B26000764AD1F808C0C6888788D0F80090D1F80F
:10B270000CB01068D1F814A0D1F8188051680AAB4E
:10B2800003C3D4E9080144F24533ADF8303006F188
:10B290003E03CDF832304FF47A720023CDF844C02B
:10B2A000169604F025FF19460790002310460A223F
:10B2B00004F01EFF079B24780E9301231593604B27
:10B2C000012C9B690F9010930BBFD5F85031D5F826
:10B2D0005431189318930CBFD5F81201D5F8160104
:10B2E00004F08CFC574904F095FD21461790524814
:10B2F000FEF764FD04F082FCB742044600F033819F
:10B30000304604F07BFC0546384604F077FC0146E5
:10B31000284604F07FFD0146204604F0C7FC04F0F7
:10B32000C7FE0E2119900AA8CDF848B0CDF84CA060
:10B33000CDF85080FBF7B6FE30210EA8FBF7B2FE29
:10B340000024A3B29E4286D9B74200F00F81324654
:10B3500039464846FFF771FB00F0A6FB01218DF846
:10B3600026000DF12600FBF79DFE0134E9E7C588B4
:10B3700087880A46D0F8008029463846FFF708FD3E
:10B380000026B3B29D421ED82F490EA806F0A3FA9C
:10B390000EA80D21FBF786FE238D0493D4E9082324
:10B3A000CDE90223A36900936369E268A16820786C
:10B3B000FFF78EFB25490EA806F08DFA04210EA892
:10B3C000FBF770FE47E7AF4210D02A4639464046A9
:10B3D000FFF733FBC0F38F021D490EA806F048F9B2
:10B3E00001460EA8FBF75EFE0136CAE738F81600E4
:10B3F000F0E7C58887880A46D0F800802946384695
:10B40000FFF7C6FC0026B3B29D42BDD9AF420FD0B4
:10B410002A4639464046FFF710FB02460C490EA863
:10B4200006F026F901460EA8FBF73CFE0136EAE7D6
:10B4300038F81620F2E700BF4C81000221740100A9
:10B440006883000200007A44137401005260010016
:10B45000507301008A68D1F80CB0D1F814A0D1F86B
:10B4600018804449C6888788D0F8009008684968E1
:10B470000AAB03C3D4E9080144F24533ADF83030D8
:10B4800006F11F035B00CDF83230119200234FF418
:10B490007A72169604F02CFE194607900023104687
:10B4A0000A2204F025FE079B24780E9300231593AF
:10B4B000314B012C9B690F9010930BBFD5F8503185
:10B4C000D5F85431189318930CBFD5F81201D5F85C
:10B4D000160104F093FB294904F09CFC21461790C7
:10B4E0002748FEF76BFC04F089FBB742044634D0D2
:10B4F000304604F083FB0546384604F07FFB0146E6
:10B50000284604F087FC0146204604F0CFFB04F0F7
:10B51000CFFD0E2119900AA8CDF848B0CDF84CA067
:10B52000CDF85080FBF7BEFD30210EA8FBF7BAFD29
:10B530000024A3B29E427FF68EAEB74210D03246B0
:10B5400039464846FFF779FAADF8260002210DF199
:10B550002600FBF7A7FD0134EBE74FF07E51D3E760
:10B5600039F81400F0E74FF07E51D5E639F81400B1
:10B57000F2E600BF217401006883000200007A44F3
:10B580004C810002F0B5A94D044695F8B4309DB049
:10B59000092B0AD88BB1013B082B0ED8DFE803F04A
:10B5A0001E0D0F0D405B0D0D7100622B7FD0632BC4
:10B5B00000F06C81612B00F073811DB0F0BD038D34
:10B5C0000493D0E90823CDE90223836900934369FA
:10B5D000C26881680078FFF77BFAEEE795F80531DD
:10B5E0008668012B0FD10178D5F85021D5F8543158
:10B5F00010A8012918BF1A468D4906F039F80146EE
:10B6000010A8FBF74FFD95F863210CA93046FEF713
:10B6100019FB0246874910A806F02AF8014601E105
:10B6200095F805318068012B0CBF227895F8D12060
:10B63000814B824C8249012A08BF1C4604F036FB2C
:10B6400002220CA9FEF7FEFA224603467D4910A805
:10B6500006F00EF8E2E795F805310222012B0CBF47
:10B66000237895F8D1308068012B0CA904D1FEF71E
:10B67000E9FA75490246CEE7FEF7E4FA7349024655
:10B68000C9E708A902228068FEF7DCFA0CA9044683
:10B6900001226F48FEF7D6FA642200210346CDE965
:10B6A000002110A822466B4905F0E2FFB6E7002210
:10B6B00007A906A8FEF70EFDD5F85F01664904F05C
:10B6C000F5FA0146654804F0E7F9654C0646A78996
:10B6D000BFB2384604F092FA0146304604F0DCF975
:10B6E00004F0C0FC40F2FF7722892389B5F9681085
:10B6F0009BB2FB1A92B206B2009110A8594905F00C
:10B70000B7FF014610A8FBF7CDFC62896389B5F944
:10B710006A109BB2FB1A92B2009110A8524905F030
:10B72000A7FF014610A8FBF7BDFCA289B5F96C3054
:10B7300092B24E49009310A8334605F099FF014696
:10B7400010A8FBF7AFFCA089494D80B204F056FA6F
:10B750000146424804F0A0F93F4904F05BFB042293
:10B7600008A9FEF76FFA4349024610A805F080FFCA
:10B77000014610A8FBF796FC022208A90698FEF7DE
:10B7800061FA022204460CA90798FEF75BFA2246EA
:10B790000346394910A805F06BFF014610A8FBF7D6
:10B7A00081FC002435F8022B344910A805F060FF15
:10B7B0000134014610A8FBF775FC122CF2D1304978
:10B7C00010A806F088F8022110A8FBF76BFC0024F3
:10B7D0002C4D35F8022B294910A805F049FF0134FA
:10B7E000014610A8FBF75EFC122CF2D1244910A8E8
:10B7F00006F071F8022110A8FBF754FC0024224D3A
:10B8000035F8022B1D4910A805F032FF013401461E
:10B8100010A8FBF747FC122CF2D1194910A806F02A
:10B820005AF8022110A8FBF73DFCC6E64C81000245
:10B8300030740100367501002A7401002D74010076
:10B8400048F951403C7401004674010051740100F4
:10B85000000030415C74010000F07F4500E0FF44CF
:10B860006883000272740100897401009A740100F7
:10B87000347D0002AA740100B5740100CA7401008D
:10B88000546001000E7D0002E87C00021B4B10A8F2
:10B89000D3E91123D11A0091194905F0E9FEBDE65B
:10B8A000164D686C04F0AAF9164904F0FFF9164920
:10B8B00004F0B0FA04F0FCFB0446A86C04F09EF916
:10B8C000104904F0F3F9104904F0A4FA04F0F0FB75
:10B8D0001421B0FBF1F3B4FBF1F24B434A43C01A1D
:10B8E0000A28A4EB02048CBF084600200A2C98BF4B
:10B8F000002103440A440549A9E600BF6883000209
:10B90000CE740100286B6E4E4054894CF5740100D2
:10B910002DE9F04FB9B009900F46104619464FF483
:10B920007A72002304F0E4FB12A91646984600F050
:10B9300023FF2F4B1BAA03F13005144618685968E2
:10B94000083303C4AB422246F7D11B780A22237086
:10B95000159B3046DDE913A941460893002304F006
:10B96000C7FBDFF89080179C98F80511169D0129F8
:10B970000646DDF848B098F8632104F2B27405F188
:10B98000010520D109980AA9FEF75CF998F863210E
:10B9900009900EA93846FEF755F9099B06900593C4
:10B9A000089B224600931BA92B46CDE903B6CDE99F
:10B9B000019A28A805F05CFE014628A8FBF772FB57
:10B9C00039B0BDE8F08F98F8D11001290AA901D14A
:10B9D0000020D9E70998FEF735F998F86321074662
:10B9E0000EA90020FEF72EF9CDE90570D8E700BFBB
:10B9F0000B7501004C810002F0B5284B0D4693F801
:10BA000005711446012F9DB025D1022204A9FEF72D
:10BA100019F90222064608A92846FEF713F93A4604
:10BA200005460CA92046FEF70DF93A46044610A932
:10BA30001B48FEF707F907233246CDE901032B46E1
:10BA40000094184914A805F013FE014614A8FBF74A
:10BA500029FB1DB0F0BD93F8D1700222012F04A97B
:10BA600001D10020D3E7FEF7EDF80222054608A930
:10BA70000020FEF7E7F8012206460CA92046FEF753
:10BA8000E1F80122044610A90548FEF7DBF8072378
:10BA90002A46CDE9010300943346D2E74C810002E7
:10BAA000000030413C7501000B2320FA03F212F034
:10BAB00001020AD0DBB25A1F043B5B01D2B2DBB2F7
:10BAC000104100F01F0018437047013B042BECD1DC
:10BAD0001346F5E738B504680D682046294604F09A
:10BAE00079FA48B92946204604F09CFA002814BF88
:10BAF00001204FF0FF3038BD0020FCE702880B88A2
:10BB00009A4202D003D901207047002070474FF0BD
:10BB1000FF3070470F238384831E1C300A8823F86C
:10BB2000022F8342FAD1704738B504460D46828C05
:10BB3000811C013A520005F011FEA38C2A88013BBA
:10BB400024F8132038BDFFFF38B50446828C0E4D13
:10BB5000C2F1120100EB41015200284605F0C3FE7C
:10BB600028460222094BA18C05F073FBA28C5308D6
:10BB7000D20735F813005FBF03F1FF3335F81330F8
:10BB8000C018400838BD00BF94860002FDBA00000E
:10BB90006523A0F89431031F00F5C8700A6843F8C4
:10BBA000042F8342FAD1704738B50D4604464FF44E
:10BBB000C872011D05F0D2FD2B68C4F8903138BD64
:10BBC000F8B50E78B31E622B02D9D0F89001F8BDFB
:10BBD0000025C6F1640300F5C87700EB830428460E
:10BBE00057F8041903F05AFFA7420546F7D130462B
:10BBF00004F004F80146284604F00CF9E7E7FFFFDB
:10BC000038B50A780C46D31E612B02D9D0F89001C2
:10BC100038BD0F4DC2F1650100EB8101920028464D
:10BC200005F061FE042228460A4B217805F011FB3D
:10BC300022785308D20755F82300E9D4013B55F880
:10BC4000231003F02BFF4FF07C5104F02FF8DFE7B7
:10BC500000850002D5BA0000F8B5174605460C4627
:10BC60001688811C262205F079FD3B88EB8422781A
:10BC7000022A1AD90E4FC2F1140105EB41015200FC
:10BC8000384605F030FE02220A4B3846217805F08E
:10BC9000E0FA22785308D20737F813605FBF03F148
:10BCA000FF3337F813309B195E083046F8BD00BFEC
:10BCB000D8840002FDBA0000F8B5164605460F46C6
:10BCC0001488811C262205F049FD3388EB843978DD
:10BCD00001290BD82046F8BD35F81240013A23441B
:10BCE0009042F9D3B3FBF1F39CB2F3E713220023A4
:10BCF000501AF5E70A46022100B5094B91B0996246
:10BD0000996B8907FCD40221684699671962054935
:10BD100005F0AEFC01466846F5F78CFDFEE700BF76
:10BD20000040001C4F75010020BF70477047FFFFA7
:10BD3000034B0360034B0B6030231360704700BF5D
:10BD4000208700027C730002034B0360034B0B60EF
:10BD500060231360704700BFB88600023C74000285
:10BD60002DE9F04F6B4D804695F86F31B3B0012B44
:10BD700067D1694E03AC0FCE0FC496E8070005F5F6
:10BD8000C47384E8070005F5C672B8F1010F08BF57
:10BD900013461A68002303A951F8040B824253D1B9
:10BDA000642696FBF2F60AAC5022002120461EAF14
:10BDB00005F0EDFC50220021384605F0E8FCB8F112
:10BDC000010F564B58D1B3F86A81B8F1000F38D043
:10BDD000D5F87421DFF848A10192002203F59F797C
:10BDE0004FF0010C39F8020F3AF810100AEB40003E
:10BDF0000909DDF804E0E6452BDC01324245EFDBC2
:10BE00000022A44611461046D5F884E1B0FBF6F5B1
:10BE10005CF8044B0544AC4207D957F822507545ED
:10BE200003D9844288BF1146204601324245EDDBEA
:10BE300001F13C0253F82220A0311A6233F811209C
:10BE40001A6733B0BDE8F08F0133072BA4D1012668
:10BE5000A9E730F802EF4FEA1E1E8E45F34638BFC1
:10BE60008B468E4588BF47F822C0594688BF44F8A4
:10BE700022B00CF1010CBCE7B3F86881B8F1000FF7
:10BE8000DFD0D5F87021DFF898A00192002203F1ED
:10BE9000C6094FF0010C39F8020F3AF810100AEBFE
:10BEA00040000909DDF804E0E64520DC01324245A6
:10BEB000EFDB0022D5F880E111461546B5FBF6F020
:10BEC00054F804CB2844844507D957F8220070451C
:10BED00003D9AC4588BF1146654601324245EDDBCA
:10BEE00001F11E0253F8222064311A62A6E730F8ED
:10BEF00002EF4FEA1E1E8E45F34638BF8B468E4535
:10BF000088BF47F822C0594688BF44F822B00CF1D8
:10BF1000010CC7E74C810002DC7C01006883000251
:10BF20002001000230B500230C250D4A05FB03F467
:10BF3000A118145984420ED101204B68094A1B02F2
:10BF40009BB243F0FF03C2F828318B68A2F5503250
:10BF5000013B136230BD01330B2BE7D10020F9E721
:10BF6000487E0100004007400023064A52F8231093
:10BF7000814204D00333212BF8D1002070470120E7
:10BF8000704700BF487E0100094B30B51C68002394
:10BF90000849A34201D1902006E01A018A5801EB1A
:10BFA0000315824201D1686830BD0133F1E700BF5B
:10BFB000DC8A0002F87C010008B54FF4F03000F094
:10BFC000DDFA1E2000F004F91E2000F0A3FABDE8FF
:10BFD00008401E2000F0B0BA00EBC100436823F413
:10BFE000602313434360704710B500EBC100BDF8F8
:10BFF000081044680B43134324F4062222F4EE6233
:10C000001343436010BD00EBC10010B5446824F039
:10C01000FA5424F400240BB944F4800444EA026482
:10C02000446010BDB0F1804F38B504460D4610D1C4
:10C030004FF4806000F0A2FA1B2000F0C9F81B202A
:10C0400000F068FA1B2000F077FA00236366256091
:10C0500038BD4FF4006000F091FA1C2000F0B8F8F1
:10C060001C2000F057FA1C20EDE738B50D460446B9
:10C0700000F0C4F8A8422CBFB0FBF5F10121236801
:10C08000013961F30703236038BDFFFF10B5044693
:10C090000368074943F080430360036823F4807317
:10C0A0000360FFF7E2FF236823F48063236010BD81
:10C0B00020A1070000EB8100836823F07C73134309
:10C0C00083607047436E23F078430B4343667047A9
:10C0D00008B500F093F8014B186008BD8C8700028A
:10C0E00010F0030004D0012804D1034B18687047F6
:10C0F000024870470020704798430100001BB700BA
:10C10000024BD3F8A000FFF7EBBF00BF0040074091
:10C1100008B5054BD3F89821FFF7F2FF02F03F0274
:10C1200002FB000008BD00BF00400740084BD3F8E9
:10C130008030DBB2012B06D0022B07D0002B054844
:10C1400018BF00207047044B1868704703487047B9
:10C1500000400740001BB70098430100D8AC07001F
:10C160000A4BD3F88430DBB2032B0CD8DFE803F0A2
:10C1700002040608FFF7DABFFFF7C2BFFFF7C8BF28
:10C18000034B186870470020704700BF004007400D
:10C1900094430100032898BF0022064B85BF043852
:10C1A000C0B2C3F88000C3F8840098BFC3F88420ED
:10C1B000704700BF00400740044BD3F88430DBB227
:10C1C0000BB9FFF7B3BFFFF7CBBF00BF004007407D
:10C1D0001F284FF00103084A07D9D2F8C8102038A9
:10C1E00083400B43C2F8C8307047D2F8C410834074
:10C1F0000B43C2F8C43070470040074008B5FFF752
:10C20000DBFF034BD3F8C030B0FBF3F008BD00BF39
:10C210000040074008B51520FFF7DAFF152000F0B1
:10C2200079F9BDE80840152000F086B90022074BD7
:10C2300001441A604FF6FF725A60884201D1986833
:10C24000704710F8012B1A72F7E700BF0000011CBD
:10C2500008B54FF4805000F091F9BDE808401D206A
:10C26000FFF7B6BF00EB0110D0F8083423F07C4391
:10C2700023F44C631343C0F80834704730B50125EC
:10C280008468036B05FA01F0184209BF04EB01143E
:10C2900000200FCA84E80F0008BF284630BD08B54B
:10C2A0000E20FFF795FF0F20FFF792FF1020FFF7FA
:10C2B0008FFF0B20FFF78CFF0B2000F02BF9BDE860
:10C2C00008400B2000F038B910B5C0F383341C349B
:10C2D0002046FFF77DFF204600F01CF92046BDE810
:10C2E000104000F029B922F07042013922F4000216
:10C2F0000906120C01F070611204114301627047CB
:10C30000D1E9003230B533F812500B69013B9A4243
:10C310000FD10B7E4C69013B1B0603F0706304F4E4
:10C32000702423432B4343F4E003836101324A60CA
:10C3300030BDC561FAE7D1E9003230B533F81250AB
:10C340000B69013B9A420FD10B7E4C69013B1B06E6
:10C3500003F0706304F4702423432B4343F440132D
:10C36000836101324A6030BDC561FAE7026810B5E9
:10C3700012F0010205D0036823F043031B051B0DD7
:10C3800003608C784B7823430C7823434C68234319
:10C3900003600B894362BC2383601AB1036843F0D6
:10C3A0000103036010BDFFFF08B50B4B98420AD193
:10C3B0002A20FFF70DFF2A2000F0ACF82A20BDE864
:10C3C000084000F0B9B82920FFF702FF292000F04B
:10C3D000A1F82920F3E700BF00C004400B7803F068
:10C3E0000F0343604B7842681B01DBB21343436089
:10C3F0008B7842681B0203F4706313434360CB786D
:10C400002BB1013B42681B039BB21343436070474F
:10C41000012A08BFC36801F03F0106BF0B43C36098
:10C42000016170472DE9F0418768054617F00C0F50
:10C430000C4604D00C2383600020BDE8F08107F097
:10C440000208D1E9013663BB097E62697EB942F414
:10C45000C002FFF748FFB8F1000F06D022699342EF
:10C4600003D221462846FFF74BFF0120E5E742F4BF
:10C470000012FFF738FFB8F1000F06D0226993428F
:10C4800003D221462846FFF756FFFB07EDD5D4E936
:10C4900003329342E9D26A6926F813200133E3603C
:10C4A000E3E7002EE7D1D6E730B5FF24074D00F0D3
:10C4B0000F02000955F82030D200944023EA04030B
:10C4C00091400B4345F8203030BD00BF0080034051
:10C4D0000121C3099B0003F1804303F56033D3F8C6
:10C4E000C02100F01F00814022EA0102C3F8C021F0
:10C4F00070470122C3099B0003F1804303F56033B9
:10C50000D3F8C01100F01F0082400A43C3F8C021D5
:10C510007047FFFF1F284FF00103064A05D9916CB1
:10C52000203883400B4393647047516C83400B4326
:10C5300053647047004007401F284FF00103074A2B
:10C5400006D9916C2038834021EA03039364704735
:10C55000516C834021EA0303536470470040074055
:10C56000054AD2F80832184320F07E4020F08700B8
:10C57000C2F80802704700BF00400740054A06495C
:10C58000D2F80832084023EA00030B40C2F8083210
:10C59000704700BF0040074078FFFF0113B54FF41C
:10C5A0000010FFF7EBFF00230193019BB3F5007F21
:10C5B00023DB0123124C4FF48000C4F8A030FFF7B6
:10C5C000CFFF85234FF48000C4F89831FFF7D6FFE2
:10C5D000D4F89C31DB07FBD501230620C4F8C0301A
:10C5E000D4F8243123F4405343F40053C4F82431E5
:10C5F00002B0BDE81040FFF7CDBD019B0133D3E78A
:10C6000000400740FFF7CABF38B5124D0446A842A4
:10C6100010D0114884420CBF32203320FFF7D8FDE0
:10C62000AC4209D13120FFF775FF3120BDE8384019
:10C63000FFF782BF3120F1E7074B9C4204D1322043
:10C64000FFF768FF3220F1E73320FFF763FF332065
:10C65000ECE700BF000004400040044010B5044671
:10C660001620FFF7B5FD00232360FF23636040F22F
:10C67000FF3363616FF07F43A36110BD00B53D23BD
:10C680008BB0CDE902124FF47A72CDE90030074B3E
:10C6900068461B6805A9B3FBF2F30493044B984763
:10C6A0009DF814000BB05DF804FB00BF8C870002FE
:10C6B0000502000300B53E238BB0CDE902124FF412
:10C6C0007A72CDE90030074B68461B6805A9B3FBB9
:10C6D000F2F30493044B98479DF814000BB05DF8F7
:10C6E00004FB00BF8C87000205020003004B1847C3
:10C6F00005020003322300B58BB0CDE90030029172
:10C70000684605A9FFF7F2FF9DF814000BB05DF82D
:10C7100004FBFFFF00B533238BB0CDE902124FF4C9
:10C720007A72CDE90030074B68461B6805A9B3FB58
:10C73000F2F30493FFF7DAFF9DF814000BB05DF8F5
:10C7400004FB00BF8C87000234234FF47A7200B5DB
:10C750008BB0CDE90030074B68461B680291B3FBF4
:10C76000F2F305A90393FFF7C1FF9DF814000BB086
:10C770005DF804FB8C870002224A30B5B0FBF2F36F
:10C780003C2402FB1300B0FBF4F204FB12020A602B
:10C790004FF46162B0FBF2F21B4D8A6005FB0200B0
:10C7A00090FBF4F007224860181DB0FBF2F2C2EBD8
:10C7B000C202801A886140F2B270820703D101225E
:10C7C0004FF4B77402E0002240F26D14A34202DD80
:10C7D0001B1B0130F1E7A0F2B270486152420B48D6
:10C7E00002F00C0202440020CB6112F8014BA3427C
:10C7F00005DA0133C1E9033000230B6230BD1B1B96
:10C800000130F2E780510100F0F1FFFFCC7E010022
:10C8100010B5044620B1002340F8043B01F0F8F9BC
:10C82000204610BD2DE9F84306460D4698461746AA
:10C83000DDF8209000F00AFC346804EA0503B8F142
:10C84000000F13D1A3B9B9F1000F15D0391E18BFCD
:10C8500001210906B8F1000F01D041F080614A467C
:10C860002943301D00F032FE002407E0AB42EAD13C
:10C8700017B124EA050333604FF0000900F0ACFC67
:10C88000B9F1000F1CD048B94FF0E0234FF08052AF
:10C89000C3F8042DBFF34F8FBFF36F8F01F040F843
:10C8A000830104460AD401F08DFE346805EA0403CE
:10C8B000B8F1000F07D143B901F094FE24F07F4492
:10C8C0002046BDE8F8839D42F6D1002FF4D024EA3B
:10C8D00005053560F0E770B505460C4601F072FEBF
:10C8E0002E6826EA04042C6001F07CFE304670BD00
:10C8F0002DE9F04104460D4600F10C0600F0A6FBC0
:10C90000236820692B4300252360B042216807D1AA
:10C9100021EA0501216000F05FFC2068BDE8F0819C
:10C92000D0E9002822F07F4312F0806F03EA01076C
:10C9300002D11FB94046E8E7BB42FBD1D20141F02A
:10C94000007148BF1D4300F061FEF3E7FFF7D0BF61
:10C9500013460A460146014801F0DABD4DC9000000
:10C960008268436800681344181A824298BF801A8C
:10C9700070472DE9F84387681646FF1A9742B84674
:10C9800028BF9046054680694246184489461C46A1
:10C9900004F0A9FFB74206D2A869A6EB080209EB8A
:10C9A000080104F0A0FFAB68A019834298BFC01A29
:10C9B000BDE8F88373B50E46017F1446C9071A46D1
:10C9C0000546436813D5069901948A4213D304227D
:10C9D0000DEB0201FFF7CDFF03462CB12246314695
:10C9E0002846FFF7C6FF6860204602B070BD94423B
:10C9F00028BF1446F1E70024F6E72DE9F8431C466A
:10CA000083680F46A3EB04089045C14628BF9146B2
:10CA10001646816905464A463846214404F063FFBC
:10CA2000B04506D2A969A6EB090207EB090004F09C
:10CA30005AFFAB68A019834298BFC01ABDE8F883BB
:10CA4000F7B51646027F1C46D20705460F46036817
:10CA50000AD504220DEB0201FFF7CFFF019A03462E
:10CA600096420ED31646043CB44228BF34462CB13D
:10CA7000224639462846FFF7C0FF2860204603B00B
:10CA8000F0BD0024FAE72DE9F041002A07460E46E2
:10CA90000CBF4FF002084FF003081D46069C73B10F
:10CAA00064B124220021204604F071FE012E38BF1B
:10CAB0000126A561A760E66084F81C80254628460B
:10CAC000BDE8F08130B58268046803684168056894
:10CAD000A542F9D1D0180138401A824298BF801A75
:10CAE00030BD2DE9F043164687B0027F039383687B
:10CAF000D2070446884603F1FF332AD5371DBB42CF
:10CB00002BD2002303932046FFF7DCFF0546324675
:10CB10002B46414620460097FFF74CFF0646A0B142
:10CB20002046FFF71DFFE36898420ED300F08EFA0F
:10CB3000236943B1002520692B462A4629460095E2
:10CB400000F05AFF256100F047FB304607B0BDE812
:10CB5000F083B34228BF33461F46039B002BD2D03D
:10CB600004A800F09FFD4FF0000901F02BFD2046C6
:10CB7000FFF7A8FF874205461BD90021084601F0B0
:10CB80002FF800F0FDFD606101F02CFD039B009388
:10CB9000002319461A46184600F0DAFEC4F814902D
:10CBA00003A904A800F09CFD0028DED0002DAAD027
:10CBB000ADE701F017FDF9E72DE9F341057F1646D2
:10CBC00005F0010502EB8505044688461F46FFF780
:10CBD00079FF32460346414620460095FFF7EAFEBC
:10CBE0000646E8B12046FFF7BBFEE368984217D33C
:10CBF000EFF311884FF0A00383F31188BFF36F8F19
:10CC0000BFF34F8F23694BB1002520692B462A467D
:10CC100029460197009500F057FF256188F3118898
:10CC2000304602B0BDE8F0812DE9F743067F0446A7
:10CC300006F001060F4690469946B600ABB301F0E8
:10CC4000C1FC2046FFF78CFE8642054619D201F052
:10CC5000C9FC2B46424639462046FFF7F1FE054601
:10CC600040B300F0F3F9636943B1002660693346CD
:10CC700032463146009600F0BFFE666100F0ACFA25
:10CC800019E00021084600F0ABFF00F079FD2061BB
:10CC900001F0A8FC0023CDF800901A46194618466A
:10CCA00000F056FE002320462361FFF759FE86421E
:10CCB0000546CED30025284603B0BDE8F083FFFF2C
:10CCC000F8B5204B204C06461D6820680F460430FE
:10CCD00000F0CEFF40B922681C49D06A01220B68DF
:10CCE000824023EA02030B60731C13D197B1184BE7
:10CCF00021685A688A6090682168C8602168043198
:10CD00004160216804319160226853611A680132E0
:10CD10001A60F8BD2368AD195D6007D30D4B186824
:10CD20002168BDE8F840043100F08BBF0A4B186859
:10CD30002168043100F085FF084B1A68AA4288BFB9
:10CD40001D60E6E7BC870002BC880002B8870002CD
:10CD5000C4870002EC870002F0870002A08700026F
:10CD6000094B0A4A1B681268D06A50B9084A12680F
:10CD70001343012B06D8074B1868074B1B68C01AD2
:10CD800070470020704700BFB8870002BC880002CF
:10CD90001C880002A0870002BC870002064A1368B4
:10CDA0001968064B19B94FF0FF321A6070471268C4
:10CDB000D2681268F9E700BFF0870002A08700027E
:10CDC0002DE9F8430646DDE90994884615461F46D5
:10CDD000002C00F09280B9F1000F00F09C806822D6
:10CDE0000021AD00204604F0D2FC2A464846C4F893
:10CDF0003090A52104F0CBFC236B043D2B4423F0A1
:10CE00000709C4F84890B8F1000F0FD008F1FF33BC
:10CE100004F1330208F1130813F8011F02F8011F8F
:10CE200009B14345F8D1002384F84730089D04F147
:10CE30000408072D28BF07254046E562656500F018
:10CE4000F2FEC5F1080504F1180000F0ECFE3A46C8
:10CE50003146A56148462461646201F08DFB206083
:10CE600001F0B0FB2D4B2E4E1A682E4F01321A6086
:10CE70003568002D44D134601B68012B1CD1B946A4
:10CE80004846013500F0C4FE082D09F11409F7D118
:10CE9000DFF89490254D484600F0BAFE284600F091
:10CEA000B7FE234800F0B4FE224800F0B1FE224B4A
:10CEB000C3F80090214B1D60214A2249136808687D
:10CEC000013313600122E364E36A9A4002430A607B
:10CED00014225343F9184A689068A260E060C0F8D1
:10CEE0000480C2F80880FA5861610132FA5001F0FA
:10CEF00079FB154B1B6803B133682046BDE8F88306
:10CF0000114B1B68002BD7D13368DA6AE36A9A4267
:10CF100098BF3460D0E74C46EFE700BFC0870002FF
:10CF2000BC8800021C88000208880002F487000206
:10CF3000D8870002C4870002F0870002EC87000255
:10CF4000A4870002B8870002B4870002F8B5184D24
:10CF500004462B68834229D040B301F033FB626959
:10CF6000144B9A421ED1A36A134A93421AD0CBB9EA
:10CF7000261D304600F07CFE01221049E36A086855
:10CF80009A4002430A6014214B430D4AD01841686D
:10CF90008F68A160E7607E608E60D158606101316A
:10CFA000D1502B68BDE8F84001F01CBBF8BD00BFB4
:10CFB000BC880002C4870002D8870002B88700023C
:10CFC0001C88000210B5002488B007AA06A905A88D
:10CFD000CDE90544FEF7ACFE059B079A0293069B3C
:10CFE0001249CDE9004312482346FFF7E9FE114BF1
:10CFF0001860B8B101F062FA012813D14FF0A00314
:10D0000083F31188BFF36F8FBFF34F8F4FF0FF3261
:10D01000094B1A60094B1860094B1C60094B1C60D6
:10D0200001F0C8FB084B1B6808B010BD6775010014
:10D0300005D300009C870002A0870002B48700028D
:10D04000BC87000248810002E47E0100024A1368A6
:10D0500001331360704700BF98870002014B1868C6
:10D06000704700BFBC870002014B1868704700BFC3
:10D07000C087000238B50A4D0A4A2B68126803447B
:10D080009342044608D101F09DFA074A013C136817
:10D090000133136001F0A6FA2B6823442B6038BDDE
:10D0A000BC870002A0870002B08700022DE9F84F7C
:10D0B000404B1B68002B78D13F4B1868013018603B
:10D0C00058B93E4A3E4B11681C6814603D4A1960CD
:10D0D000136801331360FFF761FE3B4D2B689842E4
:10D0E00010D34FF0000E4FF001094FF01408DFF895
:10D0F000CCC0364E3649DCF800301B6853B94FF0CF
:10D10000FF332B60334B1B680BB9FEF70FFE00207B
:10D11000BDE8F88FDCF80030DB68DB685A689042C5
:10D1200001D22A60EEE75F69D3E9022AC2F808A0BB
:10D13000CAF804207A681C1DA2423A6808BFC7F8E2
:10D1400004A0013AC3F814E03A609A6A8AB1D3E9BC
:10D15000077AC7F808A0CAF80470576803F1180BDB
:10D160005F45176808BFC2F804A0013FC3F828E074
:10D170001760DA6AD6F800A009FA02F708FB02F293
:10D1800047EA0A0701EB020A3760DAF80470D7F8B9
:10D1900008B09F60C3F80CB0CBF80440BC60C3F883
:10D1A00014A08B5801338B50A5E70A4A136801334A
:10D1B0001360AAE798870002BC870002F08700028C
:10D1C000EC870002A8870002A0870002B88700024F
:10D1D0001C880002B08700022DE9F84F01F0F2F937
:10D1E000364B1A68013A1A601B681BB9344A126838
:10D1F000002A57D101F0F6F90020BDE8F88FF36856
:10D20000DB68986AD3E907148C606160416803F1B8
:10D210001805A9424FF0000108BF446099620168F7
:10D22000013901605869D3E902148C60616041687A
:10D230001D1DA942016808BF446001390160D96A17
:10D24000DCF800400EFA01F02043CCF8000008FBA7
:10D2500001F002EB000ADAF80440D4F808B09C6050
:10D26000C3F80CB0CBF80450A5601458C3F814A050
:10D2700001341450D9F80000C06A814201D9C7F8BE
:10D2800000E031680029BAD10BB1FFF787FD0D4DE1
:10D290002C6824B1FFF70AFF013CFBD12C600A4B3C
:10D2A0001B68A7E74FF0010E4FF01408074EDFF898
:10D2B00020C0084ADFF82090034FE2E79887000279
:10D2C000C0870002B0870002AC870002D887000246
:10D2D000B88700021C880002BC88000208B530B183
:10D2E0000021FFF7B3FEFFF7EBFCFFF775FF4FF0F0
:10D2F000E0234FF08052C3F8042DBFF34F8FBFF3EC
:10D300006F8F08BD38B54FF0E0244FF08055C4F85A
:10D31000045DBFF34F8FBFF36F8FFEF705FDFFF77F
:10D320001FFD0128F3D9FFF791FEFFF719FD012832
:10D3300001D901F09DF9FFF74FFFE8E7244B70B5E5
:10D340001A68244B12B101221A6070BD1A60224B78
:10D35000224A1B682249136013680D68214CAB42B6
:10D3600005D916682068C36D5B1B3344C365136819
:10D370000B6023681B6B1A68B2F1A53F0BD15A688A
:10D38000B2F1A53F07D19A68B2F1A53F03D1DB689E
:10D39000B3F1A53F04D0206821683431FEF7AAFC20
:10D3A000114B1B68B3FA83F31422DBB2C3F11F03E2
:10D3B00053430E48C1184A680833526803449A42DE
:10D3C0004A6008BFCA68D36808BF4A602360BCE7E8
:10D3D00098870002AC870002488100029087000213
:10D3E00094870002BC880002B88700021C880002F3
:10D3F00070B50446274D01F0E5F804B92C68261DE8
:10D40000304600F035FC60B91423E06A224A4343F9
:10D41000D35833B90122214982400B6823EA020321
:10D420000B60A36A1BB104F1180000F021FC314627
:10D430001B4800F0FBFB94F864301A4E012B04BF2C
:10D44000002384F8643001F0CDF833682BB101F08B
:10D45000B9F8FFF7A3FC01F0C5F82B68A3420BD184
:10D46000336853B14FF0E0234FF08052C3F8042DDE
:10D47000BFF34F8FBFF36F8F70BD094A11680A4A1F
:10D480001268914201D12B60F6E7BDE87040FFF7CA
:10D4900055BF00BFBC8800021C880002B88700028C
:10D4A000C4870002B4870002C087000210B50C4692
:10D4B000054B1968183100F0C4FB2046BDE8104048
:10D4C0000121FFF7FDBB00BFBC880002034670B41A
:10D4D0000D4C41F000412068816120685968C161AC
:10D4E000206825688E6818350662756025681046C4
:10D4F00018358D60216870BC8B6219680131196024
:10D500000121FFF7DDBB00BFBC8800020F4B70B4E8
:10D5100044681D68A668EC611D68002A2E621D68BB
:10D5200005F1180575601D681B6805F11805A560F3
:10D530009862036870BC03F1010303600CBF0846E6
:10D540004FF0FF301146FFF7BBBB00BFBC880002A5
:10D55000C36870B5D868836AD0E907125C688A60CE
:10D56000516000F118018C4208BF5A6000228262AB
:10D570001A68013A1A601F4B1B68002B2ED1D0E9A4
:10D58000021243698A6051605968041DA14208BFB4
:10D590005A601A681849013A1A600122C36A0D6874
:10D5A0009A402A430A6014214B43144AD5186968EB
:10D5B0008E688160C66074608C60D15845610131AD
:10D5C000D150FFF7EBFB0E4BC26A1B68DB6A9A4235
:10D5D00085BF01200B4B0020186070BD0A4B5A68B4
:10D5E0009468C2610462616091601A68836201326A
:10D5F0001A60E8E798870002B88700021C880002DA
:10D60000BC880002AC870002D887000241F00041CC
:10D61000F8B5D0E903430160D0E901128A60516096
:10D6200059680126814208BF5A60002202611A68C7
:10D63000251D013A1A60FFF7B1FBD4E902126369B4
:10D640008A6051605968A94208BF5A601A68114936
:10D65000013A1A60E26A086806FA02F303430B60B3
:10D66000142353430C49CF187868D0F808C0A06041
:10D67000C4F80CC0CCF804508560C85867613044C9
:10D68000C850064B1B68DB6A9A4284BF044B1E607D
:10D69000F8BD00BFB88700021C880002BC880002E9
:10D6A000AC87000210B5044600F08CFF044B1B68E9
:10D6B0002360044B1B686360BDE8104000F092BF1C
:10D6C000A8870002BC870002034B1B680360034B62
:10D6D0001B684360704700BFA8870002BC87000238
:10D6E00070B50D46044600F06DFF0F4B19682B68AE
:10D6F0005A1C17D00D48266800686268864208D018
:10D700008A4206D8002301242B6000F06BFF2046DC
:10D7100070BD881A8342F5D95B1A134420462B60EA
:10D72000FFF7D2FF0024F0E7BC870002A8870002C1
:10D730000122014B1A607047AC8700020B4B1B683B
:10D740007BB90B4A106870B90A4B1B6863B90A4B66
:10D7500018680A4B1B68013B98420CBF022001204D
:10D760007047002070471846704700BFD8870002F6
:10D77000AC870002B0870002C4870002C0870002A5
:10D78000014B1868704700BFBC880002F8B504461A
:10D79000002837D0224DC36A2A68D26A934236D213
:10D7A0008269204E002AA1BF2A68D26AC2F108020B
:10D7B0008261142202FB036342699A4223D1071D4E
:10D7C000384600F055FA184930B90122E06A0B6872
:10D7D000824023EA02030B6001222B680868DB6A9F
:10D7E0009A4002430A601422E3625343F1184A68E4
:10D7F0009068A260E06047609760F2586161013212
:10D80000F2500120F8BD2B68DB6AC362F9E72B6890
:10D81000406DDB6A98422CBF00200120F2E700BF78
:10D82000BC8800021C880002B8870002F8B50446D4
:10D8300008B90020F8BD836DC16A426D013B914279
:10D840008365F6D0002BF4D1051D284600F010FAB0
:10D85000114A30B90121E06A1368814023EA0103CB
:10D8600013600120636D1668C3F10801A16100FA1D
:10D8700003F1314311601421E3624B43074AD61888
:10D8800071688F68A160E7607D608D60D1586661C6
:10D890000144D150CEE700BFB88700021C880002C7
:10D8A00070B50446002835D0436D994238BF1946FB
:10D8B000C36A8B422ED0826D012A2BD18269164D0C
:10D8C000002A4FF0140202FB03534269C162A4BF55
:10D8D000C1F1080181619A421CD1061D304600F059
:10D8E000C7F90121E36A0D4A994018B9106820EA86
:10D8F0000100106010680143116014225343E918BD
:10D900004A689068A260E06046609660EA5861618B
:10D910000132EA5070BD00BF1C880002B8870002C7
:10D92000044B1A68196890691A68CB6AC3F1080336
:10D9300093617047BC880002044B1A681AB11968D9
:10D940008A6D01328A651868704700BFBC88000282
:10D950002DE9F8430446274D1E4689461746DDF853
:10D96000208000F02FFE2B68234493F86430022BB4
:10D970001BD001212B6803EB84031A6E22EA0902F3
:10D980001A662B68234483F86410B8F1000F0CD09A
:10D990004046FFF795F94FF0E0234FF08052C3F86F
:10D9A000042DBFF34F8FBFF36F8F00F01BFE00F00D
:10D9B00009FE2EB12B6804F1180253F822303360AF
:10D9C0002B68234493F86430022B01BF2B68012697
:10D9D00003EB84031A6E12BF0026BA431A660022B4
:10D9E0002B68234483F8642000F0FCFD3046BDE83A
:10D9F000F88300BFBC8800022DE9F041DDF81880F3
:10DA000005460C4617461E4600F0DCFDB8F1000F37
:10DA100005D004F1180355F82330C8F8003002226D
:10DA20002B1993F8641083F86420731EC9B2032B7A
:10DA300008D8DFE803F002353C3A05EB8404236E96
:10DA40003B432366012925D1D5E902126B698A601F
:10DA500051605968281D814208BF5A601A681749E9
:10DA6000013A1A600122EB6A0C689A4022430A606C
:10DA700014214B43124AD41861688E68A960EE6085
:10DA800070608860D1586C610131D150FFF786F920
:10DA90000C4B1B68012400F0A5FD2046BDE8F08179
:10DAA00005EB8404236E0133CBE7022903D018343D
:10DAB00045F82470C6E70024EDE700BFB8870002F0
:10DAC0001C880002BC880002F0B5DDE90564EFF3B4
:10DAD00011854FF0A00787F31188BFF36F8FBFF355
:10DAE0004F8F26B101F1180750F8277037604FF0BB
:10DAF000020C471897F86460013BF6B287F864C0DF
:10DB0000032B08D8DFE803F002434B4900EB810107
:10DB10000B6E1A430A66012E35D12B4BC26A1B6865
:10DB2000002B40D1D0E902614369B1604E605E686C
:10DB3000071DBE4208BF59601968013919600123E9
:10DB4000224993400E6833430B601423534320490A
:10DB500001EB030CDCF80460D6F808E08660C0F83E
:10DB60000CE0CEF80470B760C0F814C0C85801309B
:10DB7000C850184B1B68DB6A9A4204D9012304B1D0
:10DB80002360154A1360012085F31188F0BD00EB76
:10DB900081010B6E01330B66BDE7022E11D01831E7
:10DBA00040F82120B7E70D4B00F1180659688F683F
:10DBB000C16107627E608E601968836201311960FD
:10DBC000D7E70020E0E700BF98870002B88700028F
:10DBD0001C880002BC880002AC870002D8870002C3
:10DBE00038B50D46044608B9084B1C6800F0EAFC3D
:10DBF00000202C4494F86430022B0ABF84F864009F
:10DC00000446012400F0EEFC204638BDBC8800022A
:10DC10004FF0FF3200F10803C0E9022343600361C3
:10DC200000230360704700230361704743689A68CC
:10DC30004B608A605160996003680861013303603A
:10DC4000704730B50C68631C0AD103695A684A6092
:10DC500091608B605960036808610133036030BDD7
:10DC600000F10802134652681568A542FAD9EDE79B
:10DC70000369D0E901128A6051605968814208BF86
:10DC80005A60002202611A68013A1A6018687047E7
:10DC900010B5044600F096FCA46B00F0A3FCB4FAA7
:10DCA00084F0400910BD03461A6C084610B45AB1FE
:10DCB000DC68A1189C68D960A14228BF196810BC13
:10DCC00028BFD96003F00FBE10BC704770B5044682
:10DCD00000F078FC94F8455004F124066DB2002D54
:10DCE00001DD636AB3B9FF2384F8453000F07AFCA4
:10DCF00000F068FC94F8445004F110066DB2002D59
:10DD000001DD23697BB9FF2384F84430BDE870400E
:10DD100000F068BC3046FFF71BFC08B1FFF708FDB8
:10DD2000013D6DB2DBE73046FFF712FC08B1FFF7AB
:10DD3000FFFC013D6DB2E2E770B51646026C044689
:10DD4000856B42B906681EB98068FFF76FFDA66053
:10DD50000135A56370BD66B9406803F0C4FD636812
:10DD6000226C1344A26863609342F1D3236863601A
:10DD7000EEE7C06803F0B7FD226CE36851429B1ADE
:10DD80002268E36093423EBFA3685B18E360022E03
:10DD9000DED1002DDCD0013DDAE770B50E46044639
:10DDA00010B3C06B00B3236CA3FB0035DDB900F0EA
:10DDB00009FCD4E90F314B432268A563D0185B1AE4
:10DDC00062601A44FF23A06084F84430E26084F863
:10DDD000453056B104F11000FFF71AFF04F124009A
:10DDE000FFF716FF07E0002070BD23691BB104F1A7
:10DDF0001000FFF7ADFB00F0F5FB0120F4E710B5D4
:10DE00001C4698B113B11AB121B90C46204610BD79
:10DE100071B91A46C4E90F01226001212046FFF7BB
:10DE2000BCFF9DF8083084F84C30EFE70446EDE77E
:10DE30001446EBE72DE9FF41002704460E461D4638
:10DE4000B846019200F0BEFBA26BE36B9A4210D27F
:10DE50002A4631462046FFF76FFF636A1BB104F183
:10DE60002400FFF775FB00F0BDFB012004B0BDE806
:10DE7000F081022DECD0019B1BB900F0B3FB002018
:10DE8000F4E717B902A8FFF71FFC00F0ABFBFFF7A0
:10DE9000DDF800F097FB94F84430FF2B08BF84F8BE
:10DEA000448094F84530FF2B08BF84F8458000F08B
:10DEB00099FB01A902A8FFF713FC38BB00F082FB15
:10DEC000A26BE36B9A420ED100F08CFB019904F136
:10DED0001000FFF7EBFA2046FFF7F8FEFFF77CF99A
:10DEE00048B10127AEE700F07DFB2046FFF7EEFECC
:10DEF000FFF772F9F5E74FF0E0234FF08052C3F8D7
:10DF0000042DBFF34F8FBFF36F8FEAE72046FFF773
:10DF1000DDFEFFF761F9B2E770B506460C4691B138
:10DF20000025096001212046C4E90F15FFF735FFE0
:10DF30002B462A462946204684F84C60A560256079
:10DF4000E560FFF777FF204670BDF8B5164604463A
:10DF50001A46EFF311874FF0A00383F31188BFF344
:10DF60006F8FBFF34F8F806BE36B984201D3022A10
:10DF70001FD194F8455020466DB2A36BFFF7DCFE2D
:10DF80006B1C0DD1636A3BB104F12400FFF7E0FA8A
:10DF900010B10EB101233360012087F31188F8BD61
:10DFA000FFF762F88542F7D201356DB284F845502B
:10DFB000F2E70020F1E72DE9FF41002704460E4675
:10DFC000B846019200F0FEFAA56B8DB131462046AD
:10DFD000013DFFF768FEA56323691BB104F1100042
:10DFE000FFF7B6FA00F0FEFA012004B0BDE8F081B8
:10DFF000019B1BB900F0F6FA0020F6E717B902A85A
:10E00000FFF762FB00F0EEFAFFF720F800F0DAFA13
:10E0100094F84430FF2B08BF84F8448094F84530CE
:10E02000FF2B08BF84F8458000F0DCFA01A902A8A4
:10E03000FFF756FB00BB2046FFF72AFEB0B101995F
:10E0400004F12400FFF732FA2046FFF73FFEFFF706
:10E05000C3F848B94FF0E0234FF08052C3F8042DC5
:10E06000BFF34F8FBFF36F8F0127ABE72046FFF75A
:10E070002DFEFFF7B1F8F7E72046FFF727FEFFF781
:10E08000ABF82046FFF704FE0028EDD0B4E7F0B56A
:10E09000002504462F462E4685B0019100F092FAE5
:10E0A000A36B8BB1013BA363236813B9FFF744FC57
:10E0B000A06023691BB104F11000FFF749FA00F0DA
:10E0C00091FA012005B0F0BD019B1BB900F08AFA5E
:10E0D0000020F7E717B902A8FFF7F6FA00F082FA76
:10E0E000FEF7B4FF00F06EFA94F84430FF2B08BF3F
:10E0F00084F8446094F84530FF2B08BF84F84560ED
:10E1000000F070FA01A902A8FFF7EAFA50BB204616
:10E11000FFF7BEFD00B323683BB900F053FAA068D7
:10E12000FFF734FB054600F05DFA019904F1240085
:10E13000FFF7BCF92046FFF7C9FDFFF74DF848B9D6
:10E140004FF0E0234FF08052C3F8042DBFF34F8F00
:10E15000BFF36F8F0127A1E72046FFF7B7FDFFF759
:10E160003BF8F7E72046FFF7B1FDFFF735F820460B
:10E17000FFF78EFD0028EDD0002DA9D000F022FA87
:10E18000616A19B1236B1968C1F10801A068FFF732
:10E1900087FB9BE770B5B9B100230C4A1C461546B6
:10E1A0005668864204D105EBC403C3E900100BE0B6
:10E1B0001BB91668002E08BF134601340A2C02F161
:10E1C0000802EDD1002BF0D170BD00BFC088000265
:10E1D00070B504460D46164600F0F4F994F8443044
:10E1E000FF2B04BF002384F8443094F84530FF2B04
:10E1F00004BF002384F8453000F0F4F9A36B2BB979
:10E200003246294604F12400FFF780F92046BDE894
:10E210007040FFF75BBDFFFF914208B541600061B0
:10E220000AD8D21A83699A420DD2084B011D186888
:10E23000FFF707FD002008BD9A4201D2994202D2A1
:10E24000034B011DF3E70120F5E700BF1C89000225
:10E250002089000270B504460D461646A1692B467A
:10E26000324620462944FFF7D7FF00B970BDA369A5
:10E2700020461D44236A9847F0E7FFFF0E4B70B518
:10E280001B680546DB680E46DC68201DFFF7F0FCC6
:10E2900094F828305A0709D5324629462046FFF718
:10E2A000D9FF2046236ABDE87040184723F00103D8
:10E2B00084F82830F5E700BF2089000210B5084C2B
:10E2C00023681A6822B9074A11681360216010BDDB
:10E2D000DB684FF0FF311868FFF7D0FFF0E700BFB1
:10E2E000208900021C890002F7B5114C00F06AF980
:10E2F0002568BDB90F4F104E3846FFF789FC3046F0
:10E30000FFF786FC0D4B10211F600D4B08201E608F
:10E310000C4A0D4B0095FFF772FD206010B10B49C0
:10E32000FFF738FF03B0BDE8F04000F05BB900BF75
:10E33000188900023889000224890002208900021D
:10E340001C890002BC7500023C7600026C7501005D
:10E350002DE9F043554F564E85B03B68D3F80090F9
:10E36000B9F1000F2BD00025DB68D3F80090FEF741
:10E370006DFEFEF773FE336804469842DFF8348181
:10E380001FD33060002D44D04B4B1B681D68B5FA7D
:10E3900085F56D092A46D8F80000A9EB0401FFF7BE
:10E3A00017FFFEF719FF88B94FF0E0234FF08052B6
:10E3B000C3F8042DBFF34F8FBFF36F8F06E0012525
:10E3C000D5E7FFF77BFF3460FEF706FF00226946C2
:10E3D000D8F80000FFF7EFFD0028BED0009B0298A0
:10E3E000002B1FDB029C63691BBBFEF737FE336803
:10E3F0000546984201D2FFF761FF009B3560013B63
:10E40000082BE3D8DFE803F019194B3C4B19194BE3
:10E410003C008145BED8FEF7DFFE21464846FFF7A7
:10E420002DFFD3E7019B03999847009B002BCDDB81
:10E43000D8E7201DFFF71CFCD7E794F82830A16926
:10E4400043F0010384F82830019B2A4620461944F2
:10E45000FFF7E2FE0028B9D094F828305A070AD511
:10E46000A36901992A4620461944FFF7F3FE204686
:10E47000236A9847AAE723F0010384F82830F6E7D7
:10E4800094F82830019943F0010384F82830A16101
:10E490002B462A4620462944FFF7BEFE96E794F80D
:10E4A000283023F0010384F828308FE72089000208
:10E4B00010890002188900021C89000210B588B07A
:10E4C000FFF712FF0E4B00241868B8B107AA06A97F
:10E4D00005A8CDE90544FDF737FC059B079A029393
:10E4E000069B084901930423074800932346FEF73F
:10E4F00067FC064B1860001B18BF012008B010BD58
:10E50000188900027175010051E3000014890002AE
:10E510001FB514461A466FF00103CDE900300548D7
:10E52000CDE90214002369460068FFF70EFD04B030
:10E5300010BD00BF18890002002382B001934FF084
:10E54000A00383F31188BFF36F8FBFF34F8F019B3D
:10E55000002BFCD002B0704706480068006880F3CA
:10E56000088862B661B6BFF34F8FBFF36F8F00DFCD
:10E5700000BF000008ED00E04FF0807340F8043C5D
:10E58000054B21F0010140F8081C40F80C3C40F814
:10E59000202C4038704700BF39E50000FFFFFFFF27
:10E5A000074B19680868B0E8F00F80F30988BFF3DB
:10E5B0006F8F4FF0000080F311884EF00D0E704702
:10E5C000BC8800024FF0A00383F31188BFF36F8F64
:10E5D000BFF34F8F024A136801331360704700BFC7
:10E5E000E08A0002034A1368013B13600BB983F30E
:10E5F00011887047E08A0002FFFFFFFFFFFFFFFF67
:10E60000EFF30980BFF36F8F0D4B1A6820E9F00F0D
:10E6100010602DE908404FF0A00080F31188FEF74C
:10E620008DFE4FF0000080F31188BDE808401968A6
:10E630000868B0E8F00F80F30988BFF36F8F704768
:10E64000BC88000208B54FF0A00383F31188BFF324
:10E650006F8FBFF34F8FFEF729FD28B14FF0E023F6
:10E660004FF08052C3F8042D002383F3118808BDB6
:10E67000F8B53A4B04461F6872B6BFF34F8FBFF32D
:10E680006F8FFFF75BF808B962B6F8BD4FF0E02274
:10E690000623334D136193692E683946002B08BF5A
:10E6A0003346A74228BF2146D2F8044D481E6401D4
:10E6B00048BF4FF0007406FB003344BFC2F8044D5E
:10E6C0002A68284E48BF9B1A326800249A4238BFF5
:10E6D0009B1A4FF0E02253619461146944F00104E5
:10E6E000146121B1BFF34F8F30BFBFF36F8F62B69C
:10E6F000BFF34F8FBFF36F8F72B6BFF34F8FBFF370
:10E700006F8F4FF0E0240622226127692A68FF03F9
:10E7100018D5A16911440139CB1A3168994201D247
:10E72000934200D9531E4FF0E02253614FF0E02393
:10E7300000229A6107221A612A68013A5A61FEF79B
:10E7400099FCA1E75143A369C81AB0FBF2F000FBA2
:10E7500002225B1A1A446261E8E700BF5089000296
:10E76000548900024C8900024FF47A710D480E4A18
:10E770000368B3FBF1F313606FF07F42B2FBF3F376
:10E780000A4A13605E220A4B1A604FF0E02200230F
:10E79000136193610368B3FBF1F3013B53610723FA
:10E7A000136170478C87000254890002508900026F
:10E7B0004C8900024FF0E02310B50024D3F8202D3F
:10E7C00042F47F02C3F8202DD3F8202D42F07F427F
:10E7D000C3F8202DFFF7C8FF044B1C60FFF7BCFEF9
:10E7E000FEF7ACFDFFF7A8FE204610BDE08A000250
:10E7F00000F0CEB938B5044600F052FA214605467D
:10E80000204601F019FC70B92046002101F00AFCF5
:10E8100048B92046002101F0DDFB30B103F024F8B7
:10E820002223074D0360284638BD03F01DF821223E
:10E83000034604481A60BDE8384000F0A9B800BF9C
:10E84000000080FFE87E010038B5044600F054FB6C
:10E8500021460546204601F0EFFB70B92046002115
:10E8600001F0CCFB48B12046002101F0B3FB30B1F0
:10E8700002F0FAFF2223074D0360284638BD02F05C
:10E88000F3FF2122034604481A60BDE8384000F037
:10E890007FB800BF000080FFE87E010070B50C4625
:10E8A000064600F079FB21460546204601F0C4FBF0
:10E8B00058B93046002101F08DFBA0B1204600215F
:10E8C00001F088FB18B14FF07E55284670BD2046F8
:10E8D00000F056F80028F8D02046002101F084FB13
:10E8E0000028F2D023E0284600F04AF880B12846FC
:10E8F000002101F06FFB0028E7D0304600F040F81F
:10E900000028E2D0204600F03BF80028DDD00EE0E1
:10E91000304600F035F80028E9D0204600F030F805
:10E920000028E4D02946284601F086FB20B902F0F1
:10E930009BFF22230360C8E702F096FF21230360B8
:10E94000C3E700BF38B5044600F026F82146054667
:10E95000204601F071FB20B92046002101F044FB64
:10E9600008B9284638BD02F07FFF21220346002166
:10E970001A60084601F04EFA0546284638BD00BF29
:10E9800020F00040B0F1FF4F2CBF00200120704765
:10E99000004870470000C07F20F00042B2F1FF4FF6
:10E9A0002DE9F04104464FD2002A4BD000280346FF
:10E9B00054DB10F0FF424FD15B001802114602F108
:10E9C0000102F9D549420024C3F31602A1F17F05E3
:10E9D000CB074FF0190E4FF0807C214642F4000225
:10E9E00058BF52006D10520001EB0C039342CFBF91
:10E9F000134603EB0C016444D31ABEF1010E4FEA37
:10EA000043024FEA5C0CEFD1BBB11A4E1A4F30688B
:10EA1000396801F041F8D6F800800146404601F01F
:10EA2000EDFA50B13068396801F038F836680146BF
:10EA3000304601F0D9FAC8B10234601000F17C50C0
:10EA400000EBC550BDE8F081014601F02FF92146E9
:10EA500001F024F8BDE8F081C115B4E7014601F0EA
:10EA60001BF8014601F0D6F9BDE8F081013424F02D
:10EA70000104E2E7F07E0100EC7E01002DE9F041A7
:10EA8000C0F3C7557F3D162D044620F0004717DC24
:10EA9000002D80461FDB194F2F41384213D01849F3
:10EAA00000F0FCFF002101F0BDFA60B1002C03DD95
:10EAB0004FF400032B41984428EA0700BDE8F08199
:10EAC000B7F1FF4F02D22046BDE8F081014600F0C9
:10EAD000E5FFBDE8F0810A4900F0E0FF002101F008
:10EAE000A1FA0028EFD0002C05DB17B14FF07E50C3
:10EAF000EAE70020E8E74FF00040E5E7FFFF7F008E
:10EB0000CAF249712DE9F041C0F3C7557F3D162D7A
:10EB1000044620F0004717DC002D80461FDB194F0C
:10EB20002F41384213D0184900F0B8FF002101F0FE
:10EB300079FA60B1002C03DA4FF400032B419844BA
:10EB400028EA0700BDE8F081B7F1FF4F02D2204666
:10EB5000BDE8F081014600F0A1FFBDE8F0810A495F
:10EB600000F09CFF002101F05DFA0028EFD0002C9E
:10EB700001DB0020ECE717B94FF00040E8E703485D
:10EB8000E6E700BFFFFF7F00CAF24971000080BFC7
:10EB900070B521F00045B5F1FF4F0A4603462CD869
:10EBA00020F00046B6F1FF4F844626D8B1F17E5FD3
:10EBB00035D08C1704F0020444EAD07416B33DB388
:10EBC000B5F1FF4F33D0B6F1FF4F21D0761BB6F130
:10EBD000F45F4FEAE65028DA002933DA3C3031DAC4
:10EBE0000020012C3FD0022C35D02CB1244900F05C
:10EBF00055FF244900F050FF70BD1946104600F043
:10EC00004DFF70BD022C08D0032CF5D11E4870BDFD
:10EC1000BCF1000F07DB1D4870BD1A4870BDBDE890
:10EC2000704000F09DBD1A4870BD1848D9E7B6F194
:10EC3000FF4F04F1FF3419D0022C1DD8154B53F8A7
:10EC4000240070BD1146184601F0E4F800F09EFE65
:10EC500000F086FDC5E70A4900F020FF014609489B
:10EC600000F01AFF70BD00F1004070BD022C05D805
:10EC7000094B53F8240070BD002070BD074870BDDB
:10EC80002EBDBB33DB0F4940DB0F49C0DB0FC93F53
:10EC9000DB0FC9BFF47E0100007F0100DB0F493F9D
:10ECA0002DE9F84F30F000432BD0002801460346F1
:10ECB00040DBB0F1FF4F39DAB0F5000F41DB002146
:10ECC000804AC3F316052A44DC1502F400007F3C99
:10ECD00080F07E500C4428434FF07E5104EBD25418
:10ECE00000F0DAFE784B05F10F021340064683BBB5
:10ECF000002101F06FF9002800F0A38044B9002042
:10ED000004E000214FF04C4001F084F8BDE8F88F9A
:10ED1000204600F077FF6D49054600F0C7FF6C49BB
:10ED20000446284600F0C2FF0146204600F0B6FE29
:10ED3000BDE8F88F00F0B0FE002101F06BF8BDE8EF
:10ED4000F88F4FF0984100F0B1FF6FF018010346C3
:10ED5000B6E74FF0804100F0A1FE0146304601F0D9
:10ED600059F88046204600F04DFF41468146404616
:10ED700000F09CFF0146824600F098FF0746554987
:10ED800000F094FF544900F089FE394600F08EFFF0
:10ED9000524900F083FE394600F088FF504900F0E8
:10EDA0007DFE514600F082FF4E498246384600F013
:10EDB0007DFF4D4900F072FE394600F077FF4B4968
:10EDC00000F06CFE394600F071FF0146504600F03D
:10EDD00065FEDFF81CB10746AB44C5F5571505F5D0
:10EDE000227545EA0B05002D4CDD4FF07C51304675
:10EDF00000F05CFF314600F059FF054638462946D1
:10EE000000F04CFE414600F051FF0746002C47D071
:10EE10002E49484600F04AFF2D490446484600F076
:10EE200045FF394600F03AFE0146284600F034FE20
:10EE3000314600F031FE0146204600F02DFEBDE8CF
:10EE4000F88F2C49304600F031FF01464FF07C50DE
:10EE500000F022FE31460546304600F027FF01460D
:10EE6000284600F023FF0546ACB1204600F0CAFE5C
:10EE70001649074600F01AFF04463846144900F0C8
:10EE800015FFD1E70146304600F006FE414600F08E
:10EE90000DFF05466CB92946304600F0FDFD35E70B
:10EEA0000146284600F0F8FD0146304600F0F4FD2A
:10EEB0002CE70649484600F0F9FE05490446484655
:10EEC000DDE700BF20FB4A00F0FF7F008071313F8B
:10EED000D1F717379788173E25333A3E2549923E9A
:10EEE000ABAA2A3F4FD01C3E298E633ECDCCCC3EF0
:10EEF000305CCFFFABAAAA3E30F0004270B530D0F4
:10EF000000280146024632DBB0F1FF4F26DAB0F5A9
:10EF1000000F32DB0021D3157F3B0B4403EBD37092
:10EF2000DC0FC2F3160500F06DFE1849064600F02E
:10EF3000BDFE0246C4F17F00144645EAC050FFF70B
:10EF4000AFFE134900F0B2FE214600F0A7FD1149C3
:10EF50000446304600F0AAFE0146204600F09EFD21
:10EF600070BD00214FF04C4000F054FF70BD00F028
:10EF700093FD002100F04EFF70BD4FF0984100F06E
:10EF800095FE6FF018010246C5E700BFDB27543538
:10EF9000D95BDE3E80209A3E2DE9F04F31F00049EA
:10EFA0000C460746804689B00DD180F480084FEAB0
:10EFB000480818F5000F15D92146384600F06EFDB7
:10EFC00009B0BDE8F08F20F0004ABAF1FF4F0D46BE
:10EFD0000DD9B8F17E5FEFD185F480056D0015F590
:10EFE000000FE9D84FF07E5009B0BDE8F08FB9F1BD
:10EFF000FF4FEED80028D34614DBB9F1FF4F00F0E5
:10F000003A81B9F17E5F00F06181B1F1804F00F08B
:10F010008B81B1F17C5F40F0758109B0BDE8F04FA4
:10F02000FFF7BABCB9F1974F80F02E81B9F17E5F3E
:10F0300080F05781B1F1804F00F07681B1F17C5FB3
:10F0400000F0C28200F0A2FCBAF1FF4F4FF00006C0
:10F0500000F02581BAF1000F00F05D81BAF17E5F0A
:10F0600000F059814FEAD873013B0293334300F01B
:10F070007F81B9F19A4F40F28381AE4B9A4540F2BD
:10F08000E182AD4B9A4500F2E9824FF07E5100F0EB
:10F0900003FDAA49074600F009FEA9498146384602
:10F0A00000F004FE4FF07A518046384600F0FEFD35
:10F0B0000146A44800F0F0FC394600F0F7FD014697
:10F0C0004FF07C5000F0E8FC39468246384600F0AC
:10F0D000EDFD0146504600F0E9FD9B4900F0E6FDDC
:10F0E0000146404600F0D8FC80464846414600F0C4
:10F0F000D5FC20F47F6727F00F074946384600F01B
:10F10000CBFC0146404600F0C7FC029B013E6FF37A
:10F110000B051E4329468046204614BF4FF07E56FD
:10F120008A4E00F0B9FC394600F0C0FD0346214686
:10F1300040461C4600F0BAFD0146204600F0AEFCF9
:10F140000346294638461F4600F0B0FD04463846BF
:10F15000214600F0A3FC00280546824620F000422C
:10F1600040F34282B2F1864F00F2C88200F0A782DB
:10F17000B2F17C5F00F2CA824FF0000845466FF39F
:10F180000E0A7349504600F091FD214681465046D3
:10F1900000F082FC0146384600F07EFC6D4900F02C
:10F1A00085FD6D490446504600F080FD014620462D
:10F1B00000F074FC04464846214600F06FFC4946C6
:10F1C000074600F069FC0146204600F065FC394620
:10F1D0008146384600F06AFD0446604900F066FD4D
:10F1E0005F4900F059FC214600F060FD5D4900F0E8
:10F1F00055FC214600F05AFD5B4900F04DFC2146CC
:10F2000000F054FD594900F049FC214600F04EFD44
:10F210000146384600F040FC04463846214600F0DE
:10F2200045FD03464FF0804120461C4600F034FC6B
:10F230000146204600F0EEFD49460446384600F0FF
:10F2400035FD494600F02AFC0146204600F024FC2A
:10F25000394600F021FC01464FF07E5000F01CFCC6
:10F2600003464344B3F5000FC0F2F481184631461B
:10F2700000F01CFDA4E6BAF17E5F3FF4B3AE2BD9DB
:10F28000002D27DB20469BE6B9F1FF4FF3D000F0BD
:10F290007DFBBAF1FF4F4FF002067FF4DBAE002D8D
:10F2A00008DA01464FF07E5000F0B4FDB8F1000FCF
:10F2B000BFF686AEAAF17E5A5AEA060A00F06A81C3
:10F2C000012E7FF47DAE00F1004079E6002D25DBB4
:10F2D000384675E6002073E6002DFBDA04F10040A5
:10F2E0006EE64FEAE953C3F1960349FA03F202FAD4
:10F2F00003F34B4500F05581B9F17E5FE6D0B1F1E3
:10F30000804F11D0384600F041FBBAF1FF4F4FF06B
:10F3100000067FF49FAE002DC3DBC7E739464FF0F0
:10F320007E5000F077FD4BE63946384600F0BEFCD3
:10F3300046E600BFF3FF7F3F0700803F00AAB83FCB
:10F3400070A5EC36ABAAAA3E3BAAB83F000080BF2E
:10F350000072313F1872313F8CBEBF354CBB313328
:10F360000EEADD3555B38A38610B363BABAA2A3E2F
:10F370003946384600F090FB014600F04BFD1FE691
:10F3800018F0FF4F40F05C814FF0974100F08EFC89
:10F390006FF0170283464FEAEB537F3B9A18B34B4B
:10F3A000CBF3160B9B4504924BF07E5807DDB04B18
:10F3B0009B4540F37B8101320492A8F500080023AD
:10F3C00000274FF07E5B079306935946404600F0B6
:10F3D00063FB59468146404600F060FB01464FF012
:10F3E0007E5000F017FD024648461146059200F097
:10F3F0005DFCA04B019003EA680343F0005303F562
:10F4000080033B4419469C4F0393019BC24607EA85
:10F410000308404600F04AFC0146484600F03CFB29
:10F42000039B81465946184600F036FB014650467C
:10F4300000F032FB414600F039FC0146484600F03E
:10F440002BFB059A114600F031FCDDF804B0039067
:10F450005946584600F02AFC8146884900F026FCAF
:10F46000874900F01BFB494600F020FC854900F06D
:10F4700015FB494600F01AFC834900F00FFB494692
:10F4800000F014FC814900F009FB494600F00EFC35
:10F490007F4900F003FB49468246484600F006FCDF
:10F4A0000146504600F002FC81464146584600F0B5
:10F4B000F5FA039900F0FAFB494600F0EFFA4146ED
:10F4C0008146404600F0F2FB7249824600F0E6FABF
:10F4D000494600F0E3FA0346404607EA030841467E
:10F4E00000F0E4FB6B498346404600F0D5FA5146F4
:10F4F00000F0D2FA0146484600F0CEFA019900F039
:10F50000D5FB034641460398984600F0CFFB0146E1
:10F51000404600F0C3FA82465846514600F0BEFA13
:10F5200007EA000840465C4900F0C0FB59468146A6
:10F53000404600F0B1FA0146504600F0ADFA574996
:10F5400000F0B4FB034656494046984600F0AEFB37
:10F550000146404600F0A2FA069900F09FFA804664
:10F56000049800F04FFB82464146484600F096FA68
:10F57000DDF81CB0594600F091FA514600F08EFAC1
:10F5800007405146384600F087FA594600F084FAA1
:10F590004946B4E5014600F07FFA014600F03AFC26
:10F5A0000EE5B9F17E5F3FF491AEB1F1804F3FF4CB
:10F5B000BBAE02F00102C2F1020600F0E7F9BAF1B7
:10F5C000FF4F7FF447AD6AE600F0E0F9BAF1FF4F74
:10F5D0003FF4F6ACBAF1000F3FF4F2ACBAF17E5F43
:10F5E0007FF4C6AE002665E62E4B9A4200F2A88054
:10F5F0007FF4BEAD214600F04FFA394600F008FD19
:10F60000002840F09D8005F50043C3F3C75226490A
:10F610007F3A11411940C3F31603C2F1170243F4B4
:10F62000000343FA02F56D42204600F035FA044625
:10F630003846214600F032FA4FEAC55882469EE528
:10F640000022A8E6002D0BDB002009B0BDE8F04F3A
:10F6500000F016BA294600F09DF908E6002DF3DD0A
:10F66000002009B0BDE8F04F00F00EBA71C41C00D4
:10F67000D6B35D0000F0FFDF00F0FFFF42F1533E24
:10F6800055326C3E05A38B3EABAAAA3EB76DDB3E5E
:10F690009A99193F000040400040763F4F38763F2E
:10F6A000C623F6B800001643000080FF284B4FF435
:10F6B00000170793274B4FF07F5B069385E626499B
:10F6C000384600F0EBF90346214628461D4600F077
:10F6D000E3F90146284600F0A5FC78B90AF5004395
:10F6E000DA151E497F3A11411940C3F31603C2F1DE
:10F6F000170243F4000343FA02F595E73046002170
:10F7000000F072FC003818BF0120AAE74FF4000394
:10F71000D2157E3A134153441049C3F3C7527F3A7E
:10F72000C3F31605114145F40005C2F11702BAF101
:10F73000000F01EA030145FA02F5BFF675AF72E763
:10F740003046002100F050FC003818BF01207CE753
:10F7500000C0153FDCCFD1353CAA3833000080FF14
:10F760002DE9F04120F00045B5F1A14F04460746D0
:10F7700008D3B5F1FF4F73D8002840F3A1806F483C
:10F78000BDE8F0816E4B9D427AD8B5F1445F6CD3F1
:10F790004FF0FF382146204600F088FA0146064621
:10F7A00000F084FA0546674900F080FA664900F0E7
:10F7B00075F9294600F07AFA644900F06FF9294694
:10F7C00000F074FA624900F069F9294600F06EFA17
:10F7D000604900F063F9294600F068FA5E4900F0DC
:10F7E0005DF9314600F062FA5C490646284600F0B1
:10F7F0005DFA5B4900F050F9294600F057FA594983
:10F8000000F04AF9294600F051FA574900F044F94E
:10F81000294600F04BFA554900F03EF9294600F020
:10F8200045FA0146304600F039F9214600F03EFA2B
:10F83000B8F1FF3F014646D04D4B4E4D53F82810CE
:10F8400000F02AF9214600F027F9014655F8280072
:10F8500000F022F9002F93DA00F10040BDE8F081BA
:10F86000014600F01BF9BDE8F081434900F016F9AC
:10F870004FF07E5100F0D6FB002889D020467FE76C
:10F8800000F084F83D4B04469D4221D8A3F5D003F7
:10F890009D423FD8014600F001F94FF07E5100F043
:10F8A000FBF803464FF0804120461C4600F0F6F876
:10F8B0000146204600F0AEFA4FF00008044669E722
:10F8C0002F48BDE8F081204600F0E6F8BDE8F08161
:10F8D0002C4B9D4216D84FF07F5100F0DDF80346C7
:10F8E0004FF07F5120461C4600F0E0F94FF07E516A
:10F8F00000F0D4F80146204600F08CFA4FF00208E0
:10F90000044647E70146204800F084FA4FF0030818
:10F9100004463FE74FF07E5100F0BEF803464FF03B
:10F920007E5120461C4600F0B9F80146204600F002
:10F9300071FA4FF0010804462CE700BFDB0FC93F06
:10F94000FFFFDF3ED769853C59DA4B3D356B883D7B
:10F950006E2EBA3D2549123EABAAAA3E21A215BD84
:10F960006BF16E3D95879D3D388EE33DCDCC4C3E91
:10F970000C7F01001C7F0100CAF24971FFFF973F15
:10F98000DB0FC9BFFFFF1B40000080BF20F000401D
:10F99000704700BF10B50C4630F0004103461DD043
:10F9A000B1F1FF4F1BD210F0FF4F02461BD14FF0B9
:10F9B000984100F07BF9204A034694422CDBC0F3C7
:10F9C000C75102464CF250308442A1F1190110DDBA
:10F9D00018461A4961F31E0000F068F910BD01468F
:10F9E00000F05CF810BD4CF2503084424FEAD15127
:10F9F000EEDC2144FE29EBDC002911DC11F1160FAD
:10FA000013DB01F1190022F0FF424FF04C5142EAA2
:10FA1000C05000F04BF910BD094900F047F910BD86
:10FA200022F0FF4242EAC15010BD1846044961F37A
:10FA30001E0000F03BF910BDB03CFFFFCAF2497157
:10FA40006042A20D38B505460C4601F00DFF034695
:10FA500028461C6038BD00BF08B540B101F1004028
:10FA600000F024F9BDE808402221FFF7EBBF08466B
:10FA700000F01CF9BDE808402221FFF7E3BF00BFFA
:10FA80004FF08051FFF7E8BF4FF0E041FFF7E4BFD0
:10FA900080F0004002E000BF81F0004142001FBF43
:10FAA0005FEA410392EA030F7FEA226C7FEA236C4C
:10FAB0006AD04FEA1262D2EB1363C1BFD218414041
:10FAC00048404140B8BF5B42192B88BF704710F0D7
:10FAD000004F40F4000020F07F4018BF404211F07A
:10FAE000004F41F4000121F07F4118BF494292EAE2
:10FAF000030F3FD0A2F1010241FA03FC10EB0C000E
:10FB0000C3F1200301FA03F100F0004302D549429A
:10FB100060EB4000B0F5000F13D3B0F1807F06D347
:10FB200040084FEA310102F10102FE2A51D2B1F13F
:10FB3000004F40EBC25008BF20F0010040EA030034
:10FB40007047490040EB0000013A28BFB0F5000FB4
:10FB5000EDD2B0FA80FCACF1080CB2EB0C0200FA6A
:10FB60000CF0AABF00EBC25052421843BCBFD040B9
:10FB70001843704792F0000F81F4000106BF80F433
:10FB800000000132013BB5E74FEA41037FEA226CF6
:10FB900018BF7FEA236C21D092EA030F04D092F0C1
:10FBA000000F08BF0846704790EA010F1CBF0020F5
:10FBB000704712F07F4F04D1400028BF40F0004052
:10FBC000704712F100723CBF00F50000704700F072
:10FBD000004343F0FE4040F4000070477FEA226299
:10FBE00016BF08467FEA23630146420206BF5FEA6A
:10FBF000412390EA010F40F4800070474FF000036A
:10FC000004E000BF10F0004348BF40425FEA000C30
:10FC100008BF704743F0964301464FF000001CE0D8
:10FC200050EA010208BF70474FF000030AE000BF2E
:10FC300050EA010208BF704711F0004302D540426C
:10FC400061EB41015FEA010C02BF844601460020DE
:10FC500043F0B64308BFA3F18053A3F50003BCFAF9
:10FC60008CF2083AA3EBC25310DB01FA02FC6344A6
:10FC700000FA02FCC2F12002BCF1004F20FA02F2AD
:10FC800043EB020008BF20F00100704702F12002A0
:10FC900001FA02FCC2F1200250EA4C0021FA02F201
:10FCA00043EB020008BF20EADC7070474FF0FF0C06
:10FCB0001CEAD0521EBF1CEAD15392EA0C0F93EA01
:10FCC0000C0F6FD01A4480EA010C400218BF5FEAA3
:10FCD00041211ED04FF0006343EA501043EA511116
:10FCE000A0FB01310CF00040B1F5000F3EBF490010
:10FCF00041EAD3715B0040EA010062F17F02FD2A14
:10FD00001DD8B3F1004F40EBC25008BF20F00100F6
:10FD1000704790F0000F0CF0004C08BF49024CEA0D
:10FD2000502040EA51207F3AC2BFD2F1FF0340EA9F
:10FD3000C250704740F400004FF00003013A5DDC10
:10FD400012F1190FDCBF00F000407047C2F1000251
:10FD5000410021FA02F1C2F1200200FA02FC5FEA3E
:10FD6000310040F1000053EA4C0308BF20EADC7088
:10FD7000704792F0000F00F0004C02BF400010F4FA
:10FD8000000F013AF9D040EA0C0093F0000F01F0A7
:10FD9000004C02BF490011F4000F013BF9D041EAC9
:10FDA0000C018FE70CEAD15392EA0C0F18BF93EACB
:10FDB0000C0F0AD030F0004C18BF31F0004CD8D1F5
:10FDC00080EA010000F00040704790F0000F17BF7C
:10FDD00090F0004F084691F0000F91F0004F14D0C2
:10FDE00092EA0C0F01D142020FD193EA0C0F03D11A
:10FDF0004B0218BF084608D180EA010000F000401D
:10FE000040F0FE4040F40000704740F0FE4040F4F7
:10FE1000400070474FF0FF0C1CEAD0521EBF1CEA96
:10FE2000D15392EA0C0F93EA0C0F69D0A2EB0302B4
:10FE300080EA010C49024FEA402037D04FF080534E
:10FE400043EA111143EA10130CF000408B4238BF13
:10FE50005B0042F17D024FF4000C8B4224BF5B1A21
:10FE600040EA0C00B3EB510F24BFA3EB510340EA6F
:10FE70005C00B3EB910F24BFA3EB910340EA9C001D
:10FE8000B3EBD10F24BFA3EBD10340EADC001B018D
:10FE900018BF5FEA1C1CE0D1FD2A3FF650AF8B4231
:10FEA00040EBC25008BF20F0010070470CF0004C3E
:10FEB0004CEA50207F32C2BFD2F1FF0340EAC25069
:10FEC000704740F400004FF00003013A37E792F02A
:10FED000000F00F0004C02BF400010F4000F013A88
:10FEE000F9D040EA0C0093F0000F01F0004C02BF83
:10FEF000490011F4000F013BF9D041EA0C0195E7EC
:10FF00000CEAD15392EA0C0F08D142027FF47DAF84
:10FF100093EA0C0F7FF470AF084676E793EA0C0F74
:10FF200004D14B023FF44CAF08466EE730F0004C72
:10FF300018BF31F0004CCAD130F000427FF45CAF02
:10FF400031F000437FF43CAF5FE700BF4FF0FF3C70
:10FF500006E000BF4FF0010C02E000BF4FF0010CC3
:10FF60004DF804CD4FEA40024FEA41037FEA226C8C
:10FF700018BF7FEA236C11D001B052EA530C18BFAE
:10FF800090EA010F58BFB2EB030088BFC81738BF13
:10FF90006FEAE17018BF40F0010070477FEA226C01
:10FFA00002D15FEA402C05D17FEA236CE4D15FEAFD
:10FFB000412CE1D05DF8040B704700BF8446084631
:10FFC0006146FFE70FB5FFF7C9FF002848BF10F1F2
:10FFD000000F0FBD4DF808EDFFF7F4FF0CBF012037
:10FFE00000205DF808FB00BF4DF808EDFFF7EAFFC1
:10FFF00034BF012000205DF808FB00BF4DF808ED7C
:020000021000EC
:10000000FFF7E0FF94BF012000205DF808FB00BF70
:100010004DF808EDFFF7D2FF94BF012000205DF8F6
:1000200008FB00BF4DF808EDFFF7C8FF34BF012003
:1000300000205DF808FB00BF4FEA40024FEA410391
:100040007FEA226C02D15FEA402C08D17FEA236C60
:1000500002D15FEA412C02D14FF0000070474FF00F
:10006000010070474FEA4002B2F1FE4F0FD34FF04C
:100070009E03B3EB12620DD94FEA002343F0004315
:1000800010F0004F23FA02F018BF404270474FF0C3
:100090000000704712F1610F01D1420205D110F04A
:1000A000004008BF6FF0004070474FF000007047FD
:1000B00042000ED2B2F1FE4F0BD34FF09E03B3EBD2
:1000C000126209D44FEA002343F0004323FA02F0FE
:1000D00070474FF00000704712F1610F01D14202EA
:1000E00002D14FF0FF3070474FF00000704700BF63
:1000F00053B94AB9002908BF00281CBF4FF0FF318F
:100100004FF0FF3000F086B9ADF1080C6DE904CE78
:1001100000F006F8DDF804E0DDE9022304B07047E2
:100120002DE9F047089D0F4604468E46002B48D126
:100130008A42164661D9B2FA82F24AB1C2F120036C
:1001400001FA02FE20FA03F3964043EA0E0E9440B1
:100150004FEA164CBEFBFCF1B7B20CFB11EE01FBF3
:1001600007F0230C43EA0E43984209D9F31801F132
:10017000FF3E80F0ED80984240F2EA80023933443D
:100180001B1AB3FBFCF00CFB103300FB07F7A4B207
:1001900044EA0344A74209D9341900F1FF3380F03F
:1001A000D980A74240F2D6803444023840EA014068
:1001B0000021E41B1DB10023D440C5E90043BDE884
:1001C000F0878B4206D90DB1C5E900010021084630
:1001D000BDE8F087B3FA83F1002947D1BB4202D3CF
:1001E000824200F20481841A67EB030201209646E2
:1001F000002DE4D0C5E9004EE1E7002A00F0908030
:10020000B2FA82F2002A40F0A780881B0121370C45
:100210001FFA86FEB0FBF7FC07FB1C00230C43EA29
:1002200000430EFB0CF0984207D9F3180CF1FF388D
:1002300002D2984200F2E080C4461B1AB3FBF7F0EA
:1002400007FB10330EFB00FEA4B244EA0344A645AC
:1002500007D9341900F1FF3302D2A64500F2C98054
:100260001846A4EB0E0440EA0C40A3E7C1F12006B7
:100270008B4022FA06FC4CEA030C27FA06FA4FEAF6
:100280001C49BAFBF9F88F4020FA06F309FB18AABB
:100290001FFA8CFE3B4300FA01F708FB0EF01C0C22
:1002A00044EA0A44A04202FA01F20BD91CEB04040E
:1002B00008F1FF3A80F09980A04240F29680A8F1C0
:1002C00002086444241A98B2B4FBF9F309FB1344FE
:1002D00003FB0EFE40EA0444A64508D91CEB0404C7
:1002E00003F1FF307FD2A6457DD9023B644443EA47
:1002F0000840A4EB0E04A0FB028E74454346F14671
:1003000061D35ED055B1FA1A64EB090404FA06F61B
:1003100022FA01F31E43CC40C5E9006400214EE7F8
:1003200043084FEA510C43EAC1710A0C42EA0C42FD
:100330008BB2C407B2FBF6F143EA0243BCFBF6FC06
:10034000B646304637461F22181A41EA0C4161E78B
:10035000714615E7184629E7C2F1200321FA03F098
:10036000964024FA03F397403B43370CB0FBF7F871
:1003700007FB18001FFA86FE190C41EA004108FB32
:100380000EF0884204FA02F43AD9711808F1FF3CE1
:1003900001D288421ED8091AB1FBF7F808FB0EF00B
:1003A00007FB18119BB243EA014383422FD2F31893
:1003B00008F1FF31C8D28342C6D2A8F1020133440A
:1003C000C2E747459ED2B8EB02036EEB0C0E013834
:1003D000F14697E7301A0144A8F1020CB1FBF7F897
:1003E00008FB0EF0DCE7034681E7D0466AE70846E3
:1003F000FEE63444023834E7ACF1020C33441CE727
:10040000091AC446B1FBF7F808FB0EF0C8E74146ED
:100410009AE700BF704700BF08B5064B044613B10A
:100420000021AFF30080044B1B6803B198472046BE
:1004300003F0A2FF00000000908A00022DE9F041C5
:100440000F46904602F026FA04460D46B8F1000F1A
:1004500011D0C7F30A53C3F16B03002B0BDD00244B
:100460001B0503F17F5505F5401522462B4603F089
:10047000DFFB04460D4620462946BDE8F081FFFF1C
:100480002DE9F04F9DB0159200220E464FF0000866
:100490004FF000090490189217910A780D462B2A04
:1004A00001F101011DD00BD80D2A06D8082AF3D876
:1004B0007AB100239A460B9381E0202AECD0F8E72A
:1004C0002D2A10D10122691C17910B926A78002AFB
:1004D00035D1159B1796002B40F08B854046494639
:1004E0002AE00022EFE700210B91302A40F09980AA
:1004F0006A7802F0DF02582A58D102930B9B814A96
:10050000019318AB0093049819AB17A901F0B8FA3E
:1005100010F00F06044605D0062E12D10023013537
:1005200017950B93159B002B40F065850B9B002BBB
:10053000D4D0404609F100411DB0BDE8F08F0D4612
:10054000D3E7189A3AB135211AA802F093FA18990C
:10055000049801F067FE013E042E06D8DFE806F09D
:1005600014031E211400DDE91A89E00548BF49F093
:10057000004929F000431B0D1B05002BD2D101F0CF
:1005800073F922230360CDE7199ADDE91A8302F299
:10059000334223F4801343EA0259E6E7DFF8689117
:1005A000E3E76FF000494FF0FF38DEE701351795BC
:1005B0002B78302BFAD0002BB4D04FF0010A002753
:1005C0002B46BB460A210E97184613F8014BA4F19F
:1005D0003002092A28D901224C4901F0EDF80028FF
:1005E00033D0002022465C46CDE90600652A01D0C2
:1005F000452A14D124B95AEA00033FF46AAF002413
:10060000179E731C179372782B2A72D02D2A76D0DE
:100610004FF0000CA2F13003092B7DD9179600236F
:100620009FE04FF0000ACAE7BBF1080FD7BF0E9A50
:1006300001FB074201FB0242303AD4BF0E92A2F105
:1006400030070BF1010B1793BEE7179B5A1C17924B
:100650005A78BBF1000F34D05C460690A2F130030B
:10066000092B12D901230793C0E7179B01305A1CAD
:1006700017925A78302AF8D0A2F13103082B00F2F1
:10068000BF84069000200446179D303A00F1010314
:1006900011D0069920441944069123460A21834229
:1006A00003F101040FD1082B18DC0A230E9903FB78
:1006B00001230E930023179A1846511C1791527864
:1006C000CCE75846D6E7082B04DC0E9C4C430E942E
:1006D0000133E4E7102CD8BF4F43F9E70F2BDCBF01
:1006E0000A2303FB0727E5E700210123CDE90613D1
:1006F00081E74FF0000CB31C1793B2788AE74FF0F4
:10070000010CF8E7407F01000000F07F1E4501006A
:10071000179B5A1C17925A78302AF9D0A2F131034C
:10072000082B3FF67CAF179BA2F1300E19460593BC
:100730000B46013317931A781946A2F13003092B9F
:100740003CD9059BCB1A082B44F61F633CDC9E4525
:10075000A8BF9E46CDF814E0BCF1000F02D0059B67
:100760005B420593002C50D15AEA00007FF4DAAEC8
:10077000079B002B7FF4ADAE692A29D026DC492ADD
:1007800026D04E2A7FF4A5AE9F4917A801F09AFB08
:1007900000283FF49EAE179B1B78282B2FD19B4936
:1007A0001AAA17A801F0A2FB052828D11B9BDDF887
:1007B000688043F0FF4949F4E009B3E60A2303FBEC
:1007C0000E22A2F1300EB3E70593C5E76E2AD9E7F2
:1007D0008F4917A801F076FB00283FF47AAE179BEB
:1007E0008C49013B17A8179301F06CFB10B9179BBC
:1007F000013317934FF00008DFF81C9292E6874808
:1008000001F088F8804689468CE6DDE90532BBF1C7
:10081000000F08BFA3469B1A102C0E98A2460A93FD
:10082000A8BF4FF0100A03F089F9092C80468946C9
:1008300011DC0A9B002B3FF475AE0A9B71DD162B71
:1008400058DC7749424601EBC3014B46D1E9000130
:1008500003F0EEF9D6E7724B03EBCA0353E9122318
:1008600003F0E6F980463846894603F067F9024608
:100870000B464046494603F025F80F2C8046894632
:10088000D7DD0A9BA4EB0A0A9A44BAF1000F40F3A1
:1008900097802AF00F061AF00F0A51D1B6F59A7F09
:1008A0005EDC0023404649461F46DFF878A136113A
:1008B000012E79D10BB1804689465A49A9F1547964
:1008C00001EBC7014246D1E900014B4603F0B0F904
:1008D000514B0A460B40544980468B4240D8A1F503
:1008E00080118B4286BF4FF0FF38DFF8409102F154
:1008F000547932E00A9AC4F125039342C1DB484D92
:10090000C4F10F0405EBC4014246D1E900014B4696
:1009100003F08EF90A9B1C1B05EBC405D5E90023E7
:1009200096E71633ADDBDDE905239A1A3C4B4046CA
:1009300003EBC2034946D3E9002303F0A3FA61E7BE
:100940003749424601EBCA014B46D1E9000103F0A9
:100950006FF980468946002EA0D1002307939FE0BF
:10096000002405940E94069422234FF00008049A64
:10097000DFF8A49013600E9B002B3FF4D3AD1899C1
:10098000049801F04FFC0699049801F04BFCDDE956
:10099000040101F047FC0E99049801F043FC214644
:1009A000049801F03FFCBDE5F20704D5DAE9002325
:1009B00003F03EF90123013776100AF1080A77E7C0
:1009C000CBD0CAF1000A4FEA2A161AF00F0A0DD14D
:1009D0001F2E2DDD002405940E9406942223049AE4
:1009E0004FF000084FF000091360C4E70C4B40467D
:1009F00003EBCA034946D3E9002303F043FA8046D8
:100A00008946002EA9D0E3E7827501002C7F010002
:100A1000797501007C7501000000F07F56600100CF
:100A2000B8800100908001000000A07CFFFFEF7FF4
:100A300016F0100318BF6A23404607934946002367
:100A4000764FF20704D5D7E9002303F0F1F801232C
:100A5000761007F10807F4D10BB180468946079B51
:100A6000B3B1C9F30A52C2F16B03002B49460FDD43
:100A70001F2B59DD342BD8BF4FF0FF334FF0000848
:100A8000CFBF4FF05C79C2F14B02934003EA0109FA
:100A9000002200234046494603F032FB002899D14A
:100AA0000E9B5A46009329462346049801F022FCE7
:100AB0000E9000283FF454AFDDE905239B1A0A9AF3
:100AC0000024002AA8BF0023129322EAE2731493A1
:100AD00005940E9B0498596801F066FB0690002867
:100AE0003FF442AF0E9B0C301A6903F10C01023245
:100AF000920000F0F8FE1AAB019319AB0093424646
:100B00004B460498CDE90C8901F02CFF1890002881
:100B10003FF42AAF0121049801F082FC03460590BE
:100B200048B9002305931FE74FF0FF3202FA03F3A1
:100B300003EA0808ACE7199D1A9A002DABBF129B77
:100B4000149BEF185E1B079BA8BF149EA5EB030523
:100B50001544334B05F1FF35B8BF129F9D42C2F1DA
:100B600036024FDA5B1B1F2B4FF00101A2EB030291
:100B70003CDC4FF0000B01FA03FABD18079BAF42B3
:100B800016441E443B46A8BF2B46B342A8BF33467B
:100B9000002BC2BFED1AF61AFF1A129B002B16DDAE
:100BA000DDE904011A4601F0F9FC05900028B8D0EF
:100BB0000146189A049801F049FC0F9000283FF470
:100BC000D3AE1899049801F02DFB0F9B1893002DBC
:100BD0001BDC0A9B002B25DD149A0699049801F072
:100BE000DDFC0690F0B900230693BDE6C5F17F4514
:100BF00005F57F0505F57B45E23501FA05FB4FF06C
:100C0000010ABAE74FF0000BF9E72A461899049851
:100C100001F020FD18900028DBD1A5E6587F0100E7
:100C200002FCFFFF002E07DD32460699049801F012
:100C300011FD06900028D6D0002F08DDDDE9040163
:100C40003A4601F007FD059000283FF48DAE069A64
:100C50001899049801F086FD044600283FF484AEFC
:100C6000C36805990F930023C36001F05FFD00285E
:100C70003CDA0F9B53EA08035ED1C9F313034D46D8
:100C8000002B59D129F000431B0D1B05B3F1D66F82
:100C900052D9636913B92369012B4DDD2146012225
:100CA000049801F0D7FC0599044601F03FFD0028A7
:100CB00042DDA74B079A2B40002A5FD0B3F1D66FD5
:100CC0005CD8B3F15C7F7FF689AE40464946A14BC4
:100CD000002202F0ADFF9E4B80460B408946002B60
:100CE0007FF44DAE2223049A136048E64D4662D14C
:100CF0000F9AC9F3130342B3974A934228D1079B33
:100D00004146EBB1924B4FF0FF322B40B3F1D46F21
:100D100019D81B0DC3F16B0302FA03F3994217D1E3
:100D20008E4B9D4202D101313FF41EAE4FF00008C0
:100D3000874B2B4003F58019079B002BC5D11EE67E
:100D40004FF0FF33EAE71346E8E753EA0803B0D071
:100D5000BBF1000F1BD01BEA050FEDD00F9B4046E7
:100D60004946079AB3B1FFF769FB02460B46DDE936
:100D70000C0102F0A7FD80468946DDE7A3F580134C
:100D80006FEA13594FF0FF386FEA0959D4E71AEAAE
:100D9000080FE2E7FFF752FB02460B46DDE90C01C4
:100DA00002F08EFD002200238046894603F0A8F958
:100DB0000028C1D012E62046059901F02BFE002242
:100DC0004FF0804306460F4603F0AEF900286ED080
:100DD0000F9B002B79D1B8F1000F54D1C9F3130345
:100DE000002B56D10022304639465D4B03F092F974
:100DF000002857D10022304639465A4B02F018FFDE
:100E000082468B460BF10043CDF820A00993504B4E
:100E10004F4A2B401393544B2A409A42DDE908670E
:100E200040F0A880A5F154794046494601F032FDD2
:100E3000DDE9082302F0FCFE42464B4602F042FD8B
:100E4000434D4A4A0D409542804645D90D9A434B41
:100E50009A4203D10C9B01333FF486AD4FF0FF382B
:100E6000DFF8F8901899049801F0DCF906990498D5
:100E700001F0D8F9DDE9040101F0D4F92146049824
:100E800001F0D0F925E6B8F1010F02D1002D3FF4B1
:100E9000A5AD0022364B4FF0000ACDE90823DFF85C
:100EA000C0B0B4E74FF0000ADFF8B8B0AAE72D4BA6
:100EB00000223046394602F0BBFE0F9B82468B462D
:100EC000002B9FD0CDE908ABA1E70022244B92462E
:100ED0009B46CDE908239AE701F15479079B002B43
:100EE000C0D129F00043139A1B0D1B059A42B9D1BA
:100EF0005046594603F0BCF902F06CFE02460B4620
:100F00005046594602F0DCFC0F9AC9F3130343EA3A
:100F10000803134306460F4665D009A3D3E900230F
:100F200003F0F8F800287FF42AAD07A3D3E90023E3
:100F30003046394603F00CF9002893D01FE500BF76
:100F40009535A094FFFFDF3F35E5AF350000E03F6A
:100F50000000F07F00005039FFFF0F00FFFFEF7F20
:100F60000000F03F0000E03F0000E07FFFFF9F7CBB
:100F70000000F0BF079B13B3139BB3F1D46F1ED8CF
:100F800025A3D3E900235046594603F0CDF890B18C
:100F90005946504603F0FCF8012838BF012002F002
:100FA000CDFD0F9B82468B46D3B901F100431090D3
:100FB0001193DDE91067139A07F1D6639F1ADDE9F3
:100FC0000C0101F067FC02460B463046394602F040
:100FD0002FFEDDE90C2302F075FC804689467DE793
:100FE000CDE910ABE5E70EA3D3E9002303F092F8B7
:100FF000A2E700230B93179B159A1360FFF796BA8D
:10100000652A3FF471AB452A3FF46EAB0123079389
:10101000FFF7AABBAFF300800000C0FFFFFFDF4176
:101020009535A094FFFFCF3F2DE9F843244D0A46A4
:10103000244B01462868FFF723FA02460B46064672
:101040000F4603F08FF868B1002F1F4806DAFDF74E
:101050009FFC00F100442046BDE8F883BDE8F8435A
:10106000FDF796BC3946304603F0B2F820F0004850
:10107000044616494046FEF7DFFFB0B94046134923
:10108000FEF7BCFF88B927F000494FF0FF32304629
:1010900049460F4B03F066F870B94FF0FF32304607
:1010A00049460B4B03F040F830B914F0FF4FD2D152
:1010B000084B3B40002BCED022222B681A60CAE797
:1010C0005C8C0002F08A000256600100FFFF7F7F07
:1010D000FFFFEF7F0000F07F242B2DE9F0478646CD
:1010E000904601D8012B06D100F0BEFB1623036009
:1010F0000020BDE8F0870D4633482A4615F8014B1D
:10110000065D16F00806F8D12D2C10D101262C789A
:10111000951C33F0100215D1302C0DD12A7802F035
:10112000DF02582A08D16C78023510230AE02B2CF4
:1011300004BF2C78951CECE7002BF6D1302C14BFA3
:101140000A230823002206F1004C0CF1FF3CBCFBF3
:10115000F3F9104603FB19CAA4F13007092F0FD881
:101160003C46A3421BDD571C07D0814514D301D157
:10117000A24511DB012200FB034015F8014BEBE710
:10118000A4F14107192F01D8373CEAE7A4F1610720
:10119000192F04D8573CE4E74FF0FF32EDE7531C1A
:1011A00008D122236046CEF80030B8F1000FA0D05D
:1011B000691E06E006B14042B8F1000F99D0002A3E
:1011C000F6D1C8F8001094E7817F010013460A4663
:1011D000014602480068FFF77FBF00BF5C8C000239
:1011E000022B10B50AD0920803680C68013A002A55
:1011F00040F8044B41F8043BF6DC10BD02440C7887
:10120000037800F8014B01F8013B131A002BF6DCC0
:10121000F3E7F8B50F46164604461D4698470028E2
:10122000314638460CDAA847002802DA3C46204608
:10123000F8BD31462046A8470028F8DA3446F6E7DC
:10124000A8470028F2DC31462046A8470028F5DAF6
:10125000EDE72DE9F04F95B0009340EA02039B07BC
:101260000746154619D1B2F1040818BF4FF001081E
:101270000023019305FB01F4062907EB040307EBA8
:10128000050B029328D8029B9B4510D3019B002B92
:1012900040F0188115B0BDE8F08F4FF00208E7E785
:1012A00043462A4631462046FFF79AFF0FE05C4648
:1012B0000EE0661B21463046009B9847002809DD5A
:1012C000B8F1000FECD123683268226033603446F5
:1012D000A742EED3AB44D6E74FEA5109641B072976
:1012E00005FB09793C4421D0282944D9CE086E4316
:1012F000009B07EB4602B9193846FFF78AFF4946BB
:1013000009EB0602009B8246881BFFF782FF2246FC
:101310008146009BA11BA4EB4600FFF77AFF024623
:1013200049465046009BFFF774FF8146B8F1000F15
:1013300024D13B68D9F800203A60C9F80030D9467A
:10134000A2465E460023A14536D803933946009B4A
:10135000484698470028039B2CDC0AD1B8F1000FBF
:1013600013D13368D9F800203260C9F800302E4418
:101370000123A944E7E72246BA46D1E743462A4675
:1013800049463846FFF72CFFD9E743462A464946E7
:101390003046FFF725FFEAE70BD1B8F1000F13D174
:1013A0002368DAF800202260CAF800300123AAEB93
:1013B000050A641BA1450ED9002B40D1029B9B4519
:1013C000BFF464AF5C4636E043462A4651462046A9
:1013D000FFF706FFEAE703933946009B204698474C
:1013E0000028039BD8DAB8F1000F07D1D9F80030F4
:1013F0002268C9F800202360641BB9E743462A46E7
:1014000021464846FFF7ECFEF6E743462A463146BA
:101410002046FFF7E5FE0DE0661B21463046009BA7
:101420009847002809DDB8F1000FEED12368326833
:10143000226033603446A742EED3AB44BEE7A9EB4B
:10144000060BF21B5A45A8BF5A462AB143463846F6
:10145000A9EB0201FFF7C4FE029BAAEB0404A3EB75
:101460000A02521BA24228BF22462AB102994346D1
:101470004846891AFFF7B4FE029B5C45A3EB0406BD
:1014800005D823465C469B4633463E461F46AB4541
:1014900022D9019BBBFBF5F1072B0CD8B4FBF5F46B
:1014A000019A14AB03EBC20343F8406C43F83C4C85
:1014B00013460133DDE62A463846009BFFF7C9FE96
:1014C000AC420CD8019B013B0193019A14AB03EB96
:1014D000C20353E91071CDE6AC427FF6D7AEB4FB40
:1014E000F5F13746C6E6FFFF002310B50446C0E914
:1014F0000033C0E90433836081814366C281836124
:10150000194608225C3000F042F90D4B24626362F8
:101510000C4BA3620C4BE3620C4B23630C4B9C42C1
:1015200006D003F16802944202D0D0339C4205D128
:1015300004F15800BDE8104000F0C0B910BD00BF74
:10154000B5160100D71601000F170100351701006D
:1015500058890002024A0349034800F06BB800BFF3
:10156000E48A0002F1310100608C000241680C4BFA
:1015700010B59942044601D001F03AFEA168094B2A
:10158000994202D0204601F033FEE168064B9942B1
:1015900004D02046BDE8104001F02ABE10BD00BFB7
:1015A00058890002C0890002288A00020C4B0D4AAB
:1015B00010B504211A600C480022FFF795FF0A4B72
:1015C00001221C46092103F16800FFF78DFF04F199
:1015D000D0000222BDE810401221FFF785BF00BFF6
:1015E000908A00025515010058890002014800F058
:1015F00066B900BF998A0002014800F061B900BFD6
:10160000998A000210B50446FFF7F0FF236A1BB168
:10161000BDE81040FFF7F0BF044B2362044B1B688A
:10162000002BF5D1FFF7C2FFF2E700BF6D150100F7
:10163000908A00022DE9F8430746884614460026A2
:10164000D4E90195B9F1010905D52468002CF7D139
:101650003046BDE8F883AB89012B07D9B5F90E30C8
:10166000013303D029463846C04706436835E9E7C9
:101670000EB46FF0004110B500249DB01FAB029076
:101680000690079104910948094953F8042B0591E4
:10169000006802A901931B9401F09EFA029B1C7042
:1016A0001DB0BDE8104003B0704700BF5C8C000265
:1016B0000802FFFF10B50C46B1F90E1000F0B0F8AB
:1016C0000028ABBF636DA3891B1823F48053ACBF04
:1016D0006365A38110BD2DE9F0411F468B89054646
:1016E000DB050C46164605D502230022B1F90E1083
:1016F00000F084F8A389324623F48053A38128465E
:101700003B46B4F90E10BDE8F04100F09BB810B5AF
:101710000C46B1F90E1000F071F8B4F90C30421C0F
:101720000BBF23F4805343F48053A381A38118BFDC
:10173000606510BDB1F90E1000F050B810B5013958
:101740000244904201D1002005E0037811F8014FD6
:10175000A34201D0181B10BD0130F2E7884210B53A
:1017600001EB020402D98442234607D8431EA1425A
:1017700007D011F8012B03F8012FF8E70244824249
:1017800000D110BD13F8011D02F8011DF7E7034653
:101790000244934200D1704703F8011BF9E7034666
:1017A000C9B2184613F8012B12B18A42F9D1704719
:1017B000002918BF0020704710B56AB1013984189C
:1017C00010F8012B11F8013F9A4203D1A04201D039
:1017D000002AF5D1D01A10BD1046FCE738B5002319
:1017E000054D044608462B6002F078FD431C02D1EB
:1017F0002B6803B1236038BD948A000238B50446D3
:10180000084611460022054D2A601A4602F08EFD58
:10181000431C02D12B6803B1236038BD948A0002B7
:1018200038B50446084611460022054D2A601A467E
:1018300002F084FD431C02D12B6803B1236038BD44
:10184000948A000238B50446084611460022054D28
:101850002A601A4602F088FD431C02D12B6803B1AE
:10186000236038BD948A0002014B1868704700BF9E
:101870005C8C000270B500260C4D0D4B5B1B9C1060
:10188000A64209D1002602F079FD0A4D0A4B5B1BE6
:101890009C10A64205D170BD55F8043B984701360F
:1018A000EEE755F8043B98470136F2E7AC8C0002AE
:1018B000AC8C0002AC8C0002B08C00027047704708
:1018C000704710F8012B11F8013B012A28BF9A42FA
:1018D000F7D0D01A7047034611F8012B03F8012BFB
:1018E000002AF9D170470A44914200F1FF3300D138
:1018F000704710B511F8014B914203F8014FF9D12F
:1019000010BD034613F8012B002AFBD1181A013829
:101910007047FFFF00200149704700BF0000F87FBB
:1019200038B50546002940D051F8043C0C1F002B67
:10193000B8BFE41800F02CFC1C4A136833B963608C
:1019400014602846BDE8384000F028BCA34208D9FE
:10195000206821188B4201BF19685B680918216053
:10196000EDE71A465B680BB1A342FAD9116850182B
:10197000A0420BD120680144501883421160E0D18D
:1019800018685B68084410605360DAE702D90C23DA
:101990002B60D6E7206821188B4201BF19685B686D
:1019A0000918216063605460CBE738BDA08A00024B
:1019B00003692DE9F043B3EB611F00F114044FEA12
:1019C000611246DD11F01F0104EB830604EB820572
:1019D0000CD1294600F11007B14235D39B1A9B0068
:1019E000EA1E964238BF0023234415E0A14654F86E
:1019F0002270C1F12008CF4005F1040E7645F4466F
:101A000016D89A1A9200043A0135AE4238BF002225
:101A1000A318A75007B10433A342A3EB040208BFE5
:101A200000234FEAA202026108BF4361BDE8F083D0
:101A3000DCF800C00CFA08FC4CEA070749F8047B04
:101A40005EF8047BCF40D9E751F804CB47F804CFC8
:101A5000C2E72346E0E7A0F13003092B02D8203883
:101A6000C0B27047A0F16103052B01D84738F7E7F2
:101A7000A0F14103052B01D82738F1E7002070477A
:101A80002DE9F04F8A46904685B002930B6801908D
:101A90009C1CA14614F8010B3028FAD0A9EB0303D3
:101AA000A3F1020BFFF7D7FF0546002868D10122FA
:101AB00048469F49FFF780FE0746002867D199F8FE
:101AC00001002646FFF7C7FF002862D0234618789A
:101AD0009946302803F10103F9D0FFF7BCFFB0FAB3
:101AE00080F54FF0010B6D094A46164630780132F9
:101AF000FFF7B1FF0028F8D1012230468C49FFF7EB
:101B00005BFE00283FD144B9741C2246164630784B
:101B10000132FFF7A0FF0028F8D1A41BA7003378FB
:101B200003F0DF03502B3ED173782B2B33D02D2BBA
:101B300034D00024711C0878FFF78DFF431EDBB200
:101B4000182B30D8A0F1100211F8010FFFF783FF16
:101B500000F1FF3C5FFA8CFCBCF1180F4FF00A0358
:101B60001ED904B152421744CAF80010EDB1BBF1BE
:101B7000000F0CBF06250025284605B0BDE8F08FF4
:101B800000252C46B0E7002CC7D12746C7E74E46B4
:101B90002F460125C3E70024B11CCCE70124FBE755
:101BA00003FB0200CEE73146DEE72946A6EB090338
:101BB000013B072B0ADC019800F0F6FA044640B915
:101BC0000246E4215B4B5C4801F058FB01315B109D
:101BD000EFE7002300F1140A55469B46B14537D381
:101BE00045F804BBA5EB0A05AD102561584600F089
:101BF000CBFB6D01D8F800602D1AB54254DDAD1B4A
:101C00002946204600F059FF814678B14FF001097E
:101C10006B1E59115AF8211003F01F0209FA02F243
:101C20000A4203D04B4536DC4FF0020929462046D4
:101C3000FFF7BEFE2F44D8F80830BB4242DA2146F7
:101C4000019800F0EFFA00230E9AA325136093E7A2
:101C500016F8012D2E2A12D0202B04D145F804BBF2
:101C60004FF0000B5B4630780393FFF7F4FE039BC5
:101C700000F00F0098404BEA000B0433AEE7B1458B
:101C8000EAD8012230462A490393FFF795FD039BCA
:101C90000028E1D1A2E72046A91E00F00EFF00288F
:101CA000C2D04FF00309C1E709DA751B21462A4665
:101CB000019800F0CFFC04467F1B00F1140A4FF09E
:101CC0000009B8E7D8F80450BD426FDDED1BAE4205
:101CD00034DCD8F80C30022B22D0032B24D0012B7B
:101CE00015D1AE4213D1012E0BD1D8F80430029A8F
:101CF0006225136001232361CAF800300E9B1C602B
:101D00003AE72046711E00F0D8FE0028EDD12146AA
:101D1000019800F087FA00230E9A502513602BE7F4
:101D20000F9B002BF3D1E0E70F9B002BDDD1EEE7FB
:101D30001E4501008B7501009C7501006F1EB9F1F5
:101D4000000F30D127B13946204600F0B6FE81465B
:101D500001232946761B02257A115AF8222007F022
:101D60001F07BB401342204618BF49F00209FFF786
:101D70001FFED8F80470B9F1000F47D0D8F80C3026
:101D8000022B15D0032B17D0012B09D119F0020F0C
:101D900006D0DAF8003049EA030919F0010F0ED134
:101DA00045F0100532E04FF00109D1E70125E2E7E7
:101DB0000F9BC3F101030F930F9B002BF0D04FF04B
:101DC000000CD4F810B004F114034FEA8B0A03EBB3
:101DD0008B01184653F8042BB2F1FF3F1BD00132A0
:101DE0000260022D04F114033CD1D8F80020013A1E
:101DF000B24209D10122711153F8213006F01F06B9
:101E000002FA06F61E423AD145F020050E9B1C60F0
:101E1000029B1F60B0E6994243F804CCD9D8A3686E
:101E20009B4517DB61680198013100F0BDF98146DF
:101E300018B902468421194BC5E6226904F10C0148
:101E4000023292000C30FFF74EFD2146019800F05F
:101E5000E9F94C4623695A1C2261012204EB8303F1
:101E60005A61BEE722695A450BDD01212046FFF782
:101E70009FFDD8F808300137BB42FFF6E0AE0125E0
:101E8000C2E716F01F06FAD0534453F8040C00F0D2
:101E90007BFAC6F12006B042E7DBF0E78B75010064
:101EA000C2F10802920070B5C2F1200643680468CE
:101EB00003FA06F52C43D340046040F8043F8842FF
:101EC000F4D370BD30B50368013311F8014B14B978
:101ED0000360012030BD13F8012BA2F14105192D3B
:101EE00098BF2032A242F0D00020F3E72DE9F04F56
:101EF00000250B6882465E1102EB860613F01F0375
:101F000018BF0436371F9046B9463C46AB4687B0EB
:101F10000168019346F8045C02954A784B1C0393D0
:101F200042B3104605910492FFF795FD002853D166
:101F3000049A0599202A18D8029B9B4513DD4C452D
:101F400006D2072D04DC2A4649462046FFF7A8FFA3
:101F5000444554D90023A4F1040944F8043C1D4627
:101F60004C46CDF808B00399D7E7292A59D1023158
:101F7000CAF80010BBF1000F53D04C4506D2072D14
:101F800004DC2A4649462046FFF78AFF444538D9F3
:101F90002346A8F1040253F8041B9F4242F8041F91
:101FA000F9D23B1B23F003030134033EB44288BF44
:101FB0000023002108F1040213441A4604339F420F
:101FC0001160FAD23B681BB9474528D101233B6019
:101FD000052007B0BDE8F08F0135082D0BF1010B8E
:101FE00006DD4445BFD90023012544F8043C043CE8
:101FF000226800F00F0040EA02102060B3E70825D5
:10200000B1E7019B002BDDD04FF0FF32C3F120037D
:10201000DA4056F8043C134046F8043CD2E7043F4B
:10202000D0E70420D5E7FFFF70B50F4E0C463168AE
:10203000054611B901F004F930602146284601F047
:10204000FFF8431C03D14FF0FF34204670BDC41C81
:1020500024F00304A042F8D0211A284601F0F0F839
:102060000130F2D1EFE700BF9C8A00022DE9F8436E
:10207000CD1C25F0030508350C2D38BF0C25002D8F
:10208000064601DBA94204D90C2333600020BDE8D9
:10209000F883DFF8D48000F07BF8D8F800301C46D5
:1020A00044BB29463046FFF7BFFF431C044658D1C6
:1020B000D8F800402746002F43D1002C4BD023688E
:1020C0003946304604EB030901F0BAF8814542D1A4
:1020D000216830466D1A2946FFF7A6FF01303AD035
:1020E00023682B442360D8F800305A6862BBC8F8D4
:1020F00000700FE02268521B20D40B2A17D96119F7
:10210000A342256018BF5960636808BFC8F8001073
:1021100062514B60304600F041F804F10B00231D82
:1021200020F00700C21A1CBF1B1AA350AFE7626859
:10213000A3420CBFC8F800205A60EBE7234664684E
:10214000AEE73C467F68B6E71A465B68A342FBD120
:1021500000235360DEE70C233046336000F01EF8A6
:1021600094E70560D6E700BFA08A000282B001B9FB
:1021700001A942B14BB113780B601278101E18BF41
:10218000012002B070471046FBE76FF00100F8E74E
:102190000148FFF794BB00BF988A00020148FFF78F
:1021A0008FBB00BF988A000270B5C46905460E4611
:1021B00084B9102001F094F80446E86128B9024679
:1021C0006B21164B164801F059F80023C0E9013382
:1021D0000360C360E36853B921220421284601F05B
:1021E0006BF8EB69E060DB680BB9002070BD53F859
:1021F000260030B1026843F826200023C0E90333EB
:10220000F4E7012101FA06F4621D2846920001F06C
:1022100053F80028E9D0C0E90164EEE7FF7501003A
:102220001676010070B5C66905460C4676B91020D1
:1022300001F056F80246E86120B98F21084B0948A1
:1022400001F01CF8C0E901660660C6603CB1EB69AC
:102250006268DB6853F82210216043F8224070BDA9
:10226000FF750100167601002DE9F04107460C4686
:102270001E4600200D6901F1140CDCF8003001301D
:1022800099B202FB01611E0C0B0C02FB063389B2F2
:1022900001EB034185424FEA13464CF8041BECDC8A
:1022A0000EB3A368AB4219DC616838460131FFF711
:1022B0007BFF804628B90246BA210C4B0C4800F03F
:1022C000DDFF226904F10C01023292000C30FFF7AD
:1022D0000AFB21463846FFF7A5FF444604EB850379
:1022E00001355E6125612046BDE8F0818B750100F6
:1022F000167601002DE9F843154609221F460833DA
:102300000C4693FBF2F30646012200219A4209DBB8
:102310003046FFF749FF40B90246D321184B194810
:1023200000F0ACFF52000131F0E7089B092D43613A
:102330004FF00103036116DD04F10908C1462C4486
:1023400019F8013B01460A223046303BFFF78CFF6B
:10235000A145F5D1A844A8F108042D1B63199F429B
:1023600004DCBDE8F88309250A34F6E714F8013BDC
:1023700001460A223046303BFFF776FFEEE700BF0A
:102380008B750100167601000346B0F5803F3ABF19
:10239000030410200020B3F1807F3CBF1B020830F3
:1023A000B3F1805F3CBF1B010430B3F1804F3CBFF1
:1023B0009B000230002B05DB13F0804F00F1010081
:1023C00008BF202070470368024613F007000BD0B7
:1023D000D90721D4980749BF5B089B0801201360E7
:1023E0005CBF02201360704799B209B910201B0C22
:1023F000D9B209B908301B0A190704BF1B090430F8
:10240000990704BF9B080230D90703D45B0800F189
:10241000010003D0136070470020704720207047F0
:1024200010B50C460121FFF7BFFE024628B940F265
:102430004511044B044800F021FF0123446103616E
:1024400010BD00BF8B750100167601002DE9F04F1D
:10245000D1F81090D2F810A08846D145144685B026
:1024600004DB53460C46CA4690469946A368616809
:102470000AEB0906B342B8BF0131FFF795FE30B948
:1024800002464FF4B171434B434800F0F7FE00F1B0
:1024900014052B46002205EB8607BB421FD304F12F
:1024A000140C08F114010CEB8A0301EB890202926F
:1024B0001A1B153A22F0030215349C4288BF0022F1
:1024C0000192029A03918A420CD8002E03DD57F83C
:1024D000043D002B5CD0066105B0BDE8F08F43F8E9
:1024E000042BDAE7B1F800A0BAF1000F23D0E046E0
:1024F000A9464FF0000E58F8042BD9F800401FFAF7
:1025000082FBA4B20AFB0B447444D9F800E0120C1D
:102510004FEA1E4E0AFB02E202EB1442A4B244EA66
:10252000024443454FEA124E49F8044BE3D8019A5E
:10253000AA18C2F804E0039A0431B2F80280B8F194
:10254000000F23D02A68E6469146AA464FF0000BBA
:10255000BEF8004092B208FB04B404EB194442EA0E
:1025600004424AF8042B5EF8042BDAF800904FEA94
:10257000124B1FFA89F208FB0B22734502EB14423F
:102580004FEA124BE4D8019C2C196260043598E79D
:10259000013E9AE78B750100167601002DE9F8439C
:1025A000174612F0030280460D4607D0264C013A2A
:1025B000002354F82220FFF757FE0546BF103FD0F6
:1025C000D8F81C4094B9102000F08AFE0446C8F8E0
:1025D0001C0030B9024640F2B3111C4B1C4800F0FD
:1025E0004DFE0023C0E901330360C360A66846B90D
:1025F00040F271214046FFF713FF00230646A0601A
:1026000003602C464FF0000907F001037F1053B11F
:10261000294632464046FFF719FF21460546404607
:10262000FFF700FE67B1306838B9324631464046A0
:10263000FFF70CFF3060C0F8009006462C46E3E739
:102640002846BDE8F88300BF84800100FF750100C3
:10265000167601002DE9F84F0C460746154623690A
:10266000496803EB6218A3684FEA621A08F101098E
:102670004B450BDB3846FFF797FD064648B9024647
:102680004FF4EF71274B284800F0F8FD01315B0053
:10269000EEE70023194600F1140C00F11002534537
:1026A00034DB22692AEAEA7A0CEB8A0C04F114037F
:1026B00015F01F0E614603EB82022BD00025CEF1F0
:1026C000200A8B461868043100FA0EF02843CBF834
:1026D000000053F8045B9A4225FA0AF5F1D8131B5F
:1026E000153B23F0030304F115018A4238BF002390
:1026F0009C44CCF8045005B9C14638462146C6F87A
:102700001090FFF78FFD3046BDE8F88F42F8041FA8
:102710000133C4E753F8045B04319A4241F8045C86
:10272000F8D8E9E78B7501001676010003460A69BF
:10273000006930B5801A0ED11433143103EB8204D2
:1027400001EB820154F8045D51F8042D954203D049
:1027500005D24FF0FF3030BDA342F3D3FBE7012099
:10276000F9E7FFFF2DE9F74F8A4606461146504626
:102770001446FFF7DBFF051E12D129463046FFF74E
:1027800013FD024628B940F23721404B404800F083
:1027900075FD0123C0E90435104603B0BDE8F08F94
:1027A000BCBF5346A2463046DAF80410BABF1C46F6
:1027B00001250025FFF7F8FC024618B940F2452133
:1027C000324BE3E7C56000F11405AB464FF0000C57
:1027D000DAF8107026690AF1140904F1140E0AF1EE
:1027E000100309EB87080EEB86060193019B5EF848
:1027F000040B53F804AF81B201931FFA8AF35B1AFA
:10280000000C6344C0EB1A4000EB23409BB243EA48
:10281000004376454FEA204C4BF8043BE6D8331B87
:10282000153B153423F00303A64238BF0023E818F4
:102830004B441C1D26460430A5EB0905464506EB16
:10284000050E0ED308F10301091B21F0030101332A
:10285000984538BF0021014451F8043DA3B11761E8
:102860009AE7E24656F8041B1FFA81FCD4444FEA6B
:102870001149514409EB2C4989B241EA09414FEA17
:10288000294CCEF80010D9E7013FE5E78B75010030
:10289000167601000E4B0B40A3F15073002B08DCA1
:1028A0005B42B3F1A07F4FEA235204DA4FF40023D6
:1028B0001341002208E0A2F114031E2BD6BF4FF0F3
:1028C00000420122DA40002319461046704700BF3B
:1028D0000000F07F0269F8B500F1140707EB8202EF
:1028E00052F8044C1E4D2046FFF74EFD0346C0F142
:1028F00020000A2BA2F10406086012DCB7422CBFAC
:10290000002252F8082CC3F10B0C153324FA0CFEEC
:1029100004FA03F322FA0CF24EEA05011A431046B8
:10292000F8BDB74236BFA2F10806002252F8082CC3
:102930000B3B12D0C3F1200522FA05F19C400C4359
:10294000BE4244F07F5194BF002456F8044C9A4094
:10295000EC4041F440112243E1E744EA0501DEE79F
:102960000000F03F2DE97343012190469946089EEF
:10297000FFF71AFC044630B9024640F20F31234BF0
:10298000234800F07BFCC9F30A55C9F313030DB1CA
:1029900043F480130193B8F1000324D068460093F8
:1029A000FFF711FD0099E0B1019AC0F1200302FA8E
:1029B00003F30B43C24063610192019B002B0CBFE8
:1029C00001220222A3612261ADB1A5F23345054483
:1029D0003560C0F13500099B1860204602B0BDE8A3
:1029E00070836161E9E701A8FFF7EDFC019B01221B
:1029F00063612030E7E7A0F2324004EB82033060ED
:102A00001869FFF7C1FCC0EB4210E4E78B750100C9
:102A1000167601002DE9F04F85B0CDE9001002A92E
:102A2000FFF758FF8B4606460F46009803A9FFF7AD
:102A300051FF0D46019B89461969009B04461B699D
:102A40003046C91ADDE902329B1A03EB4113002B11
:102A5000CDBF3A462A46C3EB033302EB035BD8BF34
:102A600002EB03594B462246594601F00BFA05B0DA
:102A7000BDE8F08F013970B549111469013102F1D7
:102A8000140300EB810103EB8404051FA3420CD364
:102A9000A31A113B23F003031132944238BF0023E1
:102AA00018440023884205D370BD53F8046B45F8E1
:102AB000046FEBE740F8043BF4E700F1140200690F
:102AC0004B11984210B511DB0ADD11F01F0107D040
:102AD00052F8234024FA01F000FA01F18C420BD1A4
:102AE00002EB8303934203D8002010BD0346F7E7AF
:102AF00053F8041D0029F5D00120F6E703460846E7
:102B000041B1FF2A04D98A224FF0FF301A60704782
:102B100001200A7070472DE9F0471F468E688246F3
:102B2000BE420C469046334653D8B1F90C0010F41F
:102B3000906F2BD065692368096905EB4505A3EB08
:102B4000010905EBD5757B1C6D104B44AB422A4641
:102B500084BF1D462A46430527D511465046FFF738
:102B600085FA064658B34A462169FEF7BCFEA3899A
:102B700023F4906343F08003A38126614E442660D2
:102B80003B463E466561A5EB0905A5601F463A46F2
:102B900041462068FEF7E2FD0020A3689B1BA3606E
:102BA00023683B442360BDE8F087504600F0A0FB5B
:102BB00006460028E1D150462169FEF7B1FE0C23FC
:102BC000CAF80030A3894FF0FF3043F04003A381DF
:102BD000E9E73E46DBE7FFFF2DE9F04F98468B899A
:102BE00007461B060D4614469DB010D50B6973B9F8
:102BF0004021FFF73BFA2860286130B90C233B6085
:102C00004FF0FF301DB0BDE8F08F40236B61002313
:102C1000099320238DF8293030234FF00109CDF896
:102C20000C80DFF898818DF82A3023469A4613F8F5
:102C3000012B0AB1252AF9D1BAEB040B0BD05B4664
:102C4000224629463846FFF766FF013000F0A7808C
:102C5000099A5A4409929AF80030002B00F09F809C
:102C600000234FF0FF32CDE905230AF1010A049356
:102C700007938DF853301A935446052214F8011B1C
:102C80004E4800F0EDFA049AD8B9D00644BF20238C
:102C90008DF85330110744BF2B238DF853309AF829
:102CA00000302A2B15D0544600204FF00A0C079A0A
:102CB000214611F8013B303B092B4BD9B0B10792AB
:102CC00014E0A0EB080309FA03F31343A2460493AC
:102CD000D2E7039B191D1B680391002BBBBF5B420E
:102CE00042F0020207930793B8BF049223782E2B79
:102CF0000AD163782A2B32D1039B02341A1D1B6838
:102D0000039243EAE3730593DFF8B4A0032250462D
:102D1000217800F0A5FA38B14022049BA0EB0A000C
:102D2000824013430134049314F8011B0622254802
:102D30008DF8281000F094FA002836D0224B1BBBE7
:102D4000039B073323F0070308330393099B3344A2
:102D500009936AE70C4601200CFB0232A8E7002326
:102D60004FF00A0C194601340593204610F8012B48
:102D7000303A092A03D9002BC6D00591C4E704468E
:102D800001230CFB0121F0E703AB00932A463846F0
:102D90000E4B04A9AFF30080421C0646D6D1AB8986
:102DA0005B063FF52DAF09982CE703AB00932A464D
:102DB0003846064B04A900F07DF8EDE77276010075
:102DC000787601007C76010000000000172B0100DE
:102DD0002DE9F047164698468A680B6907469342E4
:102DE000B8BF1346336091F843200C46DDF82090BD
:102DF0000AB1013333602368990642BF3368023356
:102E00003360256815F0060506D104F1190AE36858
:102E100032689B1AAB422BDC94F843302268003BAB
:102E200018BF0123920630D44146384604F14302CC
:102E3000C847013023D02368226903F00603042B1E
:102E400014BF002533684FF0000608BFE56804F1A1
:102E50001A0408BFED1A54F8123C08BF25EAE575BC
:102E60009342C4BF9B1AED18B5421AD1002008E066
:102E70000123524641463846C847013003D14FF03E
:102E8000FF30BDE8F0870135C1E73020E11881F857
:102E900043005A1C94F845102244023382F8431030
:102EA000C2E70123224641463846C8470130E6D0F2
:102EB0000136D9E72DE9FF470F7E9146782F8046EE
:102EC0000C469A460C9E01F1430207D8622F0AD89D
:102ED000002F00F0D280582F00F0B78004F1420696
:102EE00084F842703AE0A7F16303152BF6D801A1EC
:102EF00051F823F04D2F0100612F0100DD2E01005C
:102F0000DD2E0100DD2E0100DD2E0100612F01000C
:102F1000DD2E0100DD2E0100DD2E0100DD2E010081
:102F2000613001008B2F010017300100DD2E010000
:102F3000DD2E010083300100DD2E01008B2F01000A
:102F4000DD2E0100DD2E01001F30010033681A1D47
:102F50001B68326004F1420684F8423001239DE090
:102F600033682068191D3160060601D51D6803E02D
:102F70004506FBD5B3F90050002D03DA2D236D4231
:102F800084F843300A23594810E021683368080662
:102F900053F8045B02D4490648BFADB26F2F5348C3
:102FA000336059D10823002184F843106668002E4D
:102FB000A66005DB21682E4321F0040121604DD07D
:102FC0001646B5FBF3F103FB1157C75D06F8017D0B
:102FD0002F46BB420D46F4D9082B0BD12368DF07DF
:102FE00008D5236961689942DEBF302306F8013CA9
:102FF00006F1FF36921B22614B4621464046CDF832
:1030000000A003AAFFF7E4FE01304CD14FF0FF30DF
:1030100004B0BDE8F087236843F0200323607827DD
:10302000334884F84570236831681F0651F8045B03
:1030300002D45F0648BFADB23160D90744BF43F048
:10304000200323601DB11023ADE72848E9E723687A
:1030500023F020032360F6E70A23A4E71646BBE724
:1030600033682568181D616930602E061B6801D51C
:10307000196002E06806FBD519800023164623611B
:10308000BAE7336800211A1D32601E686268304654
:1030900000F0E6F808B1801B6060636823610023DC
:1030A00084F84330A8E73246494640462369D04772
:1030B0000130ABD023689B0713D4E068039B984290
:1030C000B8BF1846A4E70123324649464046D047D8
:1030D00001309BD00135E36803995B1AAB42F2DC07
:1030E000EBE7002504F11906F5E700BF8376010040
:1030F00094760100B1F90C20F8B5160705460C4688
:1031000051D44B68002B02DC0B6C002B49DDE66AC6
:10311000002E46D0002312F480522F682B6031D04D
:10312000626DA389590705D56368D21A636B0BB129
:10313000236CD21A00232846E66A216AB047421C53
:10314000B4F90C3006D129681D2945D8274ACA4050
:10315000D60741D5002262602269D904226004D5D5
:10316000421C01D12B6803B96065616B2F60C1B14E
:1031700004F14403994202D02846FEF7D1FB002314
:1031800063630EE001232846216AB0470246501CC3
:10319000C7D12B68002BC4D01D2B01D0162B19D101
:1031A0002F6000201DE00F69002FFAD0930718BF91
:1031B00000230E6808BF4B69F61B0F608B60002E62
:1031C000EFDD33463A462846216AD4F828C0E04766
:1031D000002807DCB4F90C304FF0FF3043F0400317
:1031E000A381F8BD0744361AE9E700BF010040207B
:1031F00038B50B6905460C4613B90025284638BD7D
:1032000018B1036A0BB9FEF7FDF9B4F90C30002BC5
:10321000F3D0626ED00704D4990502D4A06DFEF7F6
:103220004EFB28462146FFF765FF636E0546DA0729
:10323000E4D4A3899B05E1D4A06DFEF741FBDDE753
:1032400038B50023054D044608462B6001F07EF892
:10325000431C02D12B6803B1236038BD948A00025D
:10326000034610B5C9B202449342184601D100206A
:1032700003E0047801338C42F6D110BD1FB514462B
:103280001A46094B05461B68D8684CB1074BCDE977
:10329000013400912B46064900F058F800F068F818
:1032A000044B1C46F3E700BF5C8C0002A5760100CE
:1032B000B27601005660010070B5A1FB025434B92A
:1032C0002946FEF7D3FE064628B9304670BD0C22CB
:1032D00000260260F9E72A462146FEF758FAF4E78D
:1032E000024B01461868FEF7C1BE00BF5C8C0002AD
:1032F0002DE9F041074614460D4621B91146BDE8B7
:10330000F041FEF7B3BE2AB9FEF70AFB2546284670
:10331000BDE8F08100F033F88442064602D8B4EBF1
:10332000500FF4D821463846FEF7A0FE804608B973
:103330004546ECE7B4422246294628BF3246FEF70E
:10334000D2FA29463846FEF7EBFAF1E70EB403B598
:10335000014603AB054853F8042B0068019300F0C5
:103360003DF802B05DF804EB03B070475C8C0002DE
:10337000062008B500F004FA012000F0FDFF51F826
:10338000043C181F002BBCBF0B58C0187047936833
:1033900010B4013B002B936007DA9469A34201DB70
:1033A0000A2902D110BC00F031B91368581C106012
:1033B0001970084610BC7047F8B506460F4614460B
:1033C000D518AC4201D1002007E03A46304614F847
:1033D000011BFFF7DCFF431CF3D1F8BD2DE9F04FD3
:1033E0000D461446984606469DB018B1036A0BB9BF
:1033F000FEF708F96B6ED90705D4AB899A0502D49C
:10340000A86DFEF75CFAAB891B0701D52B699BB948
:103410002946304600F038F970B16B6EDC0704D5F0
:103420004FF0FF301DB0BDE8F08FAB899805F7D4A1
:10343000A86DFEF745FAF3E70023099320238DF8E2
:10344000293030234FF00109CDF80C80DFF8A88136
:103450008DF82A3023469A4613F8012B0AB1252A03
:10346000F9D1BAEB040B0BD05B4622462946304615
:10347000FFF7A2FF013000F0A780099A5A44099291
:103480009AF80030002B00F09F8000234FF0FF32AD
:10349000CDE905230AF1010A049307938DF853300F
:1034A0001A935446052214F8011B5348FFF7D8FE1F
:1034B000049AD8B9D10644BF20238DF8533013079E
:1034C00044BF2B238DF853309AF800302A2B15D0A7
:1034D000544600204FF00A0C079A214611F8013B90
:1034E000303B092B4BD9B0B1079214E0A0EB080395
:1034F00009FA03F31343A2460493D2E7039B191D71
:103500001B680391002BBBBF5B4242F00202079392
:103510000793B8BF049223782E2B0AD163782A2B05
:1035200032D1039B02341A1D1B68039243EAE373F2
:103530000593DFF8C8A0032250462178FFF790FEDC
:1035400038B14022049BA0EB0A00824013430134AF
:10355000049314F8011B062229488DF82810FFF760
:103560007FFE00283FD0274B1BBB039B073323F074
:10357000070308330393099B3B4409936AE70C460E
:1035800001200CFB0232A8E700234FF00A0C194679
:1035900001340593204610F8012B303A092A03D94B
:1035A000002BC6D00591C4E7044601230CFB012182
:1035B000F0E703AB00932A463046134B04A9AFF360
:1035C00000800746781CD6D16B6ED90705D4AB892D
:1035D0009A0502D4A86DFEF773F9AB895B063FF537
:1035E0001FAF09981EE703AB00932A463046064BEF
:1035F00004A9FFF75FFCE4E772760100787601002A
:103600007C76010000000000B9330100F8B50E46D9
:103610001446054618B1036A0BB9FDF7F3FFA36919
:10362000A360A3891A0701D5236943B92146284617
:1036300000F02AF818B14FF0FF373846F8BD23687C
:103640002269F6B2981A63693746834205DC21463F
:103650002846FFF7CDFD0028EDD1A368013BA3600C
:1036600023685A1C22601E706269431C9A4204D06F
:10367000A389DB07E1D50A2EDFD121462846FFF7D3
:10368000B7FD0028D9D0D6E738B5284B05461868CD
:103690000C4618B1036A0BB9FDF7B4FFB4F90C304E
:1036A0001A0721D4D80607D409222A6043F0400320
:1036B0004FF0FF30A38130E0590712D5616B41B163
:1036C00004F14403994202D02846FEF729F9002369
:1036D00063630022B4F90C306260226923F0240392
:1036E000226043F00803A38122693AB99A0501D503
:1036F000180603D52146284600F082F8B4F90C30AC
:1037000013F001020AD00022A26062695242A26153
:10371000226942B913F08000C8D138BD990758BF5B
:103720006269A260F4E70020F7E700BF5C8C00024A
:103730001F2938B505460C4604D9162303604FF0FF
:10374000FF3038BDC26B12B152F821304BB9284658
:1037500000F030F8224601462846BDE8384000F027
:1037600017B8012B0AD0591C03D11623036001207E
:10377000E7E70021204642F8241098470020E0E7C0
:10378000024B01461868FFF7D3BF00BF5C8C0002F4
:1037900038B50023064D0446084611462B6000F05C
:1037A000BDFD431C02D12B6803B1236038BD00BFAF
:1037B000948A000200F0A2BD70B50C46B1F90E105B
:1037C000154600291E4696B00ADAA18911F080013B
:1037D00013D14FF48062002031602A6016B070BDB2
:1037E0006A4600F047F80028EFDB019901F47041C8
:1037F000A1F5005359425941EBE700214022EAE785
:103800008B8973B59E0705460C4607D504F147031F
:10381000236023610123636102B070BD01AB6A467E
:10382000FFF7CAFF009E28463146FEF71FFCB4F999
:103830000C3038B99A05EFD423F0030343F00203A8
:10384000A381E3E743F08003A381019BC4E904065D
:103850002060002BE0D02846B4F90E1000F01CF8D0
:103860000028D9D0A38923F0030343F00103A381E7
:10387000D2E7FFFF38B50023064D0446084611463F
:103880002B6000F033FD431C02D12B6803B1236091
:1038900038BD00BF948A000238B50023054D0446A8
:1038A00008462B6000F032FD431C02D12B6803B1A7
:1038B000236038BD948A000281F0004102E000BF1D
:1038C00083F0004330B54FEA41044FEA430594EAE0
:1038D000050F08BF90EA020F1FBF54EA000C55EA1B
:1038E000020C7FEA645C7FEA655C00F0E2804FEAEC
:1038F0005454D4EB5555B8BF6D420CDD2C4480EACE
:10390000020281EA030382EA000083EA010180EAFD
:10391000020281EA0303362D88BF30BD11F0004F4B
:103920004FEA01314FF4801C4CEA113102D0404281
:1039300061EB410113F0004F4FEA03334CEA1333BC
:1039400002D0524263EB430394EA050F00F0A780D4
:10395000A4F10104D5F1200E0DDB02FA0EFC22FACF
:1039600005F2801841F1000103FA0EF2801843FAC3
:1039700005F359410EE0A5F120050EF1200E012AB4
:1039800003FA0EFC28BF4CF0020C43FA05F3C018F2
:1039900051EBE37101F0004507D54FF0000EDCF16B
:1039A000000C7EEB00006EEB0101B1F5801F1BD314
:1039B000B1F5001F0CD349085FEA30004FEA3C0C18
:1039C00004F101044FEA445212F5800F80F09A800E
:1039D000BCF1004F08BF5FEA500C50F1000041EB12
:1039E000045141EA050130BD5FEA4C0C404141EB16
:1039F0000101013C28BFB1F5801FE9D291F0000F11
:103A000004BF01460020B1FA81F308BF2033A3F1BF
:103A10000B03B3F120020CDA0C3208DD02F1140CB6
:103A2000C2F10C0201FA0CF021FA02F10CE002F1F1
:103A30001402D8BFC2F1200C01FA02F120FA0CFCEA
:103A4000DCBF41EA0C019040E41AA2BF01EB045133
:103A5000294330BD6FEA04041F3C1CDA0C340EDC31
:103A600004F11404C4F1200220FA04F001FA02F374
:103A700040EA030021FA04F345EA030130BDC4F132
:103A80000C04C4F1200220FA02F001FA04F340EA27
:103A90000300294630BD21FA04F0294630BD94F0D8
:103AA000000F83F4801306BF81F480110134013DBF
:103AB0004EE77FEA645C18BF7FEA655C29D094EA30
:103AC000050F08BF90EA020F05D054EA000C04BFAE
:103AD0001946104630BD91EA030F1EBF0021002099
:103AE00030BD5FEA545C05D14000494128BF41F038
:103AF000004130BD14F580043CBF01F5801130BD9C
:103B000001F0004545F0FE4141F470014FF0000026
:103B100030BD7FEA645C1ABF194610467FEA655CD7
:103B20001CBF0B46024650EA013406BF52EA033579
:103B300091EA030F41F4002130BD00BF90F0000F67
:103B400004BF0021704730B54FF4806404F13204A3
:103B50004FF000054FF0000150E700BF90F0000F5C
:103B600004BF0021704730B54FF4806404F1320483
:103B700010F0004548BF40424FF000013EE700BF53
:103B800042004FEAE2014FEA31014FEA02701FBFE3
:103B900012F07F4393F07F4F81F06051704732F015
:103BA0007F4208BF704793F07F4F04BF41F400216C
:103BB000704730B54FF4607401F0004521F00041CA
:103BC0001CE700BF50EA010208BF704730B54FF054
:103BD00000050AE050EA010208BF704730B511F055
:103BE000004502D5404261EB41014FF4806404F18D
:103BF00032045FEA915C3FF4D8AE4FF003025FEA13
:103C0000DC0C18BF03325FEADC0C18BF033202EB96
:103C1000DC02C2F1200300FA03FC20FA02F001FAF0
:103C200003FE40EA0E0021FA02F11444BDE600BF93
:103C300070B54FF0FF0C4CF4E06C1CEA11541DBF42
:103C40001CEA135594EA0C0F95EA0C0F00F0DEF80D
:103C50002C4481EA030621EA4C5123EA4C5350EAF2
:103C6000013518BF52EA033541F4801143F4801343
:103C700038D0A0FB02CE4FF00005E1FB02E506F0D4
:103C80000042E0FB03E54FF00006E1FB03569CF029
:103C9000000F18BF4EF0010EA4F1FF04B6F5007F2F
:103CA00064F5407404D25FEA4E0E6D4146EB0606A1
:103CB00042EAC62141EA55514FEAC52040EA5E502A
:103CC0004FEACE2EB4F1FD0C88BFBCF5E06F1ED8D4
:103CD000BEF1004F08BF5FEA500E50F1000041EB0B
:103CE000045170BD06F0004646EA010140EA0200B8
:103CF00081EA0301B4EB5C04C2BFD4EB0C0541EADA
:103D0000045170BD41F480114FF0000E013C00F3EE
:103D1000AB8014F1360FDEBF002001F0004170BD12
:103D2000C4F10004203C35DA0C341BDC04F114042B
:103D3000C4F1200500FA05F320FA04F001FA05F2B7
:103D400040EA020001F0004221F0004110EBD37084
:103D500021FA04F642EB06015EEA430E08BF20EAB0
:103D6000D37070BDC4F10C04C4F1200500FA04F353
:103D700020FA05F001FA04F240EA020001F00041E5
:103D800010EBD37041F100015EEA430E08BF20EA58
:103D9000D37070BDC4F1200500FA05F24EEA020EA0
:103DA00020FA04F301FA05F243EA020321FA04F0CF
:103DB00001F0004121FA04F220EA020000EBD37086
:103DC0005EEA430E08BF20EAD37070BD94F0000F86
:103DD0000FD101F00046400041EB010111F4801FBA
:103DE00008BF013CF7D041EA060195F0000F18BF6B
:103DF000704703F00046520043EB030313F4801FA7
:103E000008BF013DF7D043EA0603704794EA0C0F60
:103E10000CEA135518BF95EA0C0F0CD050EA410676
:103E200018BF52EA4306D1D181EA030101F00041F3
:103E30004FF0000070BD50EA410606BF104619461B
:103E400052EA430619D094EA0C0F02D150EA013627
:103E500013D195EA0C0F05D152EA03361CBF104668
:103E600019460AD181EA030101F0004141F0FE4107
:103E700041F470014FF0000070BD41F0FE4141F48B
:103E8000780170BD70B54FF0FF0C4CF4E06C1CEA8B
:103E900011541DBF1CEA135594EA0C0F95EA0C0F40
:103EA00000F0A7F8A4EB050481EA030E52EA0335FB
:103EB0004FEA013100F088804FEA03334FF080551C
:103EC00045EA131343EA12634FEA022245EA111549
:103ED00045EA10654FEA00260EF000419D4208BFFA
:103EE000964244F1FD0404F5407402D25B084FEAA7
:103EF0003202B61A65EB03055B084FEA32024FF453
:103F000080104FF4002CB6EB020E75EB030E22BFAF
:103F1000B61A754640EA0C005B084FEA3202B6EB6F
:103F2000020E75EB030E22BFB61A754640EA5C001E
:103F30005B084FEA3202B6EB020E75EB030E22BFAE
:103F4000B61A754640EA9C005B084FEA3202B6EBAF
:103F5000020E75EB030E22BFB61A754640EADC006E
:103F600055EA060E18D04FEA051545EA16754FEAD0
:103F700006164FEAC30343EA52734FEAC2025FEAEE
:103F80001C1CC0D111F4801F0BD141EA00014FF07D
:103F900000004FF0004CB6E711F4801F04BF01434E
:103FA0000020B4F1FD0C88BFBCF5E06F3FF6AFAE6A
:103FB000B5EB030C04BFB6EB020C5FEA500C50F1FA
:103FC000000041EB045170BD0EF0004E4EEA11317D
:103FD00014EB5C04C2BFD4EB0C0541EA045170BD84
:103FE00041F480114FF0000E013C90E645EA060EC8
:103FF0008DE60CEA135594EA0C0F08BF95EA0C0FF6
:104000003FF43BAF94EA0C0F0AD150EA01347FF43D
:1040100034AF95EA0C0F7FF425AF104619462CE714
:1040200095EA0C0F06D152EA03353FF4FDAE104677
:10403000194622E750EA410618BF52EA43067FF4C8
:10404000C5AE50EA41047FF40DAF52EA43057FF458
:10405000EBAE12E74FF0FF3C06E000BF4FF0010C63
:1040600002E000BF4FF0010C4DF804CD4FEA410CC7
:104070007FEA6C5C4FEA430C18BF7FEA6C5C1BD094
:1040800001B050EA410C0CBF52EA430C91EA030F15
:1040900002BF90EA020F0020704710F1000F91EA72
:1040A000030F58BF994208BF90422CBFD8176FEA40
:1040B000E37040F0010070474FEA410C7FEA6C5C0E
:1040C00002D150EA013C07D14FEA430C7FEA6C5C15
:1040D000D6D152EA033CD3D05DF8040B704700BF41
:1040E0008446104662468C461946634600E000BF8F
:1040F00001B5FFF7B7FF002848BF10F1000F01BD61
:104100004DF808EDFFF7F4FF0CBF012000205DF82B
:1041100008FB00BF4DF808EDFFF7EAFF34BF0120B0
:1041200000205DF808FB00BF4DF808EDFFF7E0FF49
:1041300094BF012000205DF808FB00BF4DF808ED9A
:10414000FFF7CEFF94BF012000205DF808FB00BF01
:104150004DF808EDFFF7C4FF34BF012000205DF8E3
:1041600008FB00BF4FEA410C7FEA6C5C02D150EAC9
:10417000013C0AD14FEA430C7FEA6C5C02D152EA5F
:10418000033C02D14FF0000070474FF00100704730
:104190004A0011D212F5001211D20DD56FF47873C6
:1041A000B3EB62520ED44FEAC12343F0004343EA1B
:1041B000505323FA02F070474FF00000704750EA66
:1041C000013002D14FF0FF3070474FF000007047D0
:1041D0004FEA4102B2F1E04324BFB3F5001CDCF129
:1041E000FE5C0DD901F0004C4FEAC0024CEA507061
:1041F000B2F1004F40EB830008BF20F00100704790
:1042000011F0804F21D113F13872BCBF01F0004092
:10421000704741F480114FEA5252C2F11802C2F1C4
:10422000200C10FA0CF320FA02F018BF40F0010045
:104230004FEAC1234FEAD32303FA0CFC40EA0C00F7
:1042400023FA02F34FEA4303CCE77FEA625307D134
:1042500050EA01331EBF4FF0FE4040F4400070476B
:1042600001F0004040F0FE4040F40000704700BF05
:1042700038B50022002304460D46FFF74BFF28B94E
:1042800020462946BDE8384000F00AB8204605F12E
:10429000004100F005F8404261EB410138BD00BF2C
:1042A000D0B500220B4B06460F46FFF7C1FCFFF7C7
:1042B0006FFF0446FFF742FC0022074BFFF7B8FCF4
:1042C00002460B4630463946FFF7FAFAFFF760FF21
:1042D0002146D0BD0000F03D0000F0415822024BC5
:1042E0004FF0FF301A607047948A00025822024B48
:1042F0004FF0FF301A607047948A00025822024B38
:104300004FF0FF301A607047948A00025822024B27
:1043100000201A60704700BF948A00025822024BA6
:104320004FF0FF301A607047948A00025822024B07
:104330004FF0FF301A607047948A00025822024BF7
:104340004FF0FF301A607047948A0002044A054912
:104350001368002B08BF0B461844106018467047BE
:10436000A48A0002B88C00025822024B4FF0FF30A2
:104370001A607047948A0002FEE700BFF8B500BFDC
:10438000F8BC08BC9E467047F8B500BFF8BC08BC36
:104390009E46704700800000001BB7004142434426
:1043A00045464748494A4B4C4D4E4F505152535445
:1043B00055565758595A6162636465666768696AF9
:1043C0006B6C6D6E6F707172737475767778797AC5
:1043D000303132333435363738392B2F00496E7649
:1043E000616C696420636F6D6D616E640054657308
:1043F000742829004E6F7420617661696C61626C6B
:104400006500496E76616C696420617267756D65DF
:104410006E7400455252004F4B20726573657400F4
:104420004F4B20676F004F4B003E005253323332E8
:104430000055534200556E6B6E6F776E20696E7437
:10444000657266616365005253343835002863290C
:10445000203230313620456F664520556C747261CC
:10446000736F6E69637320436F2E2C204C74642E1F
:104470000D0A0054686520426F73733A20446F6FD1
:10448000776F6E2043686F690D0A0053656E696F20
:104490007220486172647761726520446573696750
:1044A0006E65723A20566C6164696D6972204D6167
:1044B0006B61726F760D0A0053656E696F722053DF
:1044C0006F66747761726520446576656C6F7065A0
:1044D000723A20446D69747279204665646F746F16
:1044E000760D0A00257500554E4B4E4F574E002550
:1044F0006C75002E2564000D0A5761746368646F43
:10450000672044697361626C6564210D0A00342E72
:104510003232004953505F4D4F44452E2E2E2E000F
:10452000256C6400284163746976652900202000A9
:104530000D0A0D0A20496E666F200D0A002D2D2DE3
:104540002D2D2D2D2D2D2D2D2D2D2D2D2D2D2D2D9B
:104550002D2D2D2D2D2D2D2D2D2D2D2D2D2D2D2D8B
:104560002D2D2D2D2D2D2D2D2D2D2D2D2D2D2D2D7B
:104570002D2D2D2D2D2D2D2D2D2D2D2D2D2D2D2D6B
:104580002D2D2D2D2D2D2D2D0D0A0020486967680C
:10459000204672657175656E63793A202575487A93
:1045A0002025730D0A0020204C6F7720467265711C
:1045B00075656E63793A202575487A2025730D0A52
:1045C0000D0A002057617465722054656D70657224
:1045D0006174757265205B43656C736975735D3AD0
:1045E00020253573C2B0430D0A0020496E746572F0
:1045F0006E616C2054656D706572617475726520B2
:104600005B43656C736975735D3A20253573C2B081
:1046100043002054696C742053656E736F723A20A6
:10462000506974636828582D6178697320696E63D6
:104630006C696E6174696F6E292C6465677265655B
:10464000202536730D0A002054696C742053656E62
:10465000736F723A20526F6C6C2028592D61786903
:104660007320696E636C696E6174696F6E292C6466
:104670006567726565202536730D0A000D0A2042B4
:104680003634494E464F5B005D0D0A0D0A0020434B
:104690006F6D6D616E64730D0A00202D20236865B7
:1046A0006C70206F722023696E666F20202020209E
:1046B000202020202020202853686F7720746869EC
:1046C000732073637265656E290D0A00202D202307
:1046D000676F202020202020202020202020202044
:1046E00020202020202020202028476F746F205772
:1046F0006F726B204D6F6465290D0A00202D2023F9
:104700006563686F205B302C315D202020202020E5
:10471000202020202020202020285465726D696EE2
:10472000616C206563686F206F6E2F6F6666290D60
:104730000A00202D202364656661756C742020209A
:104740002020202020202020202020202020202861
:104750005365742073657474696E677320696E2085
:1047600064656661756C742076616C756573290D7E
:104770000A00202D202372657365742020202020DC
:104780002020202020202020202020202020202821
:10479000526573657420646576696365290D0A0046
:1047A000202D2023736574667265716C6F77206F9E
:1047B000722023736574666C2020202020285365A6
:1047C00074206C6F77205478206672657175656E01
:1047D0006379290D0A00202D2023736574667265A4
:1047E0007168696768206F7220237365746668203A
:1047F0002020202853657420686967682054782039
:104800006672657175656E6379290D0A00202D2029
:1048100023736574667265716475616C206F7220B4
:104820002373657466642020202028536574204417
:1048300075616C206672657175656E6379204D6F68
:104840006465290D0A00202D202367657466726552
:1048500071206F722023676574662020202020203D
:10486000202020284765742063757272656E74205D
:104870005478206672657175656E6379290D0A003A
:10488000202D2023676574666C20202020202020A6
:1048900020202020202020202020202020284765A4
:1048A00074204C6F77206672657175656E63792030
:1048B00076616C7565290D0A00202D2023676574CB
:1048C000666820202020202020202020202020205A
:1048D0002020202020202847657420486967682010
:1048E0006672657175656E63792076616C75652990
:1048F0000D0A0020436F6D6D6F6E207365747469CF
:104900006E67733A0D0A0D0A00202D202372616E26
:10491000676520202020205B253764206D6D2020D6
:10492000205D2052616E676520666F72206163743E
:10493000697665206672657175656E63792C2031C4
:10494000303030207E2025640D0A00202D20237277
:10495000616E676568202020205B253764206D6DBF
:104960002020205D2052616E676520666F7220688E
:10497000696768206672657175656E63792C203190
:10498000303030207E2025640D0A00202D20237237
:10499000616E67656C202020205B253764206D6D7B
:1049A0002020205D2052616E676520666F72206C4A
:1049B0006F77206672657175656E63792C20313072
:1049C0003030207E2025640D0A00202D2023696EC2
:1049D00074657276616C20205B2537732073656384
:1049E00020205D20496E74657276616C206265746A
:1049F0007765656E2070756C7365732C20302E3072
:104A000031207E2031307365632C20302D61757428
:104A10006F0D0A00202D202370696E676F6E63652D
:104A200020205B2537642020202020205D204F6E31
:104A3000652D73686F74206F6E2023676F20636F1E
:104A40006D6D616E642C20302C31202D204F464638
:104A50002C4F4E0D0A00202D202374786C656E6754
:104A6000746820205B25376420756B7320205D20DF
:104A700054782050756C7365206C656E677468207F
:104A800020666F7220616374697665206672657155
:104A900075656E63792C203130207E2025646D6B26
:104AA000730D0A00202D202374786C656E6774687E
:104AB00068205B25376420756B7320205D20547857
:104AC0002050756C7365206C656E67746820666F26
:104AD000722068696768206672657175656E6379B2
:104AE0002C203130207E202564206D6B730D0A0050
:104AF000202D202374786C656E6774686C205B25AC
:104B0000376420756B7320205D2054782050756CBD
:104B10007365206C656E67746820666F72206C6FB9
:104B200077206672657175656E63792C203130204F
:104B30007E202564206D6B730D0A00202D202374C8
:104B400078706F7765722020205B25377320644270
:104B50002020205D205472616E736D697420706F27
:104B60007765722C2030286D6178297E2D343828A5
:104B70006D696E2964420D0A00202D20236761694A
:104B80006E2020202020205B2537732064422020C7
:104B9000205D20416E616C6F67204761696E206601
:104BA0006F722061637469766520667265717565E0
:104BB0006E63792C20282D2F2B203630206442293B
:104BC0000D0A00202D20236761696E6820202020B7
:104BD000205B2537732064422020205D20416E61D8
:104BE0006C6F67204761696E20666F722068696725
:104BF00068206672657175656E63792C20282D2F8B
:104C00002B203630206442290D0A00202D202367F6
:104C100061696E6C20202020205B25377320644260
:104C20002020205D20416E616C6F67204761696EB6
:104C300020666F72206C6F77206672657175656E85
:104C400063792C20282D2F2B203630206442290D0B
:104C50000A00202D20237476676D6F646520202064
:104C60005B2537642020202020205D2054564720DB
:104C7000437572766520747970652C20302C312C48
:104C8000322C332C340D0A00202D202374766761DA
:104C90006273202020205B2537732064422F6D2013
:104CA0005D204162736F727074696F6E20544C2086
:104CB000666F7220616374697665206672657175CE
:104CC000656E63792C2020307E32202A20520D0A16
:104CD00000202D2023747667616273682020205B9A
:104CE0002537732064422F6D205D204162736F72FF
:104CF0007074696F6E20544C20666F72206869670B
:104D000068206672657175656E63792C20307E321D
:104D1000202A20520D0A00202D202374766761621C
:104D2000736C2020205B2537732064422F6D205D3B
:104D3000204162736F727074696F6E20544C2066EC
:104D40006F72206C6F77206672657175656E63791E
:104D50002C2020307E32202A20520D0A00202D20C7
:104D600023747667737072642020205B253773206C
:104D700020202020205D20537072656164696E6779
:104D800020544C20636F656666696369656E7420A4
:104D9000666F7220616374697665206672657175ED
:104DA000656E63792C2031307E3430202A206C6F80
:104DB0006728522F5230290D0A00202D20237476A7
:104DC00067737072646820205B2537732020202071
:104DD00020205D20537072656164696E6720544CB9
:104DE00020636F656666696369656E7420666F72BD
:104DF0002068696768206672657175656E63792CD5
:104E00002031307E3430202A206C6F6728522F5298
:104E100030290D0A00202D20237476677370726488
:104E20006C20205B2537732020202020205D20531C
:104E30007072656164696E6720544C20636F6566AB
:104E400066696369656E7420666F72206C6F772087
:104E50006672657175656E63792C2031307E3430F1
:104E6000202A206C6F6728522F5230290D0A00200B
:104E70002D20236174746E2020202020205B253794
:104E80007520756B7320205D202D323064422041E7
:104E90007474656E7561746F7220656E61626C65A5
:104EA0002074696D6520666F722061637469766530
:104EB000206672657175656E63790D0A00202D207C
:104EC000236174746E6820202020205B25377520B4
:104ED000756B7320205D202D323064422041747444
:104EE000656E7561746F7220656E61626C652074A9
:104EF000696D6520666F72206869676820667265F3
:104F00007175656E63790D0A00202D20236174741C
:104F10006E6C20202020205B25377520756B732058
:104F2000205D202D3230644220417474656E7561BD
:104F3000746F7220656E61626C652074696D6520A6
:104F4000666F72206C6F77206672657175656E632F
:104F5000790D0A0020416C74696D65746572207367
:104F6000657474696E67733A0D0A0D0A00202D206E
:104F7000236175746F2020202020205B2537752049
:104F800020202020205D204175746F6D617469635D
:104F90002073657474696E677320696E20616C7428
:104FA000696D65746572206D6F64652C20302C31DD
:104FB000202D204F46462C4F4E0D0A002D00202D4F
:104FC0002023707265736574202020205B25377361
:104FD0002020202020205D20507265736574733A74
:104FE00020507265736574203020282364656661E3
:104FF000756C74292C2050726573657420312C20D7
:1050000050726573657420322C205072657365741C
:1050100020332C202D20312C20322C20330D0A005F
:10502000202D2023736F756E6420202020205B25A7
:105030003773206D707320205D20536F756E642070
:1050400073706565642C206D70730D0A00202D202F
:1050500023646561647A6F6E6520205B2537642068
:105060006D6D2020205D2044656164205A6F6E655F
:1050700020666F722061637469766520667265715F
:1050800075656E63792030207E2052616E676520E1
:10509000286D6D290D0A00202D2023646561647A36
:1050A0006F6E6568205B253764206D6D2020205D64
:1050B0002044656164205A6F6E6520666F722068B7
:1050C000696768206672657175656E637920302046
:1050D0007E2052616E676520286D6D290D0A0020C3
:1050E0002D2023646561647A6F6E656C205B2537C3
:1050F00064206D6D2020205D2044656164205A6F1E
:105100006E6520666F72206C6F77206672657175B0
:10511000656E63792030207E2052616E676520289D
:105120006D6D290D0A00202D202374687265736847
:105130006F6C64205B253764202525202020205DAE
:10514000205468726573686F6C6420666F722061AA
:105150006374697665206672657175656E63792C16
:105160002031207E203130302525206F6620467585
:105170006C6C205363616C650D0A00202D20237434
:1051800068726573686F6C64685B253764202525D9
:10519000202020205D205468726573686F6C642045
:1051A000666F722068696768206672657175656EE2
:1051B00063792C2031207E203130302525206F6608
:1051C0002046756C6C205363616C650D0A00202DC0
:1051D00020237468726573686F6C646C5B25376438
:1051E000202525202020205D205468726573686F7B
:1051F0006C6420666F72206C6F77206672657175C3
:10520000656E63792C2031207E20313030252520B9
:105210006F662046756C6C205363616C650D0A00E7
:10522000202D20236F6666736574202020205B2567
:105230003764206D6D2020205D204F666673657495
:1052400020666F722061637469766520667265718D
:1052500075656E63792C20282D2F2B31303030204E
:105260006D6D290D0A00202D20236F66667365740D
:10527000682020205B253764206D6D2020205D2074
:105280004F666673657420666F7220686967682070
:105290006672657175656E63792C20282D2F2B3110
:1052A000303030206D6D290D0A00202D20236F66CF
:1052B000667365746C2020205B253764206D6D203B
:1052C00020205D204F666673657420666F72206CC7
:1052D0006F77206672657175656E63792C20282D55
:1052E0002F2B31303030206D6D290D0A00202D20FC
:1052F000236D656469616E666C74205B253775206B
:1053000020202020205D204D656469616E20666943
:105310006C7465722C20332C342C2E2E2E323120BE
:1053200073616D706C65732C203C332D6F66662C39
:1053300020302D647572696E672074686520776807
:105340006F6C652022236F75747261746522207002
:105350006572696F640D0A00202D20236D6F7661E0
:105360007667666C74205B2537752020202020200E
:105370005D20417665726167696E672066696C744D
:1053800065722C20322C332C2E2E2E31322073615C
:105390006D706C65732C203C322D6F66662C20304E
:1053A0002D647572696E67207468652077686F6C0C
:1053B000652022236F757472617465222070657296
:1053C000696F640D0A00202D20236E6D6561646293
:1053D000742020205B2537642020202020205D20A1
:1053E0004E4D454120444254206D6573736167659D
:1053F000206F75747075742C20302C31202D204F47
:1054000046462C4F4E0D0A00202D20236E6D6561FF
:105410006470742020205B25376420202020202009
:105420005D204E4D454120445054206D657373619D
:105430006765206F75747075742C20302C31202DA9
:10544000204F46462C4F4E0D0A00202D20236E6D16
:1054500065616D74772020205B2537642020202033
:1054600020205D204E4D4541204D5457206D6573E1
:1054700073616765206F75747075742C20302C31E2
:10548000202D204F46462C4F4E0D0A00202D202364
:105490006E6D65617864722020205B253764202062
:1054A000202020205D204E4D4541205844522F544D
:1054B000494C54206D657373616765206F75747016
:1054C00075742C20302C31202D204F46462C4F4E09
:1054D0000D0A00202D20236E6D6561656D61202011
:1054E000205B2537642020202020205D204E4D4564
:1054F00041205844522F454D41206D6573736167BB
:1055000065206F75747075742C20302C31202D201F
:105510004F46462C4F4E0D0A00202D20236E6D6500
:10552000617A64612020205B2537642020202020C0
:10553000205D204E4D4541205A4441206D657373D6
:10554000616765206F75747075742C20302C312064
:105550002D204F46462C4F4E0D0A00202D20236F44
:10556000757472617465206F720D0A00202D2023FE
:105570006E6D65617261746520205B2537732073E1
:10558000656320205D204F757470757420646174AC
:105590006120726174652C20302E317E3273656318
:1055A0002C2030202D2073616D65206173202369CC
:1055B0006E74657276616C0D0A00202D20236E6D6D
:1055C00065616470746F66665B253773206D20209B
:1055D00020205D204E4D454120445054206F66668A
:1055E0007365742076616C756520282D2F2B20350E
:1055F00030206D290D0A00202D20236E6D65616419
:10560000707A65726F5B2537642020202020205D32
:10561000204E4D4541204450542F4442542073683D
:105620006F77207A65726F206966206E6F207369CC
:10563000676E616C2C20302C31202D204F46462F78
:105640004F4E0D0A0020496E7075742F4F7574709F
:1056500075742073657474696E67733A0D0A0D0A68
:1056600000202D20236F7574707574202020205B1E
:105670002537642020202020205D204F7574707510
:105680007420666F726D617420312C322C332C348F
:10569000200D0A0020202020202020202020202053
:1056A00020202020202020202020202020202020FA
:1056B000202031202020202D20416C74696D6574DC
:1056C00065722053696D706C650D0A0020202020E2
:1056D00020202020202020202020202020202020CA
:1056E0002020202020202020202032202020202D9B
:1056F000204563686F6772616D2074787420313063
:10570000626974730D0A00202020202020202020B0
:105710002020202020202020202020202020202089
:10572000202020202033202020202D20416C74694F
:105730006D65746572204E4D45410D0A0020202094
:105740002020202020202020202020202020202059
:105750002020202020202020202020342020202035
:105760002D204563686F6772616D207478742031F5
:1057700032626974730D0A0020202020202020202E
:105780002020202020202020202020202020202019
:1057900020202020202036202020202D204445536A
:1057A0004F2D323520284D6574726963204D6F642A
:1057B000652C2041202D2048462C202042202D20E1
:1057C0004C46290D0A0020202020202020202020C7
:1057D00020202020202020202020202020202020C9
:1057E0002020202037202020202D20416C74696D3E
:1057F00065746572204475616C2028446174652C61
:105800002054696D652C2048462C204C46290D0AF1
:1058100000202020202020202020202020202020A8
:105820002020202020202020202020202020203860
:10583000202020202D20534F4E41524D4954455F8A
:105840004446582849442C2048462C204C462C20BD
:1058500054656D702C20426174742C20466C616715
:1058600073290D0A00202020202020202020202025
:105870002020202020202020202020202020202028
:1058800020202039202020202D20534F4E41524DE2
:105890004954455F4F4C442849442C20446570745A
:1058A000682C20526F6C6C2C2050697463682C201B
:1058B00048656176652C20426174742C2051612CFE
:1058C00020466C616773290D0A00202020202020CB
:1058D00020202020202020202020202020202020C8
:1058E000202020202020202031303020202D204555
:1058F00063686F6772616D2062696E6172792031D1
:1059000032626974730D0A0020202020202020209C
:105910002020202020202020202020202020202087
:1059200020202020202031303120202D2045636888
:105930006F6772616D2062696E6172792038626989
:105940007473202831326269747320636F6D7072D2
:10595000657373656420746F203862697473290DF0
:105960000A00202D2023616C747072656320202052
:105970005B2537642020202020205D20416C746945
:105980006D65746572206D6F6465206F75747075D8
:105990007420707265636973696F6E20317E346440
:1059A0006967697473200D0A00202D2023737461C8
:1059B000727420202020205B253775202020202095
:1059C000205D205374617274206563686F736F7516
:1059D0006E646572206F6E20706F7765722D6F6ECA
:1059E0002C20302C31202D204F46462F4F4E0D0AB3
:1059F00000202D202373616D706C66726571205BD1
:105A00002537752025732020205D2053616D706C33
:105A1000696E6720726174652E205B363235302CDA
:105A200031323530302C32353030302C353030306A
:105A3000302C3130303030305D487A2C2030202D01
:105A4000204175746F0D0A00202D2023756172743A
:105A5000666C6F7720205B25376420202020202073
:105A60005D2055415254205254532F4354532066C5
:105A70006C6F7720636F6E74726F6C2C20302C31DA
:105A8000202D204F46462C4F4E0D0A00202D20235E
:105A90007370656564206F720D0A00202D202362EB
:105AA0006175647261746520205B25386420202054
:105AB00020205D204261756420526174652C203283
:105AC0003430302D3932313630302C20384E310DD3
:105AD0000A00202D202374696D65202020202020BD
:105AE0005B2531317520205D205365636F6E6473D3
:105AF0002073696E63652030303A303020686F75EE
:105B000072732C204A616E20312C203139373020BD
:105B10005554430D0A002053796E6368726F6E69A5
:105B20007A6174696F6E3A0D0A0D0A00202D2023E8
:105B300073796E6365787465726E5B2537642020B7
:105B4000202020205D2053796E63204469726563B4
:105B500074696F6E2C20302C31202D20496E7465B5
:105B6000726E616C2C45787465726E616C0D0A0002
:105B7000202D202373796E636578746D6F645B25C7
:105B800037642020202020205D2045787465726EC7
:105B9000616C2053796E632050756C736520656469
:105BA00067652C20302C31202D2046616C6C696E8D
:105BB000672C526973696E670D0A00202D202373CC
:105BC000796E636F7574706F6C5B2537642020206D
:105BD0002020205D2053796E632050756C73652002
:105BE0004F757470757420506F6C61726974792C84
:105BF00020302C31202D204C6F772C486967680DA0
:105C00000A000D0A20416E616C6F67206F75747019
:105C100075743A0D0A0D0A00202D2023616E6C6701
:105C20006D6F646520205B253764202020202020B4
:105C30005D20416E616C6F67206F757470757420A4
:105C40006D6F64652C20302C31202D2044697374D5
:105C5000616E63652C456E76656C6F70650D0A002C
:105C6000202D2023616E6C677261746520205B2596
:105C7000377320562F6D20205D20416E616C6F6759
:105C8000206F7574707574207261746520302E30C9
:105C900030357E3130562F6D0D0A00202D202361C6
:105CA0006E6C676D61782020205B25376420202092
:105CB0002020205D204D61782E206F7574707574E2
:105CC00020766F6C746167652C20312C322C332C5C
:105CD0003420202D20312E3235562C322E35562CA4
:105CE00035562C313056200D0A000D0A204D756CAA
:105CF00074696E6F646520696E7465726661636550
:105D00003A0D0A0D0A00202D20236D6E696661632D
:105D1000652020205B2537642020202020205D2066
:105D20004D756C74696E6F646520696E746572661A
:105D30006163652C20302C31202D204F46462C4F9E
:105D40004E0D0A00202D20236D6E69642020202036
:105D500020205B2537642020202020205D204D75E9
:105D60006C74696E6F646520696420317E323430F2
:105D70000D0A00202D20236D6E73796E6320202084
:105D8000205B2537642020202020205D204D756C6D
:105D900074696E6F64652073796E632C20302C31CA
:105DA0002C3220202D20496E742C4578742C5061A3
:105DB000636B65740D0A002D2D2D2D2D2D2D2D2D90
:105DC0002D2D2D2D2D2D2D2D2D2D2D2D2D2D2D2D03
:105DD0002D2D2D2D2D2D2D2D2D2D2D2D2D2D2D2DF3
:105DE0002D2D2D2D2D2D2D2D2D2D2D2D2D2D2D2DE3
:105DF0002D2D2D2D2D2D2D2D2D2D2D2D2D2D2D2DD3
:105E00002D2D0D0A0D0A0020457874656E646564B9
:105E10002053657474696E67730D0A0020446576BB
:105E20006963652049443A2025730D0A00204465C2
:105E3000736372697074696F6E3A2025730D0A007E
:105E400020532F4E3A2025730D0A00202D20236960
:105E50006E666F66756C6C206F72202368656C705F
:105E600066756C6C202020202853686F7720616C49
:105E70006C206D656E75290D0A00202D2023696E3A
:105E8000666F6578206F72202368656C7065782076
:105E9000202020202020202853686F7720657874E8
:105EA000656E646564206D656E75290D0A00202D90
:105EB0002023737776657273696F6E20202020200F
:105EC000202020202020202020202028476574200A
:105ED000462F572076657273696F6E290D0A002070
:105EE0002D2023696E74657266616365206F722070
:105EF000236966616365202020202020284765747F
:105F000020496E74657266616365205479706529F5
:105F10000D0A00202D202373657269616C202020FA
:105F2000205B20202538732020205D2053657420BD
:105F300053657269616C204E756D6265720D0A0061
:105F4000202D20236964656E2020202020205B25E1
:105F500037732020202020205D2053657420446565
:105F600076696365204944206E756D6265720D0A1D
:105F700000202D2023646573637269707420205B98
:105F800020202538732020205D205365742044652F
:105F900076696365277320646573637269707469D9
:105FA0006F6E0D0A00202D202323736574616363D7
:105FB0007A65726F202020202020202020202020A1
:105FC0002020285365742074696C74206F66667392
:105FD00065747320617420746865207A65726F201F
:105FE000706F736974696F6E290D0A00202D20236C
:105FF00023666163746F7279202020202020202086
:106000002020202020202020202853657420616C2F
:106010006C2073657474696E677320746F20746884
:106020006520466163746F72792076616C75657363
:10603000290D0A0020444F204E4F54204348414E22
:1060400047452054484553452053455454494E47ED
:1060500053210D0A0D0A00202D202323667265713D
:106060006820202020205B25376420487A202020CB
:106070005D204869676820776F726B696E6720667C
:1060800072657175656E63792C20487A0D0A00205F
:106090002D202323667265716C20202020205B2533
:1060A000376420487A2020205D204C6F7720776F5E
:1060B000726B696E67206672657175656E63792CA7
:1060C00020487A0D0A00202D202323766672657100
:1060D00068202020205B25376420487A2020205D1E
:1060E000204869676820776F726B696E67206672F7
:1060F000657175656E637920666F72204755492C0E
:1061000020487A0D0A00202D2023237666726571BF
:106110006C202020205B25376420487A2020205DD9
:10612000204C6F7720776F726B696E67206672659F
:106130007175656E637920666F72204755492C2012
:10614000487A0D0A00202D2023236D617872616E3C
:10615000676568205B253764206D6D2020205D20F9
:106160004D61782072616E6765206F6E2068696787
:1061700068206672657175656E63792C206D6D0D92
:106180000A00202D2023236D617872616E67656C93
:10619000205B253764206D6D2020205D204D6178C7
:1061A0002072616E6765206F6E206C6F772066725B
:1061B000657175656E63792C206D6D0D0A00202D5B
:1061C0002023236D61786C656E677468685B253782
:1061D0006420756B7320205D204D61782074786C8D
:1061E000656E677468206F6E2068696768206672E4
:1061F000657175656E63792C2075730D0A00202D0D
:106200002023236D61786C656E6774686C5B25373D
:106210006420756B7320205D204D61782074786C4C
:10622000656E677468206F6E206C6F77206672658C
:106230007175656E63792C2075730D0A00202D2011
:1062400023237A65726F6761696E68205B253773F7
:106250002064422020205D204869676820667265BE
:106260007175656E6379207A65726F206761696EFA
:106270002C2064420D0A00202D2023237A65726FA2
:106280006761696E6C205B25377320644220202093
:106290005D204C6F77206672657175656E6379203D
:1062A0007A65726F206761696E2C2064420D0A0066
:1062B000202D2023236D696E6761696E2020205B8D
:1062C0002537642020202020205D204D696E756DCB
:1062D000756D206761696E202030286D696E2920F8
:1062E0007E2034303935286D6178290D0A00202D43
:1062F0002023236264656E61626C6520205B253714
:10630000642020202020205D20426F74746F6D2057
:10631000646574656374696F6E20616C676F726920
:1063200074686D2C20302C31202D206469736162DB
:106330006C652C656E61626C650D0A00202D202352
:10634000236264616E616C682020205B25376420C5
:1063500020202020205D204E756D626572206F66C2
:10636000204144432073616D706C657320746F200D
:10637000616E616C7973652C20686967682066724C
:10638000657175656E63790D0A00202D20232362E7
:1063900064616E616C6C2020205B253764202020B6
:1063A0002020205D204E756D626572206F66204151
:1063B00044432073616D706C657320746F20616E4F
:1063C000616C7973652C206C6F77206672657175CE
:1063D000656E63790D0A00202D2023236264747298
:1063E000686F6C6468205B253764202020202020A3
:1063F0005D205472696767657220486F6C64207411
:10640000696D6520696E204D4355206379636C6525
:10641000732C2068696768206672657175656E63A4
:10642000790D0A00202D20232362647472686F6C3A
:10643000646C205B2537642020202020205D2054C0
:1064400072696767657220486F6C642074696D6556
:1064500020696E204D4355206379636C65732C2051
:106460006C6F77206672657175656E63790D0A00D1
:10647000202D20232362646D6178636E7468205B35
:106480002537642020202020205D204D6178204188
:1064900044432073616D706C657320636F756E7417
:1064A00020616674657220747269676765722C205A
:1064B00068696768206672657175656E63790D0A33
:1064C00000202D20232362646D6178636E746C203C
:1064D0005B2537642020202020205D204D6178201E
:1064E0004144432073616D706C657320636F756EFA
:1064F0007420616674657220747269676765722CB6
:10650000206C6F77206672657175656E63790D0A10
:1065100000202D2023236264616D70636F6D7068AD
:106520005B2537642020202020205D20416D706C89
:106530006964756465206F7665722070726576692E
:106540006F7573207472696767657220746F20635A
:10655000686F6F736520696E2070657263656E7415
:106560002028322C342C352C31302C32302C353044
:10657000292C2068696768206672657175656E638D
:10658000790D0A00202D2023236264616D70636FF2
:106590006D706C5B2537642020202020205D204119
:1065A0006D706C6964756465206F766572207072B9
:1065B0006576696F75732074726967676572207498
:1065C0006F2063686F6F736520696E2070657263FA
:1065D000656E742028322C342C352C31302C32301E
:1065E0002C3530292C206C6F7720667265717565AB
:1065F0006E63790D0A00202D202323696E746F6667
:1066000066736574685B2537642020202020205D38
:1066100020496E7465726E616C2064697374616E7A
:106620006365206F666673657420666F72206869A3
:106630006768206672657175656E637920282D2FF5
:106640002B203332373637290D0A00202D20232303
:10665000696E746F66667365746C5B2537642020A1
:10666000202020205D20496E7465726E616C20646C
:10667000697374616E6365206F6666736574206606
:106680006F72206C6F77206672657175656E6379C5
:1066900020282D2F2B203332373637290D0A0020A2
:1066A0002D20232374696C742020202020205B255A
:1066B00037642020202020205D2054696C742053F2
:1066C000656E736F7220747970652C20302C2031C8
:1066D0002C203220202D204C4953333434414C4857
:1066E0002C204C4953333434414C28C2B1332E351D
:1066F00067292C204144584C3332370D0A00202D95
:1067000020232374696C7473656E7320205B2537B6
:10671000732020202020205D2054696C7420536554
:106720006E736F722073656E7369746976697479BC
:106730002C202858202A2056646429200D0A002085
:106740002D202323616363786F66662020205B25FC
:1067500037642020202020205D20416363656C6524
:10676000726F6D657465722058206F66667365740C
:106770000D0A00202D202323616363796F66662054
:1067800020205B2537642020202020205D204163CD
:1067900063656C65726F6D657465722059206F66F4
:1067A000667365740D0A00202D2023236163637ACC
:1067B0006F66662020205B25376420202020202063
:1067C0005D20416363656C65726F6D6574657220F1
:1067D0005A206F66667365740D0A00202D2023759C
:1067E000617274626974202020205B253764202048
:1067F000202020205D205541525420646174612086
:106800006C656E67746820377E396269740D0A00A2
:10681000202D202375617274706172202020205B0E
:106820002537642020202020205D2055415254200F
:106830007061726974792C20302C312C32202D201B
:106840004E6F6E652C4576656E2C4F64640D0A00A4
:10685000202D202375617274666C6F772020205B79
:106860002537642020202020205D205541525420CF
:106870005254532F43545320666C6F7720636F6ECE
:1068800074726F6C2C20302C31202D20204F464606
:106890002F4F4E0D0A00202D20237573626F7672E4
:1068A00064202020205B2537642020202020205DCC
:1068B000205553422D554152542073706565642014
:1068C0006F766572726964652C20302C31202D2022
:1068D00064697361626C652C656E61626C650D0A3A
:1068E00000202D20236864706175736520202020AE
:1068F0005B253764206D732020205D20525334388F
:1069000035206D696E696D756D20646174612069F3
:106910006E74657276616C2031307E3235356D7300
:106920000D0A00202D2023706F777361766520207B
:1069300020205B2537642020202020205D20506F00
:1069400077657220736176696E67206D6F64652C60
:1069500020302C31202D20204F46462C4F4E0D0A42
:1069600000202D202373687574646F776E202020BB
:106970005B2537732020202020205D20536875740C
:10698000646F776E206465766963652077697468E3
:1069900020656E74657265642049440D0A000D0A15
:1069A0000D0A20457874656E64656420496E666FD3
:1069B000200D0A002372616E67650023696E74659D
:1069C0007276616C00237468726573686F6C640022
:1069D000236F66667365740023646561647A6F6E05
:1069E00065002374786C656E67746800236F757436
:1069F00070757400236761696E00237476676D6F2C
:106A000064650023747667730023737065656400A2
:106A1000236261756472617465002373796E6365C6
:106A2000787465726E002373796E636578746D6F28
:106A30006465002373796E636578746D6F640023F9
:106A400073796E636F7574706F6C0023646576691B
:106A50006474787400236964656E00236563686FED
:106A60000023736F756E64002373616D706C6573C2
:106A70000023726573657400236E6D6561646274D2
:106A800000236E6D656164707400236E6D656164D2
:106A900070747A65726F00236E6D65616D74770036
:106AA000236E6D656178647200236E6D6561656D3E
:106AB00061002364656661756C7400236761696EAB
:106AC0006C6F7700236761696E6869676800236788
:106AD00061696E6C00236761696E68002374766774
:106AE000737072636F656600237476677370726487
:106AF00000237476676162736C6F77002374766726
:106B00006162736869676800237476676162736C99
:106B1000002374766761627368002373657466721C
:106B200065716C6F7700237365746672657168694F
:106B300067680023736574666C0023736574666808
:106B400000237478706F7765720023236672657115
:106B50006C0023676574667265716C0023676574E9
:106B6000666C00232366726571680023676574662E
:106B70007265716800236765746668002373616DD0
:106B8000706C6672657100236D656469616E666C18
:106B90007400236D6F76617667666C7400236E6D8A
:106BA00065617261746500236F757472617465004C
:106BB00023706F7773617665002323616363786F59
:106BC0006666002323616363796F66660023236131
:106BD00063637A6F6666002369737000236973705C
:106BE000736F66740023616E6C676D6F646500235C
:106BF000616E6C67726174650023616E6C676D61B4
:106C000078002375617274666C6F7700236D6E690E
:106C10006661636500236D6E70726F746F00236D23
:106C20006E696400236D6E73796E6300236E6D650B
:106C3000616470746F666600237561727462697452
:106C400000237561727470617200236465736372EE
:106C50006970740023237A65726F6761696E6C00D6
:106C600023237A65726F6761696E680023236D6103
:106C70007872616E67656C0023236D617872616E56
:106C8000676568002323666163746F72790023234C
:106C90007365746163637A65726F00236E6D6561FD
:106CA00064707A65726F0023737776657273696FAB
:106CB0006E002374766761627300237573626F766A
:106CC0007264002373657269616C00236174746E71
:106CD000002370696E676F6E6365002374696D656C
:106CE00000236E6D65617A64610023676574667266
:106CF00065710023676574660023616C747072654A
:106D000063002368656C700023696E666F002367FB
:106D10006F0023696E666F6578002368656C706527
:106D200078002368656C7066756C6C0023696E660C
:106D30006F66756C6C003F3F0023696E7465726608
:106D4000616365002369666163650023686470613F
:106D500075736500236370756C6F616400237368DD
:106D60007574646F776E2000236372656469747351
:106D70000023236D61786C656E6774686C00232353
:106D80006D61786C656E67746868002323696E7442
:106D90006F66667365746C002323696E746F666634
:106DA00073657468002372616E67656C002372619D
:106DB0006E67656800237468726573686F6C646CD5
:106DC00000237468726573686F6C646800236F6673
:106DD000667365746C00236F666673657468002360
:106DE000646561647A6F6E656C0023646561647AC2
:106DF0006F6E6568002374786C656E6774686C00EC
:106E00002374786C656E67746868002374766773A2
:106E10007072636F65666C0023747667737072645A
:106E20006C0023747667737072636F656668002305
:106E3000747667737072646800236174746E6C009A
:106E4000236174746E6800232376667265716C002A
:106E500023237666726571680023236D696E67610E
:106E6000696E00232365726173656570726F6D00D2
:106E70002373746172740023736574667265716440
:106E800075616C0023736574666400232367657401
:106E900073696D756C002323666163746F72795F2B
:106EA000303332002323666163746F72795F30354B
:106EB00032002323666163746F72795F323400237A
:106EC00023666163746F72795F3731300023236604
:106ED0006163746F72795F3035325F33380023231A
:106EE000666163746F72795F3035325F33382D318C
:106EF0000023707265736574002370726F66696C2D
:106F00006500236175746F00232374696C7400231A
:106F1000736D6F6F746800232374696C7473656E8E
:106F200073002323666163746F72795F3033324379
:106F300000434F4E4E45435400434F4E4E4543543D
:106F4000200023236264656E61626C650023236206
:106F500064616E616C680023236264616E616C6CB5
:106F600000232362647472686F6C64680023236278
:106F7000647472686F6C646C00232362646D617862
:106F8000636E746800232362646D6178636E746C51
:106F90000023236264616D70636F6D70680023234A
:106FA0006264616D70636F6D706C002377647465EB
:106FB0007374002843212900285721290028534FA2
:106FC0002129000D0A20556C747261736F6E69631C
:106FD00020507265636973696F6E204475616C2D12
:106FE0004672657175656E6379204563686F736F6E
:106FF000756E6465722F416C74696D65746572207D
:107000004432342F25730D0A002028632920456F50
:10701000664520556C747261736F6E6963732043AB
:107020006F2E2C204C74642E2C20323031362D32B1
:107030003032350D0A000D0A20532F572056657245
:107040003A202573206275696C64202564202573BD
:10705000202573202573257325730031333A333986
:107060003A3137004A756C203137203230323500E2
:1070700031342E322E312032303234313131390038
:107080000D0A206763633A2025732F4F25690D0A87
:107090000D0A000D0A204D756C74696E6F646520D1
:1070A0006D6F6465202F204E6F64652049643A201F
:1070B00025690D0A000D0A4D41494E2053544143A4
:1070C0004B204F564552464C4F572121210D0A0067
:1070D0000D0A4543484F44415441204F56455246BE
:1070E0004C4F572121210D0A000D00456E74657229
:1070F0002054657374206D6F64650D0A004144432C
:107100002062756666657220697320746F6F2073E4
:107110006D616C6C20666F722063757272656E743F
:107120002073616D706C696E67206672657175653C
:107130006E63790D0A000D0A5741544348444F4786
:107140002052455345542121210D0A004D61696E9D
:10715000206379636C6500434C49207461736B0054
:10716000234620256C6420487A0053445A44412C1D
:107170002530326425303264253032642E25303299
:10718000642C253032642C253032642C2530346454
:107190002C253032642C25303264002425732A25B6
:1071A0003032580D0A0053444442542C2C662C2C87
:1071B0004D2C2C460053444442542C25732C662CF1
:1071C00025732C4D2C25732C460053444450542CCD
:1071D0002C25732C0053444450542C25732C2573B8
:1071E0002C0053444D54572C25732C4300534458C2
:1071F00044522C412C25732C442C505443482C4190
:107200002C25732C442C524F4C4C00534458445260
:107210002C412C25732C502C454D4100556E6B6E26
:107220006F776E0023446576696365494420257352
:107230002044323420547970652025730D0A0023D0
:1072400054696D65576F726B20256C642E25303242
:107250006C640D0A002350696E6720256C640D0A6A
:107260000023416C746974756465202537730D0AB9
:10727000002354656D7065726174757265202535E3
:10728000730D0A00234E53616D706C657320257574
:107290000D0A00235265736F6C7574696F6E2C6DE7
:1072A0006D202536730D0A002353616D706C696E75
:1072B000675F4672657175656E63792C487A202523
:1072C000366C750D0A0023536F756E6453706565D7
:1072D000642C6D7073202537730D0A00232D2D2D1E
:1072E0002D2D2D2D2D2D2D2D2D2D2D2D50617261FE
:1072F0006D65746572732D2D2D2D2D2D2D2D2D2D3C
:107300002D2D2D2D2D0D0A002354785F46726571A9
:1073100075656E63792C487A20256C640D0A00230C
:1073200052616E67652C6D202535730D0A00234967
:107330006E74657276616C2C736563202536730DEF
:107340000A00235468726573686F6C642C252520CD
:1073500025750D0A00234F66667365742C6D202514
:1073600036730D0A0023446561647A6F6E652C6D77
:10737000202536730D0A002350756C73654C656EBD
:107380006774682C756B732025640D0A002354788C
:10739000506F7765722C6442202536730D0A0023E6
:1073A0005456475F4761696E20202536730D0A00E9
:1073B000235456475F536C6F7065202536730D0A52
:1073C00000235456475F4D6F64652025640D0A0005
:1073D000234F75747075744D6F64652025640D0AB4
:1073E000002350697463682C646567202536730D2B
:1073F0000A0023526F6C6C2C64656720202536735D
:107400000D0A000D0A232344617461537461727480
:107410000D0A00232344617461456E640D0A0D0A50
:10742000004543484F4C4F47470044420044410009
:10743000234620256C6420487A0D0A0025732535E3
:107440007346740D0A00444225303873206D0D0ACE
:1074500000444125303873206D0D0A00312025731A
:107460002030203020302025732025642025640D15
:107470000A00234163632C20583A202535642025D7
:107480003464202536642C2000593A2025356420A8
:10749000253464202536642C20005A3A2025356492
:1074A0002025346420253664200073656E733A20ED
:1074B00025730D0A0070697463683A202573207281
:1074C0006F6C6C3A2025730D0A00256420004C3A3D
:1074D00020256C7520757320483A20256C75207521
:1074E000732064656C286C2D68293A20256C642013
:1074F00075730D0A004C3A20256C75206E73204878
:107500003A20256C75206E730D0A004475616C205D
:107510003A202530346425303264253032642C2002
:107520002530326425303264253032642E253032E5
:10753000642C2025732C2025730D0A00312025731F
:107540002025732025732025732025640D0A00252E
:10755000733A20535441434B204F564552464C4FAB
:10756000572121210D0A0049444C4500546D7251A8
:1075700000546D7220537663006E6600696E697404
:107580007900616E00504F5349580042616C6C6F36
:107590006320737563636565646564002F6461745B
:1075A000612F6A656E6B696E732F776F726B737084
:1075B0006163652F474E552D746F6F6C6368616909
:1075C0006E2F61726D2D31342D352F7372632F6ED6
:1075D00065776C69622D63796777696E2F6E657761
:1075E0006C69622F6C6962632F7374646C69622FBB
:1075F0006764746F612D6765746865782E630052E7
:1076000045454E54206D616C6C6F632073756363E8
:107610006565646564002F646174612F6A656E6BD3
:10762000696E732F776F726B73706163652F474E4E
:10763000552D746F6F6C636861696E2F61726D2D6B
:1076400031342D352F7372632F6E65776C69622D1F
:1076500063796777696E2F6E65776C69622F6C69E5
:1076600062632F7374646C69622F6D707265632E30
:107670006300232D302B2000686C4C006566674545
:10768000464700303132333435363738394142439A
:10769000444546003031323334353637383961624B
:1076A00063646566002C2066756E6374696F6E3A5C
:1076B0002000617373657274696F6E2022257322D6
:1076C000206661696C65643A2066696C65202225D4
:1076D00073222C206C696E65202564257325730A3E
:1076E00000FFFFFF00000000ED1900000100000096
:1076F000C1190000020000009519000003000000FD
:1077000069190000040000003D1900000500000098
:107710001119000006000000111900000C00000003
:107720009518000011000000D5180000FF000000AF
:1077300099180000B469010015340000BB6901000C
:1077400049450000C5690100193E0000D0690100EB
:10775000752D0000D8690100A52C0000E269010028
:10776000513E0000EC690100452E0000F469010063
:10777000CD3A0000FA690100993E0000036A010059
:10778000111E0000096A010001360000106A0100A4
:10779000013600001A6A0100B33E0000266A0100AB
:1077A000CB3E0000336A0100CB3E00003F6A01007F
:1077B000E33E00004B6A0100013A0000556A0100F7
:1077C000013A00005B6A0100ED2B0000616A0100D4
:1077D000013B0000686A0100FB3E0000716A010085
:1077E00001200000786A01006D2B0000816A010011
:1077F000ED2A00008A6A01006D2A0000976A0100E4
:10780000ED290000A06A01006D290000A96A0100AD
:10781000ED280000B26A0100C52F0000BB6A01001C
:10782000213B0000C46A0100413B0000CE6A010018
:10783000213B0000D56A0100413B0000DC6A0100E9
:10784000613B0000E86A0100613B0000F16A010051
:10785000953B0000FC6A0100AD3B0000086B010095
:10786000953B0000116B0100AD3B00001A6B01005D
:10787000A1330000266B010029330000336B0100A7
:10788000A13300003A6B010029330000416B010075
:10789000C53B00004A6B01001D3F0000526B010018
:1078A0001D3F00005C6B01001D3F0000636B010089
:1078B000413F00006B6B0100413F0000756B010010
:1078C000413F00007C6B010051350000876B0100D7
:1078D00019280000926B0100452700009D6B0100F4
:1078E0005D440000A76B01005D440000B06B010027
:1078F000653F0000B96B0100813F0000C36B0100D0
:10790000A53F0000CD6B0100C93F0000D76B01000F
:10791000D5370000DC6B01000D1E0000E56B010097
:10792000ED3F0000EF6B0100E13B0000F96B01004F
:1079300005400000026C01001F4000000C6C0100BB
:10794000D53D0000156C0100374000001E6C0100A1
:107950004F400000246C0100694000002C6C0100C5
:10796000013C0000386C010083400000416C0100C4
:107970009F4000004A6C0100073A0000546C01006F
:10798000213C0000606C0100413C00006C6C010077
:107990008D260000786C0100D1250000846C010068
:1079A000513100008E6C0100493800009B6C0100D1
:1079B00051250000A76C0100A1370000B26C010046
:1079C000613C0000BA6C0100B9400000C36C0100CA
:1079D0000D3A0000CB6C0100D5400000D16C0100D5
:1079E00011410000DB6C010015200000E16C01007A
:1079F000D1240000EA6C010055370000F36C01004F
:107A000055370000F96C01002B410000026D0100A8
:107A100005540000086D010005540000376D010099
:107A2000055400000E6D0100E91F0000126D0100F9
:107A3000955900001A6D010095590000226D010052
:107A4000695900002C6D010069590000366D010074
:107A500069590000396D0100811F0000446D01006B
:107A6000811F00004B6D010047410000546D010073
:107A7000C11E00005D6D01001D350000686D010034
:107A8000151E0000716D0100654100007E6D010052
:107A9000854100008B6D0100A5410000986D01003B
:107AA000CD410000A56D010069320000AD6D0100FF
:107AB000A5310000B56D0100F5410000C16D010068
:107AC00013420000CD6D010039240000D66D010085
:107AD000A1230000DF6D010001230000EA6D010019
:107AE00061220000F56D010031420000006E0100CE
:107AF000594200000B6E01008D3C0000186E010021
:107B00008D3C0000226E0100A93C00002F6E010098
:107B1000A93C0000396E010081420000406E010066
:107B2000A5420000476E0100C9420000506E0100EE
:107B3000ED420000596E010011430000636E010028
:107B400001350000706E010031430000776E0100C6
:107B5000C5380000846E0100C53800008B6E01003E
:107B60004B430000966E010035310000A46E010009
:107B700019310000B26E0100FD300000BF6E01003F
:107B8000E1300000CD6E0100C5300000DE6E010066
:107B9000A9300000F16E0100E12F0000F96E010034
:107BA000E12F0000026F0100052F0000086F0100A7
:107BB000B52100000F6F0100F9360000176F0100BA
:107BC000C53C0000226F0100292E0000316F01002A
:107BD000FD1F0000396F0100FD1F0000426F010012
:107BE000674300004D6F010081430000576F0100A3
:107BF0009F430000616F0100BD4300006D6F0100F5
:107C0000E1430000796F010005440000856F010029
:107C100023440000916F0100212100009E6F0100AC
:107C20008D200000AB6F01008D3600005660010012
:107C30000000000002000000040000000500000039
:107C40000A000000140000001900000032000000CB
:107C5000000102030405060708090A0B0C000102D3
:107C6000030405060708090A0B0C0D0E0F1011126C
:107C700013141500A086010050C30000A861000085
:107C8000D43000006A180000350C0000000000002D
:107C90000000003FCDCC4C3D0AD7A33B6F12033A06
:107CA00017B75138ACC5A736BD37063595BF563323
:107CB00077CCAB315F700930FFE65B2E030000002C
:107CC000010000000500000006000000090000009F
:107CD000610000006200000063000000020000007C
:107CE00004000000050000000A000000140000006D
:107CF0001900000032000000E803000090000000BE
:107D0000CDCCCC3DCDCCCC3DDC050000D00000007E
:107D1000CDCCCC3DCDCCCC3DD00700001001000037
:107D2000CDCCCC3DCDCCCC3DB80B000090010000BB
:107D3000CDCCCC3DCDCCCC3D88130000B0020000B2
:107D4000CDCCCC3DCDCCCC3D102700005005000063
:107D5000CDCC4C3E8FC2F53D983A00004008000063
:107D6000CDCC4C3E295C0F3E204E0000A00A000006
:107D7000CDCC4C3E9A99193E307500008010000021
:107D8000CDCC4C3EEC51383E409C000040150000EC
:107D9000CDCC4C3E3D0A573E50C30000901A000027
:107DA0009A99993E0000803E60EA0000FC200000A5
:107DB0000000003F295C8F3E70110100E0240000AC
:107DC0000000003F9A99993E80380100802A000007
:107DD0000000003F7B14AE3E905F0100E02E0000EB
:107DE0000000003FA470BD3EA086010020350000C9
:107DF0000000003FCDCCCC3EC0D4010000420000CA
:107E00000000003FCDCCCC3EF0490200204E0000E7
:107E10000000003FCDCCCC3E400D0300406A000086
:107E20000000003FCDCCCC3E605B0300207700001B
:107E30000000003FCDCCCC3E80A9030000840000B0
:107E40000000003FCDCCCC3E6009000038000000AF
:107E500000060000C012000038000000000300000F
:107E6000802500003800000080010000004B000069
:107E700038000000C000000000960000380000003C
:107E80006000000000E10000380000004000000039
:107E900000C2010038000000200000000084030040
:107EA0003800000010000000000807003800000043
:107EB0000800000000100E00380000000400000060
:107EC000C0C62D0080000000010000001F1C1F1E06
:107ED0001F1E1F1F1E1F1E1F1F1D1F1E1F1E1F1FB9
:107EE0001E1F1E1F0700000000FFFFFF6042A20DC3
:107EF0000000803F00000080DB0F4940DB0F49C0DD
:107F0000DB0F49BFE4CB1640E4CB16C06937AC3178
:107F100068212233B40F14336821A2333863ED3E55
:107F2000DA0F493F5E987B3FDA0FC93F340000000B
:107F3000CEFBFFFFCB0300000100000000000000AB
:107F400035000000CEFBFFFFCB0300000100000066
:107F500000000000FFFFFFFFBC89D897B2D29C3C15
:107F600033A7A8D523F649393DA7F444FD0FA53220
:107F70009D978CCF08BA5B25436FAC6428066811C7
:107F800000202020202020202020282828282820E9
:107F900020202020202020202020202020202020E1
:107FA0002088101010101010101010101010101049
:107FB0001004040404040404040404101010101039
:107FC0001010414141414141010101010101010103
:107FD0000101010101010101010101011010101055
:107FE00010104242424242420202020202020202D5
:107FF0000202020202020202020202021010101029
:108000002000000000000000000000000000000050
:108010000000000000000000000000000000000060
:108020000000000000000000000000000000000050
:108030000000000000000000000000000000000040
:108040000000000000000000000000000000000030
:108050000000000000000000000000000000000020
:108060000000000000000000000000000000000010
:108070000000000000000000000000000000000000
:1080800000FFFFFF05000000190000007D00000058
:108090000080E03779C34143176E05B5B5B8934604
:1080A000F5F93FE9034F384D321D30F94877825AD0
:1080B0003CBF737FDD4F1575000000000000F03FEE
:1080C00000000000000024400000000000005940B3
:1080D0000000000000408F40000000000088C34006
:1080E00000000000006AF8400000000080842E417B
:1080F00000000000D01263410000000084D79741C7
:108100000000000065CDCD41000000205FA00242CC
:10811000000000E876483742000000A2941A6D4241
:10812000000040E59C30A2420000901EC4BCD64234
:1081300000003426F56B0C430080E03779C34143DF
:1081400000A0D8855734764300C84E676DC1AB4355
:10815000003D9160E458E143408CB5781DAF154473
:1081600050EFE2D6E41A4B4492D54D06CFF080444E
:10817000F64AE1C7022DB544B49DD9794378EA4463
:0481800000000000FB
:08818400108FFE7F01000000D6
:10818C003477010040000000640000000090010002
:10819C0000B0010000D001000090010000100200AE
:1081AC000050020000F0010000B00100003002009D
:1081BC000070020015000000AAAAAAAA0000000084
:1081CC00030000005889000243000000000000007A
:1081DC000000000000000000000000000000000093
:1081EC000000000000000000430000000000000040
:1081FC000000000000000000000000000000000073
:10820C00000000000000000043000000000000001F
:10821C000000000000000000000000000000000052
:10822C0000000000000000004300000000000000FF
:10823C000000000000000000000000000000000032
:10824C0000000000000000004300000000000000DF
:10825C000000000000000000000000000000000012
:10826C0000000000000000004300000000000000BF
:10827C0000000000000000000000000000000000F2
:10828C00000000000000000043000000000000009F
:10829C0000000000000000000000000000000000D2
:1082AC000000000000000000FD2A01006D2101000B
:1082BC0000000000807F01001E4501005660010097
:1082CC0056600100566001005660010056600100C6
:1082DC0056600100566001005660010056600100B6
:1082EC00FFFFFFFFFFFFFFFFFFFFFFFFFFFF000090
:1082FC000100415343494900000000000000000008
:10830C000000000000000000000000000000000061
:10831C0000004153434949000000000000000000E8
:10832C000000000000000000000000000000000041
:10833C0000000000608C0002000000005889000260
:10834C00C0890002288A0002000000000000000022
:10835C000000000000000000000000000000000011
:10836C000000000000000000000000000000000001
:10837C0000000000000000000000000000000000F1
:0C838C000000000071100000491000000B
:0400000300001111D7
:00000001FF
