Timestamp;class_name;Frequency;NMEA_Depth_m;PulseLength_us;Sampling_Freq_Hz;S_0;S_1;S_2;S_3;S_4;S_5;S_6;S_7;S_8;S_9;S_10;S_11;S_12;S_13;S_14;S_15;S_16;S_17;S_18;S_19;S_20;S_21;S_22;S_23;S_24;S_25;S_26;S_27;S_28;S_29;S_30;S_31;S_32;S_33;S_34;S_35;S_36;S_37;S_38;S_39;S_40;S_41;S_42;S_43;S_44;S_45;S_46;S_47;S_48;S_49;S_50;S_51;S_52;S_53;S_54;S_55;S_56;S_57;S_58;S_59;S_60;S_61;S_62;S_63;S_64;S_65;S_66;S_67;S_68;S_69;S_70;S_71;S_72;S_73;S_74;S_75;S_76;S_77;S_78;S_79;S_80;S_81;S_82;S_83;S_84;S_85;S_86;S_87;S_88;S_89;S_90;S_91;S_92;S_93;S_94;S_95;S_96;S_97;S_98;S_99;S_100;S_101;S_102;S_103;S_104;S_105;S_106;S_107;S_108;S_109;S_110;S_111;S_112;S_113;S_114;S_115;S_116;S_117;S_118;S_119;S_120;S_121;S_122;S_123;S_124;S_125;S_126;S_127;S_128;S_129;S_130;S_131;S_132;S_133;S_134;S_135;S_136;S_137;S_138;S_139;S_140;S_141;S_142;S_143;S_144;S_145;S_146;S_147;S_148;S_149;S_150;S_151;S_152;S_153;S_154;S_155;S_156;S_157;S_158;S_159;S_160;S_161;S_162;S_163;S_164;S_165;S_166;S_167;S_168;S_169;S_170;S_171;S_172;S_173;S_174;S_175;S_176;S_177;S_178;S_179;S_180;S_181;S_182;S_183;S_184;S_185;S_186;S_187;S_188;S_189;S_190;S_191;S_192;S_193;S_194;S_195;S_196;S_197;S_198;S_199;S_200;S_201;S_202;S_203;S_204;S_205;S_206;S_207;S_208;S_209;S_210;S_211;S_212;S_213;S_214;S_215;S_216;S_217;S_218;S_219;S_220;S_221;S_222;S_223;S_224;S_225;S_226;S_227;S_228;S_229;S_230;S_231;S_232;S_233;S_234;S_235;S_236;S_237;S_238;S_239;S_240;S_241;S_242;S_243;S_244;S_245;S_246;S_247;S_248;S_249;S_250;S_251;S_252;S_253;S_254;S_255;S_256;S_257;S_258;S_259;S_260;S_261;S_262;S_263;S_264;S_265;S_266;S_267;S_268;S_269;S_270;S_271;S_272;S_273;S_274;S_275;S_276;S_277;S_278;S_279;S_280;S_281;S_282;S_283;S_284;S_285;S_286;S_287;S_288;S_289;S_290;S_291;S_292;S_293;S_294;S_295;S_296;S_297;S_298;S_299;S_300;S_301;S_302;S_303;S_304;S_305;S_306;S_307;S_308;S_309;S_310;S_311;S_312;S_313;S_314;S_315;S_316;S_317;S_318;S_319;S_320;S_321;S_322;S_323;S_324;S_325;S_326;S_327;S_328;S_329;S_330;S_331;S_332;S_333;S_334;S_335;S_336;S_337;S_338;S_339;S_340;S_341;S_342;S_343;S_344;S_345;S_346;S_347;S_348;S_349;S_350;S_351;S_352;S_353;S_354;S_355;S_356;S_357;S_358;S_359;S_360;S_361;S_362;S_363;S_364;S_365;S_366;S_367;S_368;S_369;S_370;S_371;S_372;S_373;S_374;S_375;S_376;S_377;S_378;S_379;S_380;S_381;S_382;S_383;S_384;S_385;S_386;S_387;S_388;S_389;S_390;S_391;S_392;S_393;S_394;S_395;S_396;S_397;S_398;S_399
2025-12-15T15:50:51.657437;Stones;low;0.0000;200;100000;135;197;223;252;258;248;241;238;216;205;187;168;153;124;115;96;88;77;72;76;71;121;224;347;587;856;1176;1562;2116;2743;3345;3980;4051;4059;4063;4064;4064;4057;4061;4053;4068;4056;4074;4062;4079;4062;4074;4058;4068;4058;4069;4058;4066;4059;4065;4060;4064;4061;4062;4061;4055;4062;3965;3924;3767;3615;3286;2930;2486;2108;1690;1375;1058;833;649;493;423;307;302;219;223;173;159;153;129;132;123;146;149;195;189;235;221;269;251;295;273;324;310;373;352;392;355;373;339;345;310;301;271;262;241;233;227;216;216;194;196;172;180;154;164;134;147;119;138;108;124;95;112;83;92;66;72;51;50;46;46;36;48;32;45;30;44;29;47;32;48;37;48;39;49;45;52;55;66;75;79;95;92;109;99;112;95;100;79;78;56;55;38;43;31;34;25;24;17;28;26;40;34;46;39;47;37;40;28;28;19;24;18;24;20;25;22;22;19;17;11;14;10;18;18;30;32;41;41;42;42;36;39;29;32;36;46;59;71;89;102;126;138;156;155;158;149;144;136;117;101;83;71;50;36;31;32;45;55;67;79;93;107;120;135;139;146;134;123;98;78;55;39;37;32;37;40;42;43;41;41;35;36;42;52;71;88;112;124;140;145;147;140;133;128;129;139;142;152;157;163;170;180;196;209;218;214;214;204;197;181;171;161;156;163;161;164;159;160;164;175;192;205;217;216;213;201;192;179;169;156;144;134;115;105;92;87;78;70;55;43;31;31;31;38;45;57;65;71;70;73;70;70;62;55;42;30;32;45;58;72;82;90;95;107;120;139;154;165;175;183;190;185;175;155;136;114;96;78;68;62;57;60;66;78;89;104;122;144;162;166;165;154;146;139;137;138;139;143;145;151;156;169;184;206;221;234;242;239;232;215;194;168;147;121;96;69;43;29;26;28;40;59;84
2025-12-15T15:51:01.205688;Stones;high;0.4472;50;100000;496;397;609;994;1017;1239;2560;3770;4062;4061;4051;3664;3151;2918;2375;2147;2380;2473;2724;2417;1719;1447;1094;799;751;616;619;630;533;556;418;419;334;393;300;317;257;266;240;229;243;258;220;167;113;102;102;112;110;82;64;64;58;128;206;217;174;161;240;430;602;756;804;737;662;589;565;531;384;363;429;465;485;478;411;360;361;342;331;314;281;235;216;205;180;153;132;122;122;129;126;132;138;148;152;147;129;106;92;83;88;76;68;55;35;33;55;47;41;62;62;45;48;64;58;42;44;57;61;42;38;47;50;38;38;39;39;49;49;35;41;44;37;46;61;74;66;45;41;44;38;25;17;20;23;20;19;23;25;30;34;34;33;72;130;170;157;122;101;85;81;102;122;123;101;93;104;120;124;107;94;96;109;118;118;110;108;118;122;107;88;92;106;118;126;128;124;116;104;87;73;60;48;38;30;25;19;14;11;6;0;0;0;5;9;12;15;14;9;13;40;79;108;123;130;131;126;128;126;117;112;110;107;102;104;101;89;83;89;89;74;71;79;81;72;57;52;54;57;58;55;49;37;27;25;31;35;40;38;37;40;46;50;45;36;24;25;54;75;65;52;51;49;41;33;53;69;50;42;54;59;42;40;47;38;31;37;38;30;45;44;31;35;36;24;31;41;29;35;46;31;25;28;23;19;18;21;23;24;24;24;23;20;18;15;11;4;3;4;8;9;1;0;2;2;2;29;60;83;95;85;60;59;68;70;60;61;73;82;79;70;73;85;87;80;83;84;85;85;75;76;91;107;117;107;85;59;34;21;15;8;1;1;3;8;11;12;11;10;7;5;6;5;38;85;129;157;172;182;196;202;207;211;212;217;222;222;222;215;210;217;220;217;210;207;212;208;208;217;222;218;207;195;188;181;180;188;195;194;175
2025-12-15T15:51:10.691021;Stones;low;0.7150;200;100000;138;203;227;255;262;253;244;241;220;209;192;172;156;131;117;97;89;77;72;76;74;118;221;345;588;861;1181;1568;2127;2756;3359;3990;4056;4061;4062;4053;4053;4053;4062;4055;4069;4061;4078;4057;4082;4060;4067;4053;4066;4062;4072;4054;4060;4054;4071;4064;4057;4057;4061;4056;4044;4055;3916;3892;3771;3613;3277;2935;2504;2145;1725;1411;1070;835;600;452;322;254;204;158;148;115;133;95;117;110;128;145;160;195;196;245;246;322;336;433;445;513;492;507;468;463;429;425;410;411;408;401;401;381;387;359;368;335;355;313;333;290;302;267;284;261;277;261;274;264;270;262;259;249;242;233;221;218;199;198;172;173;141;139;101;100;67;59;46;44;42;49;49;64;61;81;75;98;86;96;84;83;78;66;74;61;72;57;65;56;54;53;49;65;58;79;76;84;80;80;80;73;69;52;43;36;33;42;45;56;62;74;80;87;86;85;85;79;76;60;51;41;34;27;22;24;23;27;29;30;38;38;53;55;69;73;85;93;104;110;112;115;109;103;83;69;50;43;36;36;35;43;45;49;50;57;59;67;65;73;71;77;74;72;67;60;60;53;51;41;43;41;47;47;53;55;61;72;82;95;103;114;113;116;111;112;106;101;91;82;70;58;47;45;43;50;56;65;75;83;88;93;95;97;102;104;107;100;95;83;75;58;42;36;33;40;49;67;85;102;113;121;129;134;143;147;147;140;133;128;130;133;139;136;137;136;143;144;144;140;138;134;132;128;124;123;121;120;120;128;125;121;105;94;79;64;47;33;29;30;39;53;60;59;55;54;50;48;42;40;39;43;45;52;61;61;60;55;55;52;53;54;58;60;62;58;59;61;68;69;68;64;56;41;27;30;46;60;87;116;150;177;205;227;249;268;287;307;318;323;315;306;292;280;263;248;236;225;214;195;178;162;146;129
2025-12-15T15:51:20.162052;Stones;high;0.4247;50;100000;436;349;578;1020;1060;1025;2125;3299;3687;3047;2343;1797;1654;1920;1954;2120;2478;2434;2532;2259;1557;1302;938;769;755;607;675;694;585;577;433;365;332;393;296;339;292;288;253;210;176;149;120;115;85;69;76;97;102;91;75;56;45;75;166;303;432;550;647;741;949;1286;1683;2173;2476;2616;2580;2397;2117;1766;1460;1116;807;653;564;452;297;212;139;106;106;95;80;81;75;72;49;62;82;65;79;88;62;44;57;82;74;60;61;55;34;31;32;29;21;14;6;0;0;3;8;12;16;17;12;10;11;7;21;43;46;33;34;38;29;24;43;41;37;44;30;31;36;29;24;44;54;53;68;53;45;41;33;33;34;30;30;56;56;41;50;54;59;62;59;50;37;22;18;20;22;24;29;44;56;64;65;62;52;46;46;43;61;77;64;62;72;65;73;78;61;64;68;68;75;80;69;76;83;81;81;81;79;80;75;73;76;77;85;96;96;92;82;67;53;39;27;19;13;7;1;0;0;0;0;1;2;3;4;6;8;17;47;81;105;128;142;151;165;170;163;162;161;155;149;151;156;152;140;134;124;122;132;136;128;116;106;98;105;120;125;110;88;66;46;31;23;22;23;24;22;21;19;14;8;2;0;0;0;5;31;53;69;80;93;89;59;55;75;88;86;66;56;57;65;66;54;52;54;56;52;39;47;58;48;40;42;43;41;43;48;46;37;26;20;16;12;10;8;10;1;0;0;2;2;1;0;0;0;0;0;0;1;39;58;51;45;42;40;43;38;33;40;42;37;43;43;40;44;51;42;43;51;50;50;48;46;52;57;51;53;54;48;36;30;27;20;14;9;6;2;0;0;0;0;0;0;0;0;0;0;0;9;45;91;122;135;132;119;114;129;138;133;137;138;135;138;143;148;152;150;151;156;156;149;148;151;152;147;141
2025-12-15T15:51:29.625191;Stones;low;0.7719;200;100000;134;195;220;248;254;246;238;234;213;203;185;167;153;128;114;95;87;76;71;75;69;115;218;341;583;857;1181;1573;2133;2759;3358;3988;4056;4056;4054;4057;4060;4058;4063;4055;4069;4055;4074;4061;4079;4063;4074;4058;4068;4057;4067;4058;4068;4059;4065;4059;4063;4063;4062;4062;4047;4061;3896;3867;3760;3557;3213;2868;2452;2120;1756;1496;1221;1042;843;734;599;526;442;368;313;250;221;162;155;120;109;118;89;107;94;84;109;96;164;181;249;273;314;336;359;371;369;366;340;331;293;287;238;230;172;161;129;121;118;122;121;132;115;126;95;104;73;83;53;68;47;55;48;45;49;40;49;36;48;37;47;42;46;55;54;72;64;86;73;96;80;90;72;83;69;84;76;92;85;102;98;114;115;123;120;119;118;113;113;101;108;88;92;73;67;48;43;32;32;26;35;33;52;53;72;74;85;83;82;73;61;54;36;32;27;19;38;41;57;57;62;62;67;64;55;56;44;47;37;35;43;44;60;59;69;67;69;66;60;66;66;77;76;80;78;80;82;80;82;76;77;61;54;35;24;17;12;11;18;18;24;26;36;42;51;61;77;95;113;139;155;174;175;173;162;151;135;122;105;90;74;56;39;32;29;39;46;64;76;90;94;102;106;109;106;102;98;89;81;68;58;46;38;22;14;16;16;19;18;23;28;42;53;68;72;73;61;58;60;70;72;74;74;80;84;97;105;116;123;134;138;145;149;156;158;156;145;136;126;119;112;106;100;100;103;108;113;114;117;121;128;132;135;131;129;122;117;106;100;99;98;94;85;75;66;64;73;87;105;121;133;139;142;139;126;112;97;86;73;64;53;51;52;57;66;78;87;93;96;100;102;109;114;121;128;129;130;123;113;100;88;77;72;65;58;54;55;60;67;73;73;76;77;83;89;102;111;121;123;129;132;135;129;115
2025-12-15T15:51:39.110584;Stones;high;0.4197;50;100000;545;428;628;1005;1020;1234;2538;3742;4061;4061;4016;3576;3065;2841;2288;2061;2310;2414;2675;2384;1688;1412;1061;775;733;601;623;643;539;557;417;413;334;389;299;310;256;271;242;237;267;304;295;264;215;162;142;131;128;112;87;70;71;64;159;348;533;628;646;765;1134;1564;1938;2108;2158;1933;1556;1093;787;615;494;414;349;375;477;621;699;688;586;491;450;428;392;327;245;169;115;84;76;74;78;74;69;65;68;65;87;83;83;72;82;110;104;78;74;77;83;75;84;96;89;71;87;112;99;67;70;83;80;53;59;70;59;52;65;57;48;54;47;34;36;39;30;21;28;40;52;56;56;60;59;52;37;23;20;25;31;36;45;53;95;149;165;138;110;116;122;122;117;112;104;102;107;120;136;132;114;110;122;136;146;146;126;116;118;116;116;123;138;152;155;151;133;104;71;46;31;21;18;16;17;18;13;10;8;4;4;4;1;1;3;2;3;28;62;99;135;158;176;188;192;188;178;168;166;170;173;179;168;159;155;145;133;120;112;120;128;123;113;101;88;82;73;58;44;33;29;23;16;14;16;22;27;32;37;44;48;46;39;30;23;46;72;84;89;86;74;60;65;68;52;60;82;85;57;52;72;68;53;60;55;46;51;62;57;45;68;84;69;71;86;78;50;51;53;50;52;55;55;47;30;25;33;44;54;54;51;42;31;22;13;8;7;5;2;0;0;1;5;50;83;89;88;77;62;72;72;59;66;88;92;70;77;90;91;92;85;70;90;106;95;84;91;98;96;92;94;94;83;61;40;26;18;14;9;5;2;1;3;4;4;2;0;1;3;3;5;8;33;71;124;170;195;205;218;225;240;259;262;252;235;234;248;257;264;270;272;269;264;261;260;248;239;242;253;267;277;279;285;282;274;258;240;243;256;265;271;255;216;163
2025-12-15T15:51:48.551859;Stones;low;0.0000;200;100000;136;199;225;254;259;249;241;239;217;208;188;170;154;129;114;96;89;77;72;76;70;117;216;337;580;854;1178;1571;2130;2753;3350;3984;4056;4057;4056;4058;4061;4058;4063;4055;4068;4055;4068;4051;4073;4062;4075;4060;4069;4061;4072;4060;4066;4056;4057;4057;4063;4063;4066;4054;4049;4063;3959;3917;3766;3629;3302;2946;2502;2123;1690;1368;1024;781;546;379;292;195;193;166;162;164;146;161;121;136;107;107;111;78;144;125;172;155;163;144;136;124;103;116;75;103;90;100;118;118;162;152;201;182;230;215;251;230;247;225;231;212;208;198;186;182;162;167;138;151;115;129;95;106;76;86;61;80;62;86;75;103;98;118;116;126;123;121;120;111;114;101;104;85;92;70;76;52;59;41;55;41;54;40;51;39;45;37;38;30;32;27;28;26;30;26;28;25;26;28;26;27;22;17;25;27;40;47;60;68;74;81;83;92;92;102;99;109;99;102;88;85;65;51;38;24;22;28;33;51;55;73;72;80;76;78;71;67;58;52;54;50;58;56;65;69;78;84;91;104;108;119;114;113;100;96;83;75;57;55;49;58;60;75;83;101;110;123;126;131;130;130;131;126;128;119;116;102;90;68;52;34;20;14;20;28;40;53;76;95;120;133;144;142;136;118;101;80;68;55;54;49;47;42;41;34;33;32;33;40;50;53;56;55;53;49;48;50;57;66;75;88;101;118;129;143;150;163;167;175;176;178;173;170;164;162;161;160;154;146;138;132;128;120;114;104;99;97;103;116;141;168;201;223;242;251;262;271;281;283;282;276;272;263;253;242;230;217;198;173;137;99;64;44;45;55;68;82;93;107;114;120;119;120;118;120;117;112;107;99;92;77;58;36;23;22;22;28;34;42;44;35;21;24;36;48;65;86;105;123;139;151;163;173;185;188;190;185;185;188;199;206;208;203
2025-12-15T15:51:58.044160;Stones;high;0.4151;50;100000;436;349;577;1017;1076;1015;2005;3161;3553;2925;2255;1758;1647;1880;1783;1901;2295;2309;2454;2190;1509;1275;915;766;764;623;696;709;603;596;455;435;356;385;285;325;263;235;206;196;204;210;180;150;125;92;67;57;49;41;35;36;52;102;238;516;856;1234;1495;1647;1862;2337;2978;3531;3839;3888;3533;3082;2528;1960;1455;1153;961;796;625;493;378;336;335;361;351;298;248;221;195;194;217;237;226;198;194;196;163;120;116;119;106;111;125;128;113;88;76;74;75;75;61;41;36;40;44;42;39;29;18;24;36;49;66;107;152;165;150;125;117;115;111;101;102;109;96;79;96;101;90;96;92;62;77;92;89;79;75;53;65;81;64;49;47;44;38;37;42;46;47;43;37;30;26;29;33;36;36;29;21;15;9;19;34;40;70;72;48;40;62;74;61;67;74;54;60;60;44;46;43;32;33;37;33;31;29;38;34;31;34;34;38;32;35;38;38;36;34;31;30;23;14;7;5;4;4;4;4;2;2;5;5;6;4;1;0;0;2;27;60;86;95;93;84;67;73;75;73;89;97;91;89;82;80;102;115;105;96;91;84;89;99;103;104;107;107;103;99;94;88;79;64;48;33;17;11;11;12;13;10;7;6;6;9;15;22;57;111;151;166;184;196;197;184;177;194;213;226;236;236;229;211;187;175;176;195;224;234;215;185;165;158;154;154;158;154;150;139;125;106;81;52;33;26;24;25;23;17;12;8;6;3;3;7;13;20;22;52;104;149;165;145;116;108;112;114;107;102;105;103;101;98;91;87;91;90;87;81;76;79;86;74;70;83;77;64;65;66;58;46;32;23;21;22;20;18;16;13;10;10;11;13;13;13;14;16;14;13;33;80;88;74;64;66;61;63;59;52;64;61;59;62;62;64;64;65;65;71;72;69;70;76;77;64;55
2025-12-15T15:52:07.551101;Stones;low;0.0000;200;100000;136;201;225;255;260;251;242;240;219;208;189;170;154;129;115;96;88;77;72;76;70;116;220;344;587;860;1182;1572;2129;2754;3350;3985;4056;4062;4060;4053;4053;4054;4062;4055;4068;4061;4077;4064;4078;4055;4067;4055;4069;4063;4072;4054;4060;4061;4068;4057;4055;4062;4064;4059;4033;4041;3877;3869;3790;3557;3170;2772;2304;1914;1510;1220;926;737;545;437;318;287;228;241;200;220;179;189;169;147;185;153;211;188;237;225;237;220;193;188;136;155;116;135;137;144;171;164;196;168;188;142;149;97;93;83;67;82;82;102;113;123;135;133;137;124;133;111;118;97;98;79;88;72;87;70;87;66;83;57;71;46;55;38;50;38;65;56;87;85;108;106;117;118;118;124;119;133;116;131;110;113;91;79;65;45;52;35;39;44;50;66;68;88;82;93;77;74;56;45;47;34;42;37;41;37;35;34;27;32;21;27;23;24;31;28;43;41;53;46;53;46;57;51;55;47;51;50;56;54;55;49;45;42;39;40;37;45;45;56;53;59;55;62;58;64;62;71;71;75;75;79;81;82;82;81;83;86;96;99;114;116;125;123;128;123;121;114;102;91;74;58;44;33;27;22;28;29;37;45;54;61;67;73;78;90;89;95;100;109;119;130;142;145;148;145;151;152;160;155;150;141;134;128;118;113;100;94;81;72;62;56;49;42;36;39;42;50;54;66;79;99;117;139;156;172;183;194;200;205;206;198;193;188;193;195;200;194;187;168;152;131;116;102;93;83;80;78;80;79;80;74;68;58;53;50;49;47;44;46;48;55;56;55;45;40;43;44;46;51;67;84;99;109;107;107;100;94;84;76;68;62;59;56;49;39;27;21;24;36;51;75;89;100;104;108;109;108;102;100;103;106;108;103;102;100;102;102;104;108;106;104;94;90;88;89;88;89;86;78;73;67;59;44
2025-12-15T15:52:17.060726;Stones;high;0.2526;50;100000;529;424;624;1003;1016;1244;2565;3773;4071;4065;3999;3544;3030;2806;2250;2035;2296;2403;2666;2387;1687;1411;1058;784;746;608;614;625;539;576;446;444;349;424;333;315;234;225;220;209;211;240;232;204;199;181;181;196;197;195;185;177;185;197;173;172;253;341;375;441;487;454;388;574;951;1364;1611;1823;1889;1874;1724;1564;1366;1213;1079;993;890;788;683;574;471;339;259;233;201;182;174;141;110;109;100;122;147;119;83;55;89;142;155;123;116;119;98;75;53;66;78;60;52;46;50;55;43;47;45;42;42;43;37;29;23;20;19;20;22;25;25;27;27;24;23;19;10;5;4;8;24;72;88;67;57;53;93;115;98;101;105;97;79;89;115;110;86;83;72;61;54;48;54;49;41;43;57;72;77;71;59;48;36;19;17;22;30;36;35;29;20;17;10;6;5;9;10;11;10;23;48;82;111;125;108;92;98;112;116;112;107;104;112;125;128;115;110;114;114;122;130;129;124;118;114;114;129;143;144;133;118;101;75;51;37;28;18;14;10;6;3;1;0;0;0;0;0;0;2;5;12;36;70;95;119;142;166;182;185;184;188;192;180;170;165;168;162;148;149;151;146;141;136;121;106;106;118;123;110;100;88;71;50;34;22;16;12;10;9;10;9;5;4;2;0;1;0;0;10;49;84;100;97;84;78;72;62;61;71;82;74;61;69;71;61;56;60;59;55;56;54;53;54;48;48;49;44;44;43;46;44;40;31;23;16;12;10;7;3;3;7;13;15;14;10;6;7;10;11;15;19;23;20;27;70;94;91;80;73;74;67;60;68;70;69;70;77;72;71;87;93;83;77;83;96;100;83;84;96;96;89;89;88;78;66;55;44;31;21;13;6;1;0;0;0;0;0;0;0;0;1;5;13;61;120;164;187;199;201;205;212;213;211;201
2025-12-15T15:52:26.560590;Stones;low;0.0000;200;100000;136;200;225;254;260;251;243;241;221;209;192;172;157;134;117;97;88;77;72;76;70;116;217;339;580;852;1176;1569;2129;2757;3358;3989;4057;4058;4056;4057;4060;4058;4063;4055;4068;4055;4074;4061;4078;4062;4074;4057;4069;4057;4066;4058;4065;4059;4065;4059;4063;4059;4058;4051;4050;4059;3980;3932;3762;3623;3302;2944;2497;2127;1709;1399;1082;851;654;494;418;292;285;199;198;150;157;128;141;130;148;142;165;169;183;181;172;161;140;141;133;158;136;192;165;197;182;192;182;183;178;189;201;218;242;252;280;280;305;291;311;281;296;264;286;254;276;246;269;242;254;219;217;185;184;161;170;156;166;158;162;152;142;135;117;117;94;98;75;86;69;85;68;80;68;70;64;55;59;43;50;32;32;30;24;29;22;32;25;39;33;49;39;48;36;39;26;30;19;33;29;47;47;62;64;70;71;66;69;52;48;31;31;20;23;15;15;12;13;10;13;11;13;10;10;9;8;11;6;14;9;14;9;17;12;13;8;13;16;30;36;49;51;65;62;69;59;52;33;20;22;34;49;75;92;117;124;136;133;130;119;110;99;92;85;72;67;52;48;42;36;43;46;59;64;73;80;95;112;128;143;147;153;146;141;128;118;103;99;88;85;82;88;92;106;117;139;155;180;199;221;234;247;254;258;252;241;225;205;186;163;142;118;99;78;68;59;50;49;44;46;39;35;37;34;32;27;28;35;38;43;43;48;48;49;45;45;47;51;55;55;54;49;46;37;32;30;34;39;51;61;71;78;90;96;105;114;129;139;140;139;131;130;118;106;89;78;67;60;56;58;65;65;66;64;62;56;52;43;42;36;32;30;33;40;51;59;73;77;81;85;85;95;109;129;142;159;158;165;168;176;178;185;187;190;188;188;188;189;189;188;190;189;183;166;146;124;106;89;78;68;60;50;43
2025-12-15T15:52:35.951812;Stones;high;0.4396;50;100000;436;349;579;1019;1073;1024;2069;3232;3615;2976;2285;1766;1646;1903;1885;2026;2400;2388;2515;2255;1561;1322;964;801;788;635;708;706;592;578;436;374;325;377;286;302;245;233;218;220;232;240;217;206;180;139;105;79;56;41;35;33;34;53;52;61;121;264;431;516;472;417;546;866;1132;1371;1486;1412;1217;1113;1037;987;937;913;820;689;579;489;392;297;238;185;166;167;206;244;194;130;146;201;211;168;136;146;170;167;164;157;148;141;124;108;97;87;76;67;55;44;25;28;36;41;46;43;36;28;23;20;14;29;52;59;64;66;58;51;76;92;75;64;86;98;78;52;58;81;94;69;74;91;102;97;78;104;133;126;90;60;37;28;30;28;21;17;19;24;40;58;81;94;99;92;81;70;61;53;42;33;33;55;90;104;102;113;147;176;178;162;149;146;144;159;175;174;167;164;163;161;150;155;165;160;158;161;171;173;165;167;175;178;180;176;175;175;170;162;159;161;164;159;149;136;110;83;65;55;45;30;16;10;13;12;10;6;1;0;0;0;3;1;0;9;36;74;116;150;143;120;106;101;103;106;108;105;102;96;84;75;82;92;95;80;65;67;78;78;76;71;60;54;56;58;57;50;44;38;35;30;24;19;18;17;18;17;18;19;18;13;10;6;5;7;40;68;71;53;62;56;47;52;46;44;36;41;42;34;38;38;32;38;45;34;37;48;51;37;44;51;45;41;41;51;51;43;39;26;16;16;20;19;12;6;6;7;4;1;0;3;7;12;12;10;8;6;1;1;8;22;79;136;163;159;130;110;109;122;135;134;119;120;132;146;155;153;148;148;149;150;151;147;152;157;153;153;152;137;111;86;71;56;42;31;26;23;19;11;5;3;5;9;11;10;7;21;73;140;194;240;283;307;325;329;326;325;314;311;317;307;293;275
2025-12-15T15:52:45.454065;Stones;low;0.6865;200;100000;137;195;225;253;261;251;244;241;220;209;195;170;156;131;116;97;89;77;73;75;70;118;225;349;593;867;1188;1575;2132;2747;3343;3981;4055;4063;4060;4053;4054;4058;4070;4053;4062;4055;4076;4058;4073;4059;4071;4062;4076;4059;4064;4049;4059;4056;4065;4061;4063;4063;4069;4055;4045;4054;3944;3931;3786;3674;3360;3023;2586;2211;1791;1481;1160;914;705;547;495;385;391;302;305;263;249;246;223;267;237;305;291;368;381;437;441;467;457;461;445;452;458;489;522;574;607;646;667;685;697;688;688;658;659;621;632;585;594;533;524;452;433;376;353;316;291;273;250;247;222;232;202;217;180;184;152;146;124;110;105;91;99;81;100;81;98;79;89;74;76;61;57;47;42;36;36;27;35;26;44;41;59;60;71;76;81;86;86;98;97;116;105;116;100;98;81;68;61;45;53;40;44;47;49;64;62;82;76;83;73;72;68;64;61;52;57;44;52;42;46;45;47;52;46;50;40;43;30;27;18;12;25;20;34;44;59;71;80;91;98;112;118;134;131;132;117;112;97;94;80;75;60;56;47;57;66;90;103;123;132;145;148;154;151;148;142;136;138;132;133;121;120;115;118;116;116;114;112;110;107;102;89;80;61;50;36;28;30;35;48;51;59;59;66;65;64;56;51;43;39;35;45;55;74;88;111;123;136;137;140;140;142;139;133;124;118;115;112;110;100;97;92;91;83;80;75;75;74;77;81;88;94;99;105;108;114;116;120;113;107;92;79;66;53;41;28;21;18;20;27;34;42;45;51;55;65;69;77;82;89;93;101;112;113;112;103;97;87;76;62;51;42;36;31;21;18;15;16;22;33;49;61;73;76;79;74;71;65;64;62;65;64;65;68;70;73;70;75;81;92;100;114;133;152;166;167;165;160;157;150;140;128;113;95;76;56;46;41;43;45;49;54;66
2025-12-15T15:52:54.942713;Stones;high;0.4122;50;100000;427;344;578;978;1005;1223;2530;3736;4062;4061;4001;3550;3045;2836;2293;2076;2327;2429;2695;2404;1693;1390;1038;766;722;586;610;629;537;569;423;400;336;397;304;326;256;235;192;174;186;213;204;189;185;166;159;154;139;122;110;116;154;236;357;499;613;699;810;980;1228;1445;1626;1664;1655;1602;1538;1459;1322;1119;885;611;425;385;418;491;520;534;537;574;599;569;492;377;273;243;233;218;201;171;157;168;166;149;180;243;282;296;290;258;229;215;222;231;227;202;168;139;120;109;91;75;58;46;41;36;26;15;8;4;1;11;39;48;65;88;89;71;46;56;72;71;51;68;76;49;57;75;53;44;64;68;50;47;67;54;48;49;41;54;42;40;44;33;36;52;60;56;40;23;21;24;23;20;16;11;9;7;7;14;28;44;58;58;48;39;35;28;15;10;32;68;93;86;65;53;56;59;57;57;59;68;71;66;64;59;60;76;87;77;60;70;79;84;90;82;62;45;28;20;25;35;41;39;30;23;24;28;30;24;17;8;2;3;4;5;18;50;93;129;153;161;158;152;157;166;167;165;161;161;161;160;173;182;178;171;171;184;193;185;176;174;182;186;179;166;154;140;138;146;157;167;168;164;147;117;90;68;52;39;30;28;36;39;41;41;39;38;38;32;22;13;6;6;12;23;49;73;99;132;142;129;138;146;128;119;139;145;116;97;101;120;122;101;93;99;93;86;90;99;90;72;77;95;97;83;64;44;27;18;10;8;7;5;6;15;23;30;29;26;20;12;8;9;11;29;65;83;85;72;60;65;58;53;54;57;45;60;56;50;53;50;57;48;47;51;54;54;50;55;59;59;56;52;61;65;65;67;57;44;35;31;26;19;13;6;1;0;1;10;20;28;32;33;33;35;40;43;46;45;46;84;129;160;171;159;146;132;112;108
2025-12-15T15:53:04.371437;Stones;low;0.0000;200;100000;134;197;222;251;259;247;240;238;217;206;188;170;155;130;116;95;88;78;73;76;69;117;219;342;582;854;1177;1569;2128;2754;3354;3987;4056;4058;4055;4058;4060;4060;4064;4055;4068;4055;4074;4061;4080;4063;4074;4058;4069;4057;4068;4058;4066;4059;4065;4053;4053;4060;4065;4058;4052;4059;3950;3917;3754;3614;3284;2938;2508;2151;1749;1445;1132;907;689;549;413;335;258;224;184;154;165;128;157;108;120;112;100;102;100;100;120;118;160;157;190;185;224;221;270;258;303;282;322;282;300;252;273;242;284;267;305;282;295;254;247;201;199;164;175;151;167;146;158;140;146;128;128;114;114;106;99;102;87;105;84;105;91;105;96;100;98;95;100;90;99;81;94;72;81;59;67;50;59;45;56;44;57;52;62;62;67;66;65;69;68;74;68;75;60;68;52;58;43;51;39;49;43;61;62;86;88;104;103;111;107;105;101;98;96;91;88;77;70;56;55;51;56;59;70;73;86;88;103;106;121;123;137;137;146;142;145;135;129;115;106;97;91;89;81;86;81;89;85;92;90;97;98;103;103;102;98;92;88;87;89;94;100;106;114;123;137;145;156;160;169;165;170;165;168;162;157;146;137;134;128;128;116;110;102;97;89;85;82;76;70;58;53;46;42;34;28;30;37;49;61;72;84;88;90;81;77;71;70;63;59;51;47;41;38;35;39;46;50;58;60;68;72;80;86;91;89;84;80;78;79;74;71;60;49;31;19;17;15;20;24;30;36;36;34;25;22;31;40;53;58;65;68;72;67;66;70;72;76;70;65;53;49;49;56;59;61;59;56;52;55;60;78;96;117;132;141;143;143;142;138;128;112;99;89;87;82;81;75;75;74;73;71;67;62;54;49;44;42;34;28;27;33;43;54;70;83;98;115;141;171;194;207;207;204;196;189;181;176;167;161;158;156;139
2025-12-15T15:53:13.875608;Stones;high;0.4272;50;100000;460;366;588;1026;1076;1028;2071;3244;3638;2994;2289;1765;1651;1916;1948;2123;2487;2448;2545;2251;1550;1302;938;772;766;624;701;719;614;609;458;394;339;404;295;313;250;239;217;207;215;236;228;217;176;139;120;110;98;80;89;99;102;115;221;315;393;473;450;442;656;808;926;949;1002;1142;1386;1711;1973;2039;1881;1612;1354;1153;1033;1007;1050;1045;1009;892;738;552;387;257;170;120;106;108;103;97;87;83;76;121;163;158;135;128;129;107;88;72;68;58;44;42;42;47;40;56;57;41;41;49;40;30;29;32;29;28;31;25;31;25;32;46;53;50;40;35;38;45;53;68;87;103;116;113;101;85;69;55;41;32;24;23;41;69;86;78;60;49;80;123;136;102;91;104;117;109;88;95;105;86;62;76;87;101;114;105;69;67;86;106;114;107;84;58;40;28;20;15;16;20;18;10;5;6;6;1;4;12;18;27;59;90;105;111;136;159;168;174;172;165;154;137;132;131;133;144;154;160;164;167;162;145;119;105;110;117;116;109;106;108;98;77;52;34;27;31;31;28;28;32;39;44;44;39;38;39;41;44;41;35;28;37;56;73;85;87;73;59;66;69;64;62;62;60;56;48;64;71;55;46;50;60;58;40;45;52;56;47;34;45;57;55;44;39;40;40;39;34;28;22;15;9;9;16;22;27;26;21;19;25;33;38;52;56;48;42;35;33;38;31;33;28;32;37;31;32;41;42;28;35;46;45;34;36;51;56;44;44;50;50;52;54;48;33;24;22;19;15;11;8;5;5;5;5;6;5;2;0;1;5;10;14;13;31;71;107;125;122;114;122;121;108;105;114;131;151;156;136;114;114;134;147;148;151;154;148;139;136;143;150;152;150;145;142;137;124;102;83;69;53;38;26;17;13;14;14;17;18;14;12;12;17;24;29;28;50
2025-12-15T15:53:23.331119;Stones;low;0.0000;200;100000;136;200;226;255;261;253;243;240;219;209;190;172;156;130;116;97;89;77;72;76;70;115;211;331;572;848;1176;1573;2135;2761;3361;3989;4056;4057;4054;4058;4061;4058;4065;4055;4068;4057;4073;4060;4078;4062;4074;4057;4069;4056;4068;4057;4065;4059;4065;4060;4063;4060;4062;4061;4053;4065;3925;3916;3812;3712;3414;3071;2621;2215;1790;1453;1117;872;650;486;351;271;195;203;162;197;155;186;157;195;180;214;205;221;205;212;197;218;223;239;249;246;259;231;247;209;229;187;214;172;189;148;144;111;118;98;116;110;116;119;112;123;101;118;85;101;71;88;64;81;69;82;82;86;97;92;115;101;125;104;120;97;109;85;100;83;103;91;109;101;116;109;119;114;117;114;109;113;108;110;100;107;92;99;79;86;66;74;59;73;67;89;88;111;109;125;121;132;125;130;121;121;112;108;102;91;85;70;65;49;46;32;32;22;23;17;14;13;10;14;13;21;22;28;30;34;38;42;45;47;51;53;61;61;75;73;84;80;84;79;73;62;56;45;44;39;48;50;62;65;73;74;77;81;87;94;100;114;121;135;133;136;129;125;115;106;100;93;97;88;85;78;78;83;88;98;97;100;97;97;95;96;103;104;107;98;89;74;62;52;44;45;41;44;45;44;45;46;54;53;55;50;49;48;47;46;41;40;36;40;39;44;44;50;53;60;64;69;72;78;83;91;95;98;102;103;108;102;97;85;77;65;55;42;30;21;23;24;37;33;35;33;36;36;39;39;41;42;45;47;49;47;46;48;49;50;46;50;54;66;71;70;59;52;52;65;77;91;97;103;103;100;92;86;79;74;72;67;62;53;46;40;38;33;28;25;23;24;23;29;32;37;46;52;57;59;68;77;84;95;106;128;148;169;187;209;223;236;247;257;266;272;276;271;263;241;218;192;174;160;155;151;152;152
2025-12-15T15:53:32.765851;Stones;high;0.4706;50;100000;438;354;583;981;1002;1235;2563;3769;4071;4067;3994;3530;3014;2800;2246;2036;2304;2404;2661;2381;1685;1414;1063;783;752;619;612;603;545;602;453;406;345;406;301;304;233;234;209;185;183;188;164;146;124;88;66;47;31;19;11;11;12;10;20;69;112;137;147;158;186;233;393;616;707;731;703;863;1046;1188;1228;1223;1198;1182;1072;914;780;624;477;392;317;241;166;141;131;133;171;178;142;113;115;122;117;106;92;78;72;76;79;74;57;56;71;85;87;77;55;36;30;30;27;18;32;51;64;75;78;75;67;56;52;69;81;73;67;76;81;85;85;77;66;73;77;80;79;89;104;106;93;65;65;77;104;116;122;115;96;71;47;36;28;18;14;13;9;3;5;11;14;16;19;19;24;56;101;143;172;185;194;197;183;161;133;125;135;139;143;146;150;155;160;156;143;128;122;129;128;121;116;113;102;91;82;68;51;42;38;35;25;16;11;8;5;3;4;4;3;4;7;4;1;3;13;42;60;66;72;74;68;60;56;56;55;51;49;54;60;57;37;44;60;59;40;42;49;43;35;37;41;41;28;32;40;34;32;28;21;16;10;9;5;5;5;4;6;8;9;10;10;10;9;8;6;6;8;11;10;22;39;48;37;33;38;33;32;26;33;30;27;42;42;33;40;39;41;44;38;34;44;48;40;37;42;54;48;38;36;32;27;23;19;14;12;12;11;9;5;7;8;9;8;4;0;0;0;2;0;0;12;41;69;95;115;123;129;120;103;102;111;130;146;153;150;131;120;129;142;148;147;144;138;133;138;155;166;172;168;152;147;148;148;155;166;176;164;140;118;99;76;51;32;17;9;4;2;2;3;2;0;0;0;0;0;4;5;4;14;54;106;149;182;205;210;209;214;206;189;186;187;190;192;187;177;165;153;146;142;136;125;110
2025-12-15T15:53:42.243848;Stones;low;0.0000;200;100000;135;198;223;253;260;250;243;240;219;207;190;170;156;131;117;97;88;77;72;76;69;117;225;350;593;865;1184;1573;2126;2742;3339;3979;4056;4063;4060;4054;4055;4059;4067;4051;4064;4057;4078;4058;4074;4059;4072;4064;4074;4058;4066;4051;4059;4057;4065;4059;4061;4065;4066;4056;4045;4054;3915;3894;3760;3607;3278;2947;2520;2171;1781;1511;1218;1029;826;699;557;457;380;301;272;189;194;135;142;99;156;137;196;188;230;230;246;233;232;218;251;265;303;304;313;298;289;278;273;274;272;281;279;292;279;289;264;270;232;239;200;215;181;202;169;187;160;175;153;171;157;175;167;176;170;170;165;160;159;146;146;130;135;116;131;114;135;115;134;117;132;115;115;98;92;81;72;62;55;46;44;39;44;41;51;50;59;62;69;75;73;75;67;65;55;59;54;65;68;86;93;116;120;143;144;160;157;165;157;167;164;171;164;162;150;144;133;129;120;117;111;109;106;103;102;99;101;97;104;100;108;98;95;80;73;55;52;41;48;44;53;49;60;59;72;72;81;81;88;84;82;70;60;48;41;30;35;34;43;45;57;55;57;52;51;50;60;64;70;77;81;86;86;95;93;95;87;85;80;84;82;84;81;80;76;71;65;59;56;54;53;53;54;56;59;61;65;68;75;78;89;93;104;104;109;108;113;116;123;123;125;129;132;134;138;140;139;134;116;99;80;67;55;49;41;34;32;34;38;40;42;45;48;53;58;60;58;54;51;48;42;38;36;36;40;45;42;36;27;19;19;23;31;38;44;48;49;49;51;56;60;67;60;50;31;20;22;26;32;40;53;68;84;99;112;128;133;141;140;142;137;134;128;124;118;111;103;89;73;54;41;30;23;27;32;42;49;56;61;66;70;71;76;77;85;89;95;97;106;113;119;122;117;113;109;108;103;101;97;100;101;107;106;104
2025-12-15T15:53:51.623095;Stones;high;0.4272;50;100000;472;373;593;1024;1068;1017;2053;3221;3640;3035;2370;1858;1700;1899;1772;1869;2262;2304;2479;2225;1540;1294;937;763;758;611;675;686;597;605;457;405;337;399;295;315;252;256;252;252;250;237;198;164;133;135;129;126;125;120;123;126;118;103;99;129;309;607;861;1029;980;1056;1458;2076;2642;3003;2923;2619;2218;1913;1660;1462;1251;1007;756;566;453;368;287;196;118;78;70;61;94;121;118;96;74;53;65;64;58;50;54;86;97;73;68;83;92;69;60;66;51;41;42;29;27;34;34;25;22;32;28;21;22;29;23;23;22;34;49;57;59;58;56;55;52;49;39;30;25;35;56;77;92;101;101;94;83;68;54;49;63;96;86;65;67;60;66;57;43;54;74;88;79;54;69;86;78;57;57;59;65;66;55;45;53;62;74;80;76;65;50;36;22;13;14;22;30;35;34;30;23;18;14;10;11;12;12;28;48;68;87;102;120;133;142;148;138;123;123;125;128;125;123;133;150;158;156;150;147;138;118;110;113;115;120;124;130;131;118;114;119;123;128;129;134;130;112;85;58;39;24;15;13;16;17;19;17;12;7;13;17;19;16;12;9;12;15;39;78;112;123;113;88;73;85;106;101;84;84;79;75;85;86;68;55;57;74;84;68;53;59;58;57;54;41;39;45;52;56;54;47;37;26;20;22;23;18;15;14;17;23;28;27;26;25;25;49;68;58;54;50;39;34;38;40;28;34;34;30;37;28;33;44;35;27;47;57;45;56;59;51;38;38;40;43;44;36;43;51;47;42;34;26;22;21;18;13;7;3;3;3;2;0;0;0;6;14;20;24;27;26;30;66;109;141;141;111;101;94;92;106;110;96;103;124;136;133;123;115;113;114;123;138;136;125;132;136;135;122;101;76;54;38;22;18;17;17;16;15;17;16;11;7;6;6;5
2025-12-15T15:54:01.073107;Stones;low;0.0000;200;100000;138;202;228;257;264;256;246;244;223;213;193;174;158;133;118;97;90;78;73;79;73;118;221;341;582;854;1178;1570;2131;2754;3354;3988;4057;4057;4054;4057;4060;4060;4063;4055;4068;4055;4074;4060;4078;4062;4075;4059;4069;4057;4067;4058;4066;4059;4065;4058;4061;4057;4052;4047;4035;4045;3881;3857;3740;3508;3125;2757;2310;1967;1583;1325;1045;877;688;589;466;416;342;305;264;224;204;140;148;123;118;164;170;245;241;315;302;356;323;338;286;281;229;208;152;139;98;129;106;154;142;187;180;208;203;213;213;211;222;204;225;193;210;169;173;140;136;118;107;109;94;116;100;128;114;140;130;146;138;143;137;132;133;125;133;119;136;114;130;107;113;92;87;68;61;47;49;37;51;46;67;67;86;89;99;101;102;109;107;128;123;147;142;154;146;146;136;122;113;93;94;68;57;45;36;50;48;65;66;74;71;71;70;65;78;70;74;71;75;82;85;101;106;126;128;135;129;128;119;114;108;101;99;88;81;58;45;37;41;50;62;73;87;97;112;120;134;137;148;143;145;131;128;114;107;92;83;72;75;71;76;73;79;79;80;77;71;67;55;47;31;24;14;11;11;13;14;21;25;33;36;45;47;53;51;55;54;57;64;72;90;100;113;115;124;128;136;137;139;132;126;110;99;87;86;84;90;91;100;108;122;135;145;147;148;147;151;153;154;149;144;138;123;108;85;69;64;66;77;81;88;84;82;75;76;75;76;77;76;80;75;71;61;55;52;51;52;47;45;38;34;28;26;20;17;15;15;19;25;31;35;43;58;76;88;89;90;88;93;93;98;102;110;119;132;137;147;151;154;152;147;135;121;112;108;110;114;120;119;119;113;107;96;83;66;49;35;24;18;20;19;17;13;9;4;9;16;26;34;41;44;49;47;44;40;40;41;34;28;27;23;20;18;23
2025-12-15T15:54:10.560561;Stones;high;0.4254;50;100000;434;349;577;1017;1075;1018;2025;3189;3578;2944;2253;1746;1638;1897;1867;2015;2396;2382;2501;2204;1514;1284;932;760;748;609;702;724;624;624;464;395;344;415;308;341;285;284;275;270;270;267;234;196;159;113;80;64;52;38;28;25;17;20;57;185;405;622;757;891;1009;1262;1692;2126;2555;2742;2605;2328;1994;1644;1240;850;583;424;288;202;195;192;172;147;113;105;160;199;171;143;175;181;156;124;122;149;204;249;272;256;215;192;190;199;209;198;172;142;109;90;79;85;107;123;122;95;68;74;84;67;52;60;66;64;54;39;48;57;52;39;48;77;75;56;66;80;94;93;116;135;116;81;75;85;74;67;88;100;105;107;108;98;86;75;60;44;30;30;34;39;48;56;62;65;60;53;47;49;54;54;48;67;104;122;92;69;60;65;56;51;70;59;57;74;61;58;65;70;73;59;54;68;76;76;70;64;72;77;68;59;68;72;68;57;42;29;26;25;24;24;28;36;35;30;21;16;19;22;20;36;66;92;107;124;143;152;151;155;168;172;164;154;144;140;143;148;164;176;178;166;157;161;169;169;170;171;177;177;170;162;152;145;151;151;152;156;160;155;146;153;145;118;83;55;42;29;18;16;14;14;14;13;7;9;13;14;14;18;17;16;31;52;79;106;129;135;129;124;124;115;95;103;123;125;116;104;75;82;110;132;109;81;84;89;86;83;72;73;69;51;32;22;20;20;17;12;7;3;6;13;20;26;28;25;20;20;27;38;83;102;84;77;77;60;58;62;53;52;55;45;50;57;46;60;58;48;60;61;45;53;62;48;49;62;60;51;55;61;58;56;58;61;56;41;30;23;20;22;20;15;10;5;4;6;10;13;16;16;16;14;13;13;12;10;19;65;129;166;171;151;138;125;129;139;141;147;150;148;156;173;179;169;150;133
2025-12-15T15:54:19.992854;Stones;low;0.0000;200;100000;137;200;226;254;261;252;243;241;219;207;188;170;155;132;116;97;88;77;72;76;70;117;216;337;579;856;1184;1580;2142;2771;3370;3993;4056;4057;4055;4058;4061;4059;4065;4055;4069;4055;4074;4061;4079;4063;4075;4058;4069;4056;4066;4057;4066;4057;4065;4061;4065;4061;4061;4062;4052;4063;3895;3881;3777;3629;3314;2995;2572;2202;1807;1493;1192;970;761;617;487;394;306;244;217;153;171;123;137;128;135;144;146;159;141;152;131;130;120;120;138;151;176;193;211;235;234;265;242;264;225;244;195;212;161;155;109;89;87;64;72;60;60;64;54;60;50;58;45;54;47;47;49;45;43;48;40;45;41;39;49;47;72;64;93;84;112;106;129;120;134;129;136;133;130;124;110;110;89;93;68;67;42;40;30;33;29;40;39;49;51;74;74;98;97;110;102;106;101;97;89;80;77;65;68;55;58;49;57;55;76;80;103;105;120;119;123;118;115;105;98;89;73;69;51;50;40;40;48;53;67;65;73;61;57;34;27;28;38;50;68;80;98;109;131;138;152;149;151;143;136;120;109;96;86;75;64;53;45;41;39;41;47;57;69;81;94;110;125;150;162;176;175;174;160;150;136;128;117;107;102;95;94;83;79;76;76;82;91;109;119;133;138;145;145;143;138;135;133;125;122;111;100;80;62;59;54;53;48;49;49;52;53;60;78;86;94;92;91;87;83;77;72;67;59;52;47;39;29;27;26;31;25;22;16;22;28;39;46;53;58;66;73;76;75;69;67;60;59;54;58;60;67;70;77;78;77;71;68;65;64;60;52;46;41;40;40;41;44;50;58;68;76;85;87;90;90;93;91;97;102;110;115;115;108;100;92;88;84;86;86;88;87;88;83;78;69;64;61;67;77;86;91;88;86;80;72;60;55;56;57;64;67;78;87;94;98;103;107;111;112;112;105;96
2025-12-15T15:54:29.370527;Stones;high;0.4263;50;100000;468;376;596;986;1009;1251;2582;3788;4067;4071;4040;3620;3104;2869;2305;2079;2332;2429;2688;2398;1690;1409;1054;782;747;612;613;618;534;567;423;401;337;412;323;332;262;275;250;210;176;173;161;159;162;148;139;123;120;114;111;111;119;143;158;212;386;577;758;911;1045;1325;1729;2150;2597;2780;2719;2446;2193;1936;1624;1306;972;662;410;268;184;121;87;93;135;162;144;122;153;226;282;292;253;188;123;131;189;292;384;418;405;374;324;263;197;158;164;186;216;226;224;212;190;156;107;76;60;54;52;50;49;43;34;30;30;34;36;35;36;36;36;41;48;50;43;52;58;76;121;160;156;120;111;140;169;169;137;145;158;142;103;106;112;90;90;111;102;76;77;91;96;73;79;89;89;79;69;69;67;62;51;41;47;54;55;48;38;35;41;38;27;19;20;25;33;53;74;60;48;49;46;35;40;44;31;36;42;34;39;51;48;40;56;69;45;44;54;54;46;48;45;38;53;59;56;56;61;66;60;51;41;37;44;42;41;35;24;22;30;38;45;45;43;45;47;42;36;44;72;101;119;120;104;100;101;106;108;111;106;103;116;124;120;120;121;119;118;117;115;120;135;139;128;120;128;139;152;163;153;136;113;91;69;53;52;53;51;45;39;33;30;29;24;19;14;11;8;9;11;16;27;36;39;42;72;106;129;147;170;205;230;234;221;205;192;181;170;168;164;154;159;166;156;136;128;128;130;128;109;105;117;121;113;92;67;49;40;35;35;33;29;21;15;12;11;11;12;12;12;14;35;66;102;130;128;93;83;90;82;73;83;95;82;70;79;84;77;68;69;73;68;61;64;60;62;64;56;57;64;58;49;52;56;54;42;48;55;54;46;34;23;16;10;9;9;10;11;13;16;15;13;11;13;15;16;14;9;7;8;16;58;91;104;101
2025-12-15T15:54:38.901809;Stones;low;0.0000;200;100000;136;200;225;253;260;251;242;241;220;208;190;171;156;130;116;97;88;77;72;76;70;117;223;346;590;863;1187;1577;2135;2761;3359;3987;4061;4066;4052;4050;4054;4055;4063;4055;4068;4061;4083;4065;4070;4052;4068;4057;4069;4063;4072;4054;4063;4063;4061;4053;4058;4063;4067;4060;4045;4059;3907;3898;3804;3677;3378;3052;2631;2254;1856;1540;1223;998;780;625;501;405;321;244;228;157;182;130;149;137;147;150;153;159;146;148;137;129;134;137;166;179;206;217;234;256;255;280;256;276;239;256;207;223;172;167;118;99;90;70;74;60;60;61;51;58;50;57;45;54;47;48;49;44;46;46;42;45;43;43;57;55;79;75;102;93;121;114;138;130;146;140;148;142;139;132;119;117;99;98;74;75;47;48;37;43;40;54;50;66;65;86;84;106;100;113;107;109;100;97;86;78;76;64;65;53;55;48;58;58;81;85;108;109;121;120;125;119;116;106;96;89;76;73;54;51;42;43;48;50;61;59;68;54;48;30;26;30;43;57;75;87;104;114;136;144;161;163;160;150;145;132;122;108;96;86;77;67;54;47;43;44;49;58;68;83;97;114;131;155;170;188;189;188;174;167;155;146;136;125;121;113;111;98;91;83;79;81;88;105;114;131;137;143;142;142;139;138;136;130;131;121;111;94;82;74;66;62;54;52;46;46;51;56;74;86;100;103;104;102;101;95;91;84;78;74;69;62;59;61;65;70;65;61;55;58;59;62;65;69;72;74;74;70;66;59;54;49;47;52;62;74;86;93;101;102;103;97;94;88;83;74;65;54;49;46;44;47;54;65;77;91;105;119;128;132;131;134;132;133;133;134;129;122;111;102;92;84;78;79;81;89;92;95;91;86;81;79;78;82;91;98;102;98;91;83;76;66;65;69;73;80;86;95;103;113;121;128;126;128;128;130;125;115
2025-12-15T15:54:48.361696;Stones;high;0.4234;50;100000;437;351;580;1016;1061;1015;2087;3264;3676;3066;2396;1876;1709;1920;1828;1938;2321;2342;2496;2227;1539;1300;940;764;766;620;682;699;594;600;452;386;327;381;286;295;228;212;193;192;207;229;220;200;178;148;135;119;114;100;77;45;29;36;84;236;465;692;847;979;1149;1496;1978;2551;2930;3066;2814;2416;2015;1639;1312;997;685;441;320;214;150;119;87;72;53;96;126;131;154;158;128;131;120;86;97;145;184;197;205;201;177;151;156;185;185;160;121;89;61;47;36;25;20;23;30;39;45;51;51;48;34;22;16;13;10;7;5;19;34;36;50;64;54;65;72;73;69;94;121;114;80;59;86;116;110;99;115;112;81;85;90;70;86;98;82;52;29;20;21;23;29;36;40;45;45;44;42;44;46;44;39;40;45;49;44;32;41;69;105;119;100;94;100;90;87;102;115;123;128;120;99;93;94;98;108;114;107;100;101;107;117;125;134;134;124;123;119;114;108;97;90;91;104;107;90;62;41;28;17;8;5;6;9;12;13;11;5;5;12;22;25;25;22;24;28;30;33;57;89;113;120;115;107;113;120;126;131;125;109;93;87;91;93;92;89;78;67;74;74;75;73;60;45;40;31;24;22;29;32;31;29;24;17;20;23;25;25;27;23;20;22;50;79;83;68;61;48;46;54;43;43;58;60;41;38;54;67;52;53;78;75;56;61;54;40;35;35;28;37;35;31;41;32;30;32;28;29;21;13;17;24;26;27;25;17;18;25;34;43;48;45;40;36;33;28;21;16;11;9;12;34;83;98;92;88;83;72;60;66;78;82;72;73;88;94;88;83;83;92;98;95;89;89;94;94;94;101;106;97;75;53;37;28;24;21;19;19;18;17;13;10;9;9;8;5;3;3;25;76;135;173;193;211;223;225;229;233;231;228;223;230;234;230;222
2025-12-15T15:54:57.740561;Stones;low;0.0000;200;100000;136;201;226;254;261;252;244;241;220;209;190;170;156;131;116;97;88;77;73;76;70;119;227;353;596;870;1190;1576;2134;2761;3353;3981;4052;4061;4060;4054;4055;4055;4067;4065;4077;4060;4073;4059;4077;4062;4074;4057;4069;4056;4068;4057;4066;4060;4065;4059;4062;4061;4062;4062;4050;4060;3914;3897;3812;3692;3393;3061;2629;2251;1834;1523;1195;973;750;605;472;378;288;226;201;145;166;116;144;112;138;128;147;137;144;138;145;132;148;143;170;178;209;213;235;246;253;269;251;262;230;241;199;213;159;163;109;97;85;70;73;61;64;65;59;67;50;65;44;64;42;54;44;53;40;51;39;51;49;61;68;72;87;84;106;101;128;116;145;135;157;145;155;142;143;131;121;110;92;87;68;65;46;40;36;39;39;51;53;66;65;83;80;102;99;115;108;116;109;112;105;103;97;86;84;75;78;75;83;83;100;103;125;125;135;128;129;117;114;100;90;76;64;52;33;30;29;32;45;50;65;61;71;58;52;34;31;35;46;58;77;89;110;120;141;145;160;160;163;155;145;139;132;122;112;104;93;87;76;68;56;51;47;52;59;70;80;98;112;137;150;168;172;177;169;166;155;150;143;133;124;115;115;101;91;78;73;74;79;96;108;124;130;138;140;142;136;132;130;123;121;110;101;81;66;59;53;52;47;48;48;50;58;71;91;105;121;125;128;119;112;102;98;90;82;75;71;66;65;62;60;58;55;50;48;49;49;52;47;44;40;41;40;35;29;24;22;26;33;42;52;65;82;94;105;106;106;102;103;97;89;79;70;64;59;55;51;48;55;68;85;99;112;121;130;138;141;144;138;134;129;129;122;114;101;87;72;66;66;76;88;99;101;104;102;103;100;97;91;91;97;100;104;95;85;75;74;77;85;93;101;107;114;120;121;122;119;119;115;108;102;95;86;80
2025-12-15T15:55:07.226506;Stones;high;0.4245;50;100000;446;360;587;977;999;1223;2541;3763;4061;4063;4056;3724;3227;2989;2438;2197;2418;2504;2750;2437;1716;1423;1061;775;731;604;598;592;514;547;421;449;339;373;298;311;260;293;284;257;236;220;187;159;130;100;81;55;36;26;15;8;5;21;67;216;437;654;807;940;1120;1468;1946;2516;2939;3151;2983;2648;2286;1909;1570;1245;928;623;419;304;214;160;138;118;122;122;97;136;183;191;133;130;148;164;181;180;156;153;178;201;215;232;252;258;238;204;162;123;92;72;57;41;33;30;34;39;46;53;56;54;41;26;18;24;46;74;103;124;141;155;173;195;189;167;145;123;87;95;134;166;174;174;175;157;107;101;135;156;141;99;100;110;108;94;72;52;34;25;23;22;25;27;28;30;31;34;36;40;43;49;72;103;123;108;71;66;73;72;51;57;72;52;49;52;40;43;49;47;32;35;50;47;33;29;36;34;29;35;30;20;23;28;34;41;41;34;27;21;16;16;15;18;17;15;12;10;9;7;2;0;0;3;8;33;56;49;45;36;36;41;30;28;37;49;46;32;43;50;42;38;42;39;39;43;46;44;34;39;53;59;47;32;20;11;6;9;15;18;11;7;7;9;12;13;10;4;6;13;18;23;26;25;31;53;8;;;;;;;;;;;;;;;;;;;;;;;;;;;;;;;;;;;;;;;;;;;;;;;;;;;;;;;;;;;;;;;;;;;;;;;;;;;;;;;;;;;;;;;;;;;;;;;;;;;;;;;;;;;;;;;;;;;;;;;;;;;;;;;;;
2025-12-15T15:55:16.630731;Stones;low;0.0000;200;100000;135;198;225;254;261;250;242;239;217;207;188;170;155;130;115;96;88;77;72;76;70;121;227;353;594;866;1186;1573;2129;2752;3349;3983;4062;4063;4054;4048;4051;4054;4063;4055;4069;4061;4080;4058;4071;4057;4071;4057;4068;4061;4070;4053;4067;4057;4058;4054;4060;4067;4066;4060;4044;4057;3909;3892;3798;3658;3352;3014;2585;2210;1814;1507;1198;986;768;634;500;423;333;284;239;178;184;125;146;124;141;145;151;156;142;146;126;119;118;111;142;149;183;193;217;235;238;261;241;258;224;240;195;211;156;153;105;85;89;59;75;66;70;71;62;68;51;62;44;60;43;52;45;48;41;49;39;45;44;48;56;57;76;70;97;87;115;104;130;120;137;128;134;128;123;116;103;102;83;87;64;66;42;39;30;31;25;36;35;47;45;68;68;92;88;103;98;105;99;99;91;86;83;72;73;60;65;55;65;62;83;86;108;108;121;116;122;116;112;100;90;82;68;66;48;48;45;47;52;55;67;65;72;55;48;32;30;36;47;60;76;85;104;113;133;138;154;149;153;145;143;129;118;104;96;93;79;71;61;55;51;51;55;61;70;79;87;102;115;138;151;167;168;168;158;152;141;133;120;109;104;96;95;83;77;73;75;84;93;113;128;146;153;159;158;160;157;155;150;142;140;129;115;93;74;69;60;60;55;56;58;60;67;77;98;111;124;126;126;121;116;106;99;91;82;75;64;54;43;39;36;36;29;25;22;29;34;42;46;53;58;61;64;66;65;58;52;44;44;48;57;68;82;91;103;105;105;101;102;98;93;85;80;74;71;68;64;60;61;67;75;88;99;108;110;112;112;113;110;110;110;115;114;110;99;92;83;75;66;65;67;74;77;80;76;73;72;70;67;68;75;82;86;82;79;74;73;73;77;86;94;102;107;114;119;125;125;122;117;114;113;114;108;100
2025-12-15T15:55:26.117737;Stones;high;0.4240;50;100000;435;350;577;1014;1058;1010;2069;3246;3671;3054;2377;1859;1704;1915;1811;1914;2303;2333;2502;2233;1537;1287;926;770;770;612;669;664;577;586;446;382;324;358;267;292;217;217;223;227;241;261;245;224;182;149;123;103;100;99;96;84;71;75;109;228;443;651;778;911;1058;1364;1860;2321;2749;2883;2688;2360;1986;1676;1371;1076;751;489;341;220;170;133;104;83;81;93;93;131;144;135;160;153;149;165;173;182;239;300;306;284;264;242;217;214;239;223;190;173;146;116;100;85;69;58;54;52;52;51;49;44;43;40;32;27;26;28;31;29;30;28;32;44;53;42;49;69;93;120;120;113;131;135;133;105;95;131;154;123;107;131;143;101;101;125;125;81;71;82;100;107;86;53;44;43;41;35;32;41;49;50;43;38;44;53;57;43;31;28;32;31;31;55;76;90;126;155;164;170;168;161;155;153;160;167;176;182;178;165;160;155;161;177;190;206;208;193;182;172;171;176;178;174;161;145;144;144;131;108;92;78;66;45;40;37;33;25;14;11;18;27;34;35;33;33;34;32;28;21;20;38;70;101;126;132;120;109;101;94;97;108;105;90;87;84;84;88;83;78;77;65;73;75;61;65;71;64;51;51;59;62;61;56;43;36;34;32;29;28;25;22;23;25;25;21;19;15;10;8;36;80;92;65;64;69;54;40;49;65;52;52;69;51;41;45;44;40;38;37;42;49;36;47;53;44;44;43;46;47;49;41;27;25;35;40;33;28;35;40;45;46;36;27;21;19;16;12;9;6;5;8;13;20;21;37;87;131;149;145;129;122;118;110;106;114;130;141;144;144;140;139;144;149;148;150;156;156;152;142;146;159;162;148;122;98;79;64;48;35;25;19;14;12;10;7;3;3;4;10;15;18;17;50;105;171;225;257;294;324;334;338;328;311;291;269
2025-12-15T15:55:35.544778;Stones;low;0.0000;200;100000;136;198;223;252;258;248;241;238;216;205;188;169;154;129;116;96;88;76;72;75;69;118;225;350;593;865;1188;1573;2128;2753;3353;3986;4056;4063;4058;4054;4063;4057;4057;4049;4065;4061;4080;4059;4073;4058;4081;4059;4064;4057;4075;4065;4069;4057;4063;4058;4060;4060;4062;4062;4049;4059;3898;3881;3785;3567;3179;2785;2318;1940;1551;1277;997;832;645;561;445;409;348;351;292;290;238;227;179;174;140;168;144;166;156;176;170;181;169;167;156;159;170;182;213;216;251;240;274;247;271;234;258;220;244;204;222;177;183;136;135;100;108;86;103;93;102;102;103;114;99;119;97;115;88;104;81;99;80;101;82;102;84;98;78;86;61;65;44;48;33;42;27;38;26;31;30;25;32;25;32;37;46;59;69;88;93;117;116;140;135;148;135;133;117;107;91;77;61;54;47;50;46;53;53;68;73;84;89;93;99;95;105;99;110;102;102;95;91;88;79;79;65;65;49;48;36;37;28;31;26;34;30;40;34;39;35;46;49;59;58;59;60;57;61;54;57;47;43;36;30;38;32;32;32;33;44;42;55;55;57;54;52;53;50;51;39;36;30;37;35;40;33;31;24;17;18;13;16;20;23;31;29;31;26;21;27;28;33;32;35;40;39;42;35;32;20;14;14;20;28;36;39;44;41;43;41;46;45;52;50;50;46;44;43;42;46;42;40;30;19;13;17;30;53;74;92;97;98;93;93;90;91;84;80;72;67;62;64;61;66;66;73;78;85;90;98;104;116;123;131;131;132;130;128;118;104;87;77;78;86;92;95;96;94;90;79;67;58;59;67;77;88;100;107;113;112;113;116;126;139;153;167;177;187;196;209;218;225;226;225;213;203;186;170;151;141;137;146;152;158;156;156;150;142;129;113;97;86;86;92;95;96;89;85;73;61;48;45;44;51;57;74;84
2025-12-15T15:55:44.975550;Stones;high;0.4452;50;100000;552;429;628;1049;1100;1039;2027;3180;3556;2906;2200;1694;1619;1905;1932;2109;2474;2420;2511;2233;1523;1268;900;759;765;608;669;672;592;604;458;405;337;397;293;318;254;250;236;227;225;221;181;137;100;68;59;79;116;139;138;111;111;147;201;240;266;288;353;465;686;1153;1646;2062;2393;2715;3105;3355;3449;3297;2910;2415;1875;1488;1218;1013;830;697;596;509;420;341;290;263;236;213;204;197;196;201;190;152;109;89;77;71;55;42;72;72;52;60;62;51;65;85;71;65;80;78;56;64;79;70;61;80;68;56;54;50;44;41;64;71;65;90;114;107;89;76;61;47;39;46;61;76;78;78;78;79;75;66;50;34;20;15;14;12;13;20;21;36;72;97;112;130;136;124;100;75;107;166;203;189;142;119;124;120;101;112;128;110;111;117;117;133;150;153;143;130;115;101;90;77;59;40;27;23;23;26;28;31;36;41;47;53;54;45;30;19;22;53;94;128;154;171;183;194;205;213;215;216;201;189;184;175;163;151;148;147;139;134;136;134;126;130;131;119;112;105;95;85;73;65;59;54;47;36;26;16;14;21;31;35;36;31;26;18;26;52;79;109;119;100;69;54;78;104;99;66;75;95;94;68;57;69;73;58;52;70;72;50;46;51;61;53;43;58;56;45;41;36;42;45;45;39;28;19;9;5;5;5;8;8;7;2;0;1;1;3;5;8;9;9;7;7;12;47;78;80;71;60;54;60;55;56;59;57;58;65;69;68;76;73;64;81;96;87;69;85;111;107;79;83;88;80;62;50;41;31;21;13;10;13;17;23;28;28;27;26;26;22;17;12;7;10;51;111;162;196;207;200;186;192;204;215;222;222;230;240;242;239;225;210;211;224;244;253;242;236;231;229;236;240;243;240;236;246;252;254;267;276;278;271;256;227;187;146;108;75
2025-12-15T15:55:54.360865;Stones;low;0.7344;200;100000;136;198;223;252;260;250;241;239;218;207;190;170;156;130;117;96;88;77;72;76;70;118;222;345;588;859;1183;1566;2127;2759;3361;3990;4056;4061;4063;4062;4052;4048;4058;4054;4069;4061;4078;4056;4079;4066;4070;4051;4065;4061;4072;4054;4060;4055;4069;4068;4061;4059;4062;4056;4051;4059;3966;3949;3811;3767;3522;3233;2823;2444;2024;1666;1312;1036;798;587;461;302;259;199;154;176;137;211;208;276;273;313;308;333;321;332;314;326;321;342;349;369;391;400;418;420;434;425;446;423;449;411;432;376;376;312;290;236;197;176;130;136;88;87;70;70;53;77;61;94;80;109;93;112;95;105;95;101;96;94;93;82;96;73;89;68;71;58;53;50;45;45;45;48;46;59;54;71;57;73;55;65;46;48;32;33;32;24;38;29;52;52;70;73;82;92;96;113;107;121;108;114;101;98;86;76;72;56;52;36;32;24;24;21;25;29;37;40;48;51;65;71;87;90;101;98;115;117;139;142;157;157;165;162;166;163;165;157;149;137;123;111;94;83;71;67;67;72;81;90;100;111;119;133;137;152;151;156;149;142;125;110;91;73;60;53;45;46;42;43;48;54;60;64;71;74;83;86;96;93;96;93;92;97;104;118;123;134;140;147;148;150;147;146;140;135;124;116;111;107;107;117;125;149;166;185;200;214;227;232;234;231;227;226;226;222;220;209;202;180;157;128;101;73;50;40;31;32;36;40;43;44;50;47;50;55;70;90;113;140;161;180;188;192;182;174;160;146;130;114;105;92;85;78;84;91;102;114;122;131;129;125;109;95;75;57;37;23;23;24;33;48;71;96;112;130;141;156;166;173;176;182;188;195;199;202;203;192;182;163;145;121;104;89;79;67;59;52;52;50;54;59;68;72;74;76;79;85;92;96;100;109;116;128;137;134;133;138;141;142;141;137;123;108
2025-12-15T15:56:03.740732;Stones;high;0.4738;50;100000;421;335;570;1012;1060;1013;2060;3235;3657;3046;2377;1864;1703;1911;1799;1902;2295;2330;2492;2229;1539;1292;929;764;763;612;671;687;595;602;456;371;342;403;316;378;318;317;306;293;269;235;194;155;117;95;62;55;52;45;39;38;38;45;67;118;156;170;239;271;227;200;304;552;804;939;992;991;885;751;621;531;479;417;363;306;258;217;193;160;144;144;136;133;105;95;113;110;122;117;84;92;111;123;161;172;131;126;145;140;114;106;96;115;144;142;119;114;121;125;123;103;71;44;31;29;25;27;30;30;27;25;24;22;20;17;16;13;8;13;30;84;152;215;250;265;292;316;325;300;232;170;168;198;238;274;276;230;171;120;109;121;145;165;176;175;155;122;112;140;161;151;118;80;51;37;30;30;32;33;34;32;30;25;26;31;34;37;38;35;40;54;69;86;98;92;79;71;71;71;66;70;71;62;66;69;64;58;51;59;59;52;46;45;49;49;42;40;48;47;43;37;28;20;18;19;18;17;17;18;20;22;27;32;40;42;44;42;40;37;34;36;56;54;50;53;46;42;36;40;46;33;42;50;38;44;55;51;39;45;56;58;44;41;58;60;51;47;46;58;71;70;58;41;28;28;34;36;36;32;23;12;7;3;0;0;0;1;4;10;16;49;92;120;136;138;123;118;128;131;126;128;129;132;143;142;135;143;154;148;143;143;151;161;164;165;163;154;147;141;143;145;132;111;88;67;47;29;16;9;5;5;5;3;5;9;9;9;10;14;16;20;61;115;155;187;219;248;272;279;279;272;253;257;266;256;239;224;204;195;203;205;202;199;181;171;169;169;167;162;149;118;81;50;31;17;11;8;4;0;0;0;0;4;8;9;10;10;7;23;75;118;139;143;126;112;104;102;105;102;99;106;107;96;88;88;91;90;76;67
2025-12-15T15:56:13.181117;Stones;low;0.7303;200;100000;136;198;224;252;259;249;241;239;218;206;189;169;155;131;115;96;89;77;72;77;72;118;219;340;582;853;1177;1572;2132;2760;3362;3992;4056;4057;4054;4059;4060;4058;4063;4055;4068;4055;4073;4060;4079;4065;4074;4058;4070;4057;4069;4058;4066;4059;4065;4060;4065;4060;4062;4059;4053;4056;3935;3889;3747;3588;3245;2887;2425;2047;1619;1315;993;787;576;484;366;350;286;290;252;254;239;208;211;153;174;124;134;162;178;259;264;341;330;399;391;451;431;445;410;389;348;317;278;250;225;199;184;149;142;102;101;72;76;72;52;73;54;68;68;67;85;68;99;80;97;82;83;82;74;89;75;105;93;123;115;135;132;136;133;126;133;117;128;105;117;95;108;90;103;90;105;98;109;104;108;108;102;107;96;109;91;100;87;93;82;82;77;75;72;64;64;54;52;39;30;34;37;54;69;84;98;105;116;114;116;104;105;88;85;61;57;42;47;43;53;51;64;56;59;52;62;65;81;83;99;97;109;110;123;121;132;131;140;141;150;151;153;148;142;134;123;112;95;86;65;54;37;27;23;14;12;13;15;31;36;50;54;67;72;87;93;104;111;122;129;137;139;142;138;138;134;131;129;128;128;124;125;124;131;133;142;137;134;122;119;114;123;134;152;163;176;181;189;189;189;185;180;174;169;162;157;157;164;178;187;200;203;210;210;216;214;213;206;200;192;185;177;174;168;168;165;163;157;157;158;163;171;181;190;199;211;217;232;226;215;196;175;154;136;113;95;83;83;86;95;103;118;136;159;180;201;222;240;263;278;289;288;281;267;251;230;210;184;155;121;92;71;65;74;88;99;114;129;143;153;165;183;185;193;193;194;188;182;170;160;150;139;122;108;93;83;72;64;57;58;62;70;78;88;102;110;116;113;109;102;94;83;76;72;60;49;42;42;43;46;58;82;105
2025-12-15T15:56:22.712010;Stones;high;0.4419;50;100000;434;349;579;1020;1056;1020;2133;3306;3687;3039;2328;1783;1646;1921;2004;2200;2551;2476;2546;2255;1539;1289;926;772;773;622;696;707;623;628;474;425;342;387;280;290;219;199;172;167;175;184;161;128;96;60;46;36;26;19;15;12;25;77;144;166;175;232;364;600;854;954;910;951;1138;1400;1604;1670;1521;1393;1231;1000;779;748;832;866;768;641;512;433;399;307;218;170;118;104;91;70;55;78;120;145;151;140;128;121;110;97;91;85;70;47;32;38;40;32;20;15;19;30;38;44;49;46;28;42;45;34;24;30;35;24;23;24;29;25;24;22;19;31;34;31;50;49;35;34;31;29;32;40;28;36;34;33;32;25;16;9;8;10;12;15;19;23;25;22;22;31;36;40;46;51;60;72;70;60;48;57;87;104;94;77;60;75;82;59;67;71;59;68;68;73;86;88;79;75;69;67;72;76;77;82;93;91;78;69;62;51;39;33;30;30;30;24;17;10;8;5;3;2;0;0;0;0;0;0;8;36;75;106;124;139;151;163;167;167;171;172;164;149;134;132;134;135;144;152;154;146;136;134;137;132;120;104;93;96;106;117;113;94;69;42;24;16;18;21;22;20;15;12;10;5;2;0;0;0;0;2;24;61;96;116;116;88;64;67;75;76;80;69;60;64;59;55;57;52;60;56;46;48;51;60;55;40;55;59;43;51;62;56;42;34;34;30;24;18;19;24;29;32;37;44;51;55;54;49;38;26;17;13;9;10;31;75;78;56;57;49;44;47;44;36;56;60;39;40;56;60;45;49;57;50;54;55;50;50;56;59;54;54;66;75;72;56;41;32;25;23;23;22;17;12;14;16;23;27;27;27;24;20;13;6;19;66;112;135;138;131;129;134;140;143;137;131;136;147;159;162;153;144;141;153;170;177;173;165;156;154;150;140
2025-12-15T15:58:07.624316;Gravel;low;0.0000;200;100000;141;203;229;258;265;256;247;246;224;212;196;174;159;133;117;99;89;78;73;77;70;115;217;336;577;853;1177;1574;2137;2767;3369;3993;4056;4057;4055;4058;4061;4058;4063;4055;4068;4056;4073;4062;4079;4062;4074;4058;4070;4057;4067;4059;4065;4057;4065;4060;4064;4062;4061;4061;4032;4036;3854;3810;3681;3438;3089;2772;2388;2096;1753;1523;1248;1078;891;778;651;564;471;419;357;306;262;211;207;169;199;175;214;197;253;228;270;233;265;227;256;212;236;200;216;177;183;142;158;126;156;134;168;154;186;178;196;187;177;177;152;164;130;155;136;158;152;165;171;171;183;168;186;153;157;113;89;92;72;99;100;122;137;147;158;148;159;131;140;118;123;125;130;151;157;189;192;216;201;198;168;148;116;82;72;52;45;55;52;71;58;70;53;52;42;37;43;41;71;77;97;104;113;133;145;175;182;206;212;228;227;226;220;207;199;178;173;154;152;134;133;116;104;88;68;61;42;39;50;57;77;80;91;89;88;82;73;67;59;56;54;54;54;59;59;67;61;62;55;53;51;50;60;73;99;109;128;131;142;142;145;143;145;143;140;140;132;129;114;111;101;106;106;111;113;113;112;108;105;92;82;69;67;61;72;73;80;76;80;76;77;70;65;69;87;111;147;166;177;167;152;125;107;83;68;54;47;44;52;66;79;89;102;113;131;143;156;159;163;158;154;144;136;128;125;128;135;150;155;160;153;148;144;144;142;136;129;112;92;70;72;95;121;155;184;214;234;256;272;285;295;302;305;299;290;267;252;228;208;190;183;181;166;144;118;98;87;92;105;116;132;148;166;183;206;225;241;253;259;265;269;274;269;261;244;228;208;187;162;139;115;101;94;92;88;88;90;100;108;114;114;112;109;102;96;85;76;69;64;61;66;74;84;96;103;107;109;114;121;134;141;145;139;129
2025-12-15T15:58:17.163078;Gravel;high;0.3920;50;100000;438;354;584;979;1000;1246;2585;3788;4069;4064;4024;3605;3102;2887;2331;2104;2355;2452;2709;2419;1709;1435;1081;810;761;609;623;621;533;546;408;398;329;380;287;318;253;256;240;229;229;225;173;126;88;58;41;36;47;65;87;241;553;833;1033;1077;1317;1865;2402;2700;2843;2612;2141;1849;1626;1370;1140;856;638;576;630;650;630;618;563;435;344;298;247;209;200;174;120;92;76;66;60;59;57;57;54;49;37;22;19;18;19;31;54;81;105;118;134;147;153;150;160;187;168;150;161;149;130;147;181;177;170;178;154;117;108;101;72;53;46;40;33;52;64;50;41;40;68;92;87;85;114;111;104;118;140;153;156;159;165;164;154;141;119;99;85;86;101;129;160;166;152;130;124;134;145;148;134;92;85;111;124;124;117;90;76;85;113;133;131;100;87;99;128;158;165;153;122;84;92;124;152;163;161;142;97;79;103;132;148;151;141;126;107;103;110;130;139;144;130;108;82;60;43;36;31;29;30;29;30;33;60;106;152;176;184;188;185;159;112;126;160;172;152;117;97;110;137;134;94;91;116;134;130;112;82;59;62;75;85;86;80;70;61;55;49;45;43;41;37;37;37;38;43;46;44;32;22;29;37;49;74;98;98;86;98;107;86;59;65;76;70;48;61;82;76;56;53;47;49;38;35;44;37;32;26;32;33;28;38;29;35;35;27;17;11;12;19;30;44;60;69;65;54;38;29;24;24;27;30;33;35;37;40;42;37;28;22;37;73;104;100;77;77;60;58;82;82;69;74;73;73;87;86;71;72;85;94;99;87;80;91;92;79;76;77;72;68;65;58;50;42;32;27;26;31;33;32;30;33;40;43;44;47;74;111;141;149;163;179;184;186;202;220;236;254;254;235;215;216;237;243;233;222;204;198;194;192;209;228;244;259;257;245;226
2025-12-15T15:58:26.530940;Gravel;low;0.0000;200;100000;137;200;226;256;261;252;243;240;218;207;189;171;156;130;116;96;88;77;72;76;69;115;217;338;580;851;1176;1570;2132;2760;3363;3991;4056;4057;4055;4058;4060;4058;4064;4055;4068;4055;4073;4061;4079;4063;4074;4057;4069;4057;4067;4057;4062;4060;4064;4059;4059;4059;4048;4053;3911;3807;3677;3440;3134;2842;2508;2253;1949;1744;1485;1336;1138;1016;881;790;681;620;557;532;516;525;536;568;602;643;685;708;748;754;801;787;828;794;816;751;740;643;602;493;445;343;306;231;227;182;210;188;230;210;243;217;244;224;247;229;243;223;235;222;233;225;232;233;237;244;252;266;274;289;291;307;301;323;305;314;277;271;227;227;202;213;193;187;161;151;134;123;121;115;126;125;147;147;174;171;195;192;211;206;217;207;206;193;184;178;167;167;156;166;161;176;165;168;155;151;141;136;129;125;128;131;138;147;159;146;143;120;113;90;78;53;48;32;32;19;20;13;13;7;15;13;21;35;54;88;118;161;184;213;226;245;252;260;257;256;254;248;246;233;227;205;189;159;135;104;80;5;;;;;;;;;;;;;;;;;;;;;;;;;;;;;;;;;;;;;;;;;;;;;;;;;;;;;;;;;;;;;;;;;;;;;;;;;;;;;;;;;;;;;;;;;;;;;;;;;;;;;;;;;;;;;;;;;;;;;;;;;;;;;;;;;;;;;;;;;;;;;;;;;;;;;;;;;;;;;;;;;;;;;;;;;;;;
2025-12-15T15:58:36.025472;Gravel;high;0.3940;50;100000;423;338;570;1014;1070;1015;2025;3192;3587;2951;2263;1758;1656;1909;1851;1989;2380;2380;2509;2232;1522;1274;908;766;790;654;713;709;613;618;466;390;345;412;300;315;257;257;252;238;233;223;182;150;103;91;92;96;85;62;89;236;446;675;894;915;692;855;1465;2200;2893;3207;3294;3022;2635;2189;1808;1363;991;868;819;765;663;519;375;303;273;267;244;185;161;138;128;147;159;142;126;94;73;52;50;51;50;76;77;59;59;97;112;110;95;76;64;74;96;105;106;95;72;50;58;90;120;138;133;111;84;66;61;65;83;77;82;121;160;169;143;116;109;84;86;129;159;146;106;76;84;105;101;86;81;76;87;103;78;78;103;105;81;66;54;40;39;47;67;77;87;94;94;80;68;64;60;64;74;88;99;101;95;106;133;167;185;168;145;158;171;160;146;164;186;181;171;199;243;251;214;170;168;183;193;194;186;157;132;132;138;138;131;120;107;94;97;116;132;131;124;112;89;67;52;45;40;42;49;52;53;45;31;21;19;24;27;31;38;79;119;125;92;82;93;99;85;65;71;85;94;75;62;77;68;56;65;62;56;48;53;52;43;48;53;59;45;64;98;122;128;121;104;85;62;40;22;14;6;5;9;13;17;17;17;9;10;12;8;6;12;38;55;65;61;79;82;58;38;40;48;41;35;29;45;56;41;42;55;55;42;41;30;47;64;51;40;41;56;64;53;42;25;18;17;19;20;20;17;14;10;7;6;6;6;10;15;19;21;24;26;27;32;35;56;92;130;139;113;111;122;112;105;121;136;147;147;133;122;111;110;128;160;175;172;160;156;151;140;132;124;121;114;104;90;72;60;55;43;39;28;16;7;6;11;10;7;2;3;6;13;22;30;47;83;119;159;192;219;253;274;284;281;273;279;277;254;231;216;216;226;233;221;200
2025-12-15T15:58:45.414919;Gravel;low;0.9711;200;100000;136;199;224;253;259;248;240;239;216;205;187;169;154;130;115;96;87;76;71;75;70;118;224;349;592;865;1188;1578;2130;2757;3364;3993;4056;4063;4060;4054;4059;4062;4059;4049;4065;4059;4080;4058;4073;4058;4077;4067;4066;4055;4071;4066;4067;4058;4060;4060;4061;4061;4056;4063;3985;3952;3806;3748;3609;3421;3175;2960;2693;2493;2225;2041;1762;1591;1356;1189;1007;873;743;643;577;521;513;454;479;429;474;432;479;448;496;471;520;498;545;522;552;530;560;542;571;556;578;561;565;544;530;505;473;457;412;409;362;362;306;306;260;249;199;172;117;114;106;162;187;268;305;377;402;445;453;469;465;457;443;418;404;373;371;343;353;322;317;273;252;209;189;155;142;115;116;106;120;117;131;123;121;112;107;98;101;94;95;91;86;82;66;60;40;35;27;20;30;25;38;32;34;23;23;23;44;67;107;138;187;216;256;274;295;292;288;271;250;225;201;182;164;159;139;129;100;78;59;40;39;43;52;71;85;108;125;144;151;168;172;178;179;183;189;197;206;214;227;233;245;238;237;224;215;200;193;175;160;138;115;96;72;54;35;21;24;24;37;46;58;67;73;81;86;96;97;107;104;107;103;101;89;78;60;44;27;23;31;47;68;93;114;136;144;149;140;130;109;91;68;49;34;26;33;47;68;94;109;117;112;107;97;89;75;62;53;39;30;25;24;27;23;25;22;23;27;36;46;51;60;64;68;65;59;50;38;29;21;21;25;38;54;76;93;110;124;132;138;130;121;107;98;86;76;59;47;41;49;55;62;64;72;87;110;132;151;163;174;176;174;165;155;140;120;100;80;66;48;33;22;21;18;22;27;34;39;46;55;59;60;52;46;41;37;34;33;38;48;61;68;74;74;81;82;82;72;62;48;40;33;39;56;84;106;124;138;153;165;177;176;172;160;152;140;124
2025-12-15T15:58:54.925220;Gravel;high;0.3930;50;100000;418;334;572;974;1008;1226;2532;3737;4062;4061;4005;3560;3068;2877;2349;2127;2372;2464;2716;2416;1695;1399;1050;772;721;586;617;648;534;533;408;429;333;384;298;332;267;264;234;208;223;249;220;173;154;131;102;72;79;94;131;269;477;753;1017;1235;1362;1571;2070;2869;3552;4037;4057;3955;3432;2715;1996;1425;1073;851;727;676;687;686;674;632;568;488;428;387;306;211;160;128;100;78;56;68;76;75;97;110;109;107;125;111;72;55;64;79;68;53;47;50;82;88;60;44;33;25;26;31;38;50;69;83;91;90;78;55;34;27;36;54;58;56;55;57;45;80;136;164;132;110;123;128;132;134;117;86;84;116;158;184;182;154;114;92;100;125;148;143;130;143;164;167;147;125;100;76;80;118;169;203;220;203;158;120;103;87;72;59;46;31;22;17;12;9;10;20;42;68;90;101;101;84;72;75;73;65;52;88;138;165;176;170;132;104;131;160;154;136;138;123;87;89;84;72;85;92;74;73;74;60;62;64;44;39;46;59;80;103;128;140;150;143;129;117;102;89;82;76;64;49;34;33;38;62;95;111;96;72;80;78;61;69;61;46;45;39;45;30;35;47;37;32;47;46;40;47;44;39;34;59;69;48;41;49;51;40;37;41;52;64;72;71;65;53;41;30;30;41;53;64;69;75;80;83;79;66;49;45;46;60;98;121;107;83;69;68;67;58;65;76;78;76;78;73;73;84;87;80;75;70;86;100;101;99;84;76;90;99;95;77;52;29;18;11;10;7;5;7;13;19;31;42;52;56;56;54;74;120;171;196;189;183;193;200;212;231;249;256;240;215;207;205;213;219;231;247;253;247;237;229;230;223;206;193;195;203;218;225;221;205;172;130;94;73;56;39;26;20;16;12;6;4;8;18;30;41;48;50;45;37;33;44;74;109;144;151
2025-12-15T15:59:04.354996;Gravel;low;0.7118;200;100000;137;200;226;254;261;252;243;241;220;208;189;170;155;132;116;98;89;77;72;76;69;116;218;342;584;860;1186;1580;2143;2772;3374;3994;4056;4057;4056;4058;4060;4059;4063;4055;4069;4055;4073;4060;4079;4062;4074;4058;4068;4057;4067;4057;4062;4057;4060;4058;4058;4057;4042;4037;3855;3781;3615;3341;2959;2613;2209;1902;1552;1320;1052;911;723;642;534;474;398;377;300;306;264;284;240;229;177;139;141;131;166;209;251;300;325;367;377;413;411;437;416;435;397;405;344;336;263;254;192;193;149;156;129;151;128;154;133;163;148;178;155;174;148;150;134;133;128;122;133;122;146;129;146;125;136;121;119;115;102;128;118;140;134;144;149;150;155;143;141;111;99;74;61;95;118;168;200;246;277;310;330;340;340;332;327;311;298;264;237;197;173;156;153;148;162;168;182;184;195;195;207;198;205;188;193;179;174;164;152;162;171;203;207;219;217;218;213;205;196;187;178;169;159;135;112;86;76;83;98;122;148;173;199;216;240;253;273;272;276;265;259;240;222;200;180;157;139;120;107;97;92;87;84;78;73;66;58;54;50;47;44;44;40;39;30;21;24;30;44;57;76;88;101;112;124;147;168;190;211;231;240;248;238;233;221;214;200;186;171;168;170;187;196;208;209;211;207;203;204;207;221;235;252;256;260;251;247;239;234;225;221;217;217;222;235;249;268;290;314;347;371;391;391;389;379;375;364;354;338;320;300;282;266;248;227;201;172;148;138;141;154;172;190;214;246;273;296;303;308;302;302;300;300;295;294;294;301;314;325;325;297;260;206;158;107;68;55;56;65;73;79;86;91;97;104;113;120;120;119;123;129;141;148;157;163;163;164;159;156;150;148;146;141;128;112;93;78;61;46;36;29;24;21;20;21;16;14;15;17;15;15;24;43;67;93;112;121;124;121;117;108;95
2025-12-15T15:59:13.842853;Gravel;high;0.4149;50;100000;445;355;582;1020;1076;1017;2027;3192;3582;2937;2240;1725;1649;1925;1912;2085;2485;2472;2568;2272;1564;1308;942;773;767;630;721;741;621;601;446;392;340;399;290;304;236;220;212;227;253;262;226;171;129;98;77;60;49;40;40;73;79;115;253;513;811;1076;1386;1689;2050;2378;2638;2884;2983;2832;2522;2045;1526;1128;891;723;584;479;362;283;259;235;202;185;159;160;192;194;201;220;214;175;160;183;214;212;211;227;218;189;154;126;111;98;96;92;78;59;41;28;37;59;75;83;81;78;85;100;120;119;105;81;69;84;91;83;112;126;141;172;184;146;106;103;98;80;64;53;81;117;119;98;85;105;124;112;81;65;65;62;50;45;43;41;36;39;50;57;56;61;67;65;48;52;78;101;115;117;102;96;95;85;97;113;134;146;134;110;96;99;128;162;194;212;209;171;123;105;117;128;129;144;162;168;166;173;190;207;187;142;114;105;113;119;138;159;178;202;201;169;133;90;61;46;38;34;30;26;20;20;21;19;23;39;50;56;57;65;70;80;97;98;82;79;74;72;92;111;106;101;114;102;77;87;113;108;88;74;59;53;61;74;81;66;44;48;59;56;48;35;22;18;20;25;32;30;26;25;25;19;15;22;33;38;43;51;59;67;77;91;90;78;53;55;48;46;35;36;40;40;28;43;45;39;49;45;41;62;57;46;54;50;40;32;40;41;34;30;39;54;67;72;68;60;48;28;21;25;31;34;33;33;40;38;38;39;41;40;41;44;41;29;50;90;120;128;107;90;83;89;97;99;92;74;104;156;176;132;100;107;129;154;165;139;112;107;109;106;93;78;61;48;36;24;18;22;28;36;42;43;40;30;24;21;21;23;27;30;39;71;110;165;219;255;267;264;271;292;299;301;296;287;280;270;254;238;232;239;245;249;265;265;233;196
2025-12-15T15:59:23.355021;Gravel;low;11.421;200;100000;140;204;229;258;265;256;247;244;223;211;194;173;158;133;118;98;89;77;72;76;70;118;225;350;593;861;1181;1571;2132;2761;3369;3993;4057;4057;4054;4058;4061;4060;4064;4056;4069;4055;4073;4060;4078;4062;4073;4058;4069;4057;4067;4057;4066;4061;4063;4058;4061;4059;4062;4062;4012;3982;3788;3701;3429;3074;2653;2295;1912;1639;1344;1183;992;934;826;822;770;763;707;696;624;601;557;566;536;542;533;561;593;653;714;778;832;885;915;933;940;906;893;813;778;666;615;503;463;356;312;217;182;129;131;103;124;88;104;77;68;84;61;94;74;84;62;67;50;55;45;49;42;47;43;57;60;80;94;112;137;154;199;225;280;308;370;385;422;408;415;389;396;384;416;407;441;452;494;515;564;586;622;626;632;607;584;534;491;438;393;350;314;284;264;248;234;227;216;212;197;196;173;166;141;131;107;99;84;75;61;49;33;46;58;89;108;133;144;158;169;179;194;197;207;202;205;195;199;184;183;165;152;125;111;94;99;96;107;102;102;93;88;77;69;56;55;51;58;60;76;82;98;105;116;121;132;135;143;151;156;166;161;164;157;160;157;155;143;135;119;118;117;129;140;164;186;222;250;279;290;303;303;307;301;302;297;297;289;279;266;251;236;214;193;165;143;117;100;88;87;92;103;110;119;125;136;142;152;152;152;145;132;114;98;92;96;111;120;134;143;154;158;161;160;163;166;172;175;177;171;158;143;132;131;136;148;162;178;195;213;227;244;249;251;240;224;199;174;152;138;128;117;106;93;82;68;52;36;24;21;22;32;46;64;77;78;78;76;76;69;59;55;53;54;53;55;55;59;65;74;81;87;89;95;99;111;120;135;146;159;172;183;192;195;200;202;211;215;219;212;200;179;165;154;153;148;145;141;146;154;163;165;166;162;159;154;146;136;122;115;96;76;50
2025-12-15T15:59:32.753090;Gravel;high;0.3920;50;100000;439;354;584;980;1008;1226;2531;3729;4062;4063;3885;3390;2917;2784;2284;2084;2350;2466;2729;2446;1712;1404;1062;772;724;589;602;615;523;524;417;469;352;369;288;288;256;292;282;244;225;220;178;123;88;74;59;44;38;39;90;270;534;787;1040;1224;1508;1939;2340;2780;3237;3513;3662;3540;3341;2925;2475;2054;1795;1559;1326;1019;739;550;427;334;281;248;221;173;127;90;113;162;212;236;210;150;125;145;155;153;160;166;144;96;81;81;83;79;65;56;60;62;60;56;60;67;67;66;66;70;84;100;139;190;240;259;243;198;170;170;154;132;152;212;260;254;207;137;94;113;156;165;143;141;147;153;159;149;99;85;87;74;47;43;41;38;38;39;56;93;119;137;135;120;97;85;80;76;71;62;51;56;79;100;107;87;61;62;53;49;60;71;54;51;80;99;85;82;98;93;72;47;49;61;59;39;48;48;44;38;38;57;56;41;40;48;59;73;81;80;72;67;64;59;54;42;27;16;9;8;11;14;16;17;19;22;41;62;50;64;96;103;84;91;97;70;61;61;45;59;62;46;58;57;40;50;74;90;77;65;74;80;88;86;78;72;72;76;81;76;65;60;62;68;74;72;62;49;33;35;43;51;66;89;129;158;155;105;91;104;133;167;185;169;136;115;114;122;120;100;97;118;135;130;118;131;141;153;162;157;141;128;125;132;135;145;150;144;143;140;122;96;70;50;36;29;26;26;27;26;22;16;11;5;1;0;3;4;6;12;22;24;25;33;57;94;134;172;183;161;136;143;164;181;173;151;140;137;121;100;106;119;123;125;115;96;87;81;85;112;122;109;81;50;41;36;31;22;12;8;6;4;5;11;21;32;35;34;26;19;51;84;98;105;91;64;67;70;61;56;67;66;50;64;60;52;51;54;54;46;53;49;44;44;44;40;35;30
2025-12-15T15:59:42.365961;Gravel;low;0.6556;200;100000;135;198;224;253;260;250;242;239;217;206;189;170;155;130;116;96;88;77;72;76;71;117;219;342;585;859;1184;1573;2135;2770;3366;3987;4053;4063;4060;4056;4055;4055;4067;4064;4066;4055;4072;4057;4073;4060;4074;4059;4073;4066;4064;4052;4060;4056;4063;4059;4062;4063;4067;4066;4034;4037;3887;3795;3634;3383;3050;2738;2385;2112;1781;1569;1309;1174;996;892;757;686;585;509;425;367;313;302;298;353;395;473;525;593;631;680;707;735;751;755;760;739;735;687;676;610;598;519;503;417;392;315;292;231;207;168;144;132;103;102;74;65;71;61;91;107;140;169;193;228;243;284;286;327;310;322;288;271;237;201;185;152;159;131;139;121;137;124;125;108;87;74;55;44;73;86;140;161;204;213;228;220;217;202;185;169;153;143;130;123;113;116;109;124;111;117;102;102;91;88;78;67;80;80;99;107;125;146;162;193;212;252;270;290;289;289;282;273;262;248;245;235;239;222;209;174;140;105;87;95;106;125;150;171;194;208;227;230;234;216;202;180;165;146;135;123;116;111;105;106;100;114;115;129;128;135;131;128;119;109;98;87;74;60;51;32;26;30;43;69;88;115;128;140;139;136;123;107;96;83;80;67;65;62;68;72;79;90;96;105;109;118;118;123;115;106;91;85;79;81;79;80;73;70;62;54;47;42;38;37;36;37;40;44;53;52;52;44;43;45;53;62;69;78;78;82;84;90;91;92;88;92;96;109;115;129;140;157;169;184;190;200;201;206;205;204;201;192;177;155;133;105;85;61;45;29;21;24;41;52;62;67;77;87;100;113;125;137;141;141;132;118;97;81;61;51;46;51;62;80;97;121;140;159;173;190;208;222;234;237;239;232;222;200;171;137;102;68;44;46;60;78;96;112;128;135;140;136;132;123;118;112;109;106;96;88;76;69;58;45;30;18;10;10
2025-12-15T15:59:51.753089;Gravel;high;0.4011;50;100000;410;329;565;1012;1077;1021;2014;3178;3571;2921;2217;1716;1654;1937;1926;2102;2505;2474;2558;2244;1531;1287;930;766;764;620;705;726;610;587;442;397;333;390;295;328;266;246;234;223;206;185;141;108;81;56;56;84;108;119;138;165;245;482;796;1153;1365;1352;1298;1568;2212;3082;3679;3979;3737;3250;2647;2184;1841;1602;1355;1181;1115;1096;1005;870;692;500;332;232;170;144;137;126;117;111;120;144;160;151;132;103;83;78;72;57;85;98;90;91;73;70;81;68;55;45;67;92;84;105;129;112;79;78;130;177;190;196;193;142;101;83;64;54;77;76;50;47;58;79;87;87;96;117;145;171;173;153;116;95;89;83;70;60;59;57;52;47;59;83;87;70;74;74;70;75;66;84;80;56;47;48;85;89;68;62;71;95;99;76;75;99;106;85;59;54;61;77;64;43;47;78;113;138;139;128;112;120;141;145;136;130;126;126;118;100;79;70;59;57;59;70;84;106;142;161;153;147;136;94;88;112;141;172;188;183;163;139;121;110;102;104;107;112;132;147;147;125;102;104;118;132;144;147;145;143;126;108;99;104;130;149;145;125;93;66;53;46;46;50;56;64;67;66;67;62;55;40;31;29;34;39;32;51;86;118;137;135;110;91;114;153;162;126;101;109;110;98;94;93;77;71;72;77;91;94;72;57;74;97;97;77;50;37;25;13;8;10;18;25;28;27;25;20;13;15;20;24;22;19;34;64;90;85;58;48;51;64;54;50;61;53;51;48;37;46;56;45;44;56;42;42;39;34;33;49;50;37;49;53;51;41;37;33;24;26;28;28;23;17;11;7;6;5;7;10;15;21;24;23;17;8;4;4;6;5;11;53;95;121;134;129;104;84;95;110;116;117;115;111;118;130;122;106;112;124;136;137;123;122;139;139;129;110;89;67;47;33;23;16
2025-12-15T16:00:01.160532;Gravel;low;0.0000;200;100000;135;199;224;253;260;251;242;239;218;206;189;170;155;130;116;96;88;78;72;76;70;118;228;354;596;868;1188;1577;2134;2756;3354;3985;4056;4063;4060;4054;4054;4060;4066;4052;4063;4058;4077;4058;4074;4059;4072;4062;4072;4059;4065;4051;4060;4060;4063;4060;4062;4065;4065;4054;4000;3979;3804;3744;3516;3239;2860;2537;2158;1895;1580;1381;1135;997;819;736;604;530;450;403;354;305;299;237;249;173;197;140;161;129;149;141;148;153;150;160;142;163;132;149;111;119;92;110;93;119;100;130;104;136;108;141;120;147;133;142;137;131;141;124;160;141;164;147;143;137;117;141;119;141;130;136;135;131;136;117;124;94;107;89;102;95;107;110;115;124;113;122;104;110;90;88;73;81;86;108;118;140;139;150;145;162;161;184;177;192;176;179;166;165;153;145;147;146;167;175;208;214;231;230;232;222;209;192;168;149;119;106;83;74;77;88;114;135;170;185;211;209;210;185;164;131;99;68;59;58;81;93;123;138;165;176;199;206;222;225;232;234;229;223;215;208;200;196;194;198;197;200;184;172;143;122;88;63;41;30;29;33;40;48;51;59;54;53;42;43;39;44;51;59;72;85;101;109;119;114;112;98;92;80;72;62;61;60;65;66;60;64;59;60;53;48;41;36;27;22;20;32;44;64;78;94;105;114;123;131;138;138;138;126;116;98;84;75;68;74;83;97;96;95;85;85;91;113;133;151;159;167;173;180;181;182;177;171;159;141;122;100;85;76;68;63;59;66;77;96;114;133;149;157;157;141;122;97;80;74;83;101;109;115;108;100;86;77;69;67;67;70;69;65;57;49;35;20;19;23;31;39;48;56;59;59;55;49;39;32;26;23;33;42;56;62;72;78;83;83;83;81;80;79;82;85;94;104;118;131;138;137;138;144;157;171;178;177;168;164;159;157;146;138
2025-12-15T16:00:10.664531;Gravel;high;0.4004;50;100000;463;371;594;987;1006;1244;2578;3779;4068;4071;3985;3511;3022;2844;2312;2093;2348;2451;2709;2420;1703;1416;1062;784;736;596;627;652;542;545;409;408;328;373;286;320;254;204;167;165;182;209;195;184;184;171;156;122;103;108;156;180;275;479;731;899;945;1072;1335;1613;1997;2348;2584;2605;2295;1683;1214;1037;927;761;571;526;562;600;599;501;392;338;306;276;254;267;280;294;285;268;239;227;218;211;200;193;183;164;131;103;100;99;82;65;68;61;87;119;133;148;160;147;121;111;107;111;111;94;75;97;135;158;160;134;113;129;141;150;153;129;120;146;145;106;68;46;32;20;13;17;25;31;48;55;60;55;46;35;33;38;45;55;75;113;123;91;73;60;48;38;35;56;80;102;153;163;147;137;112;86;64;61;67;54;44;52;41;32;24;28;29;33;28;54;85;91;88;86;82;84;96;111;128;135;134;130;118;109;97;75;48;39;47;53;50;32;24;24;27;46;79;100;105;86;58;64;67;54;60;67;52;58;68;74;74;72;71;74;68;49;75;118;138;115;85;81;74;59;47;36;32;33;34;33;27;18;8;6;7;10;16;23;24;16;8;5;8;28;66;93;106;121;137;157;176;206;233;240;218;177;145;128;121;124;153;188;216;231;228;225;230;233;214;169;121;96;87;111;150;181;203;199;184;149;111;77;51;33;24;24;28;36;43;42;35;25;13;5;0;0;0;12;45;91;120;124;102;89;99;119;126;104;85;85;91;101;110;99;71;78;89;83;80;73;60;61;56;83;93;68;47;33;22;20;24;24;21;25;24;22;18;18;17;16;14;10;6;3;0;0;0;8;55;79;68;60;59;50;42;59;56;43;48;56;48;46;55;58;47;50;60;50;58;62;47;72;86;66;73;90;80;66;58;55;59;64;60;56;53;47;43;40;39;33
2025-12-15T16:00:20.152193;Gravel;low;0.0000;200;100000;136;200;225;254;260;251;244;242;220;208;190;171;156;131;115;97;88;77;72;76;69;119;228;354;595;868;1190;1578;2136;2765;3364;3990;4067;4063;4054;4049;4053;4054;4063;4056;4069;4061;4081;4057;4071;4056;4072;4058;4069;4062;4071;4054;4067;4060;4056;4054;4057;4062;4056;4051;3905;3863;3725;3514;3149;2811;2405;2092;1745;1525;1271;1143;971;900;765;726;627;591;517;501;470;473;479;493;515;538;577;592;633;627;670;642;677;629;659;610;638;600;620;580;588;545;537;492;474;433;400;358;317;282;246;231;190;190;143;145;92;80;84;61;97;105;140;159;180;211;220;256;252;284;263;266;236;218;199;179;187;174;202;204;245;248;263;247;232;213;179;169;125;110;93;85;105;107;139;134;152;144;153;148;148;139;128;129;116;131;117;123;114;113;109;105;117;117;138;134;144;140;136;125;113;100;102;104;123;141;173;200;237;263;291;307;316;317;305;301;284;278;260;251;228;213;178;162;141;143;141;165;179;206;221;236;241;250;251;252;246;238;230;209;195;170;161;139;129;109;103;93;95;95;97;100;109;116;123;133;125;121;103;94;81;79;78;83;86;90;95;96;100;99;109;109;112;101;92;77;69;60;59;59;56;58;59;59;58;67;73;90;102;119;128;131;129;134;142;156;164;171;172;172;173;173;177;174;175;172;180;183;194;204;220;235;250;259;264;264;253;235;202;168;137;119;114;114;116;122;130;143;156;174;183;196;200;206;207;209;214;222;226;224;216;199;186;169;156;136;117;97;82;65;44;29;19;13;10;12;16;27;44;64;84;106;140;171;206;227;244;252;263;257;254;240;228;208;187;163;132;97;64;55;66;80;98;111;123;133;140;141;141;140;139;138;136;141;144;149;150;152;151;150;142;132;124;109;93;75;61;52;47;45;48;50;46;41;38;41;44;57;75;82
2025-12-15T16:00:29.655036;Gravel;high;0.4005;50;100000;423;338;571;1016;1078;1021;2032;3197;3587;2937;2231;1717;1635;1917;1950;2139;2527;2492;2576;2275;1561;1310;945;778;769;626;715;737;621;597;446;407;331;375;275;280;193;167;178;209;229;242;236;234;217;164;134;129;131;128;125;133;258;483;739;870;901;1016;1307;1701;2155;2464;2571;2366;1889;1270;1072;1015;888;694;460;403;418;444;476;450;380;300;249;241;254;280;304;325;318;307;288;275;261;244;236;252;274;271;250;246;230;164;146;151;116;109;146;162;155;162;160;128;102;97;91;84;77;79;100;143;165;149;134;125;130;136;123;119;136;153;165;157;131;94;66;49;47;48;43;42;72;112;145;130;91;85;70;55;68;72;49;40;69;85;64;56;47;51;73;56;50;51;53;97;115;132;137;101;81;64;66;77;70;55;39;32;34;42;49;48;49;51;60;78;100;121;131;124;108;97;96;98;104;103;102;98;97;116;120;100;83;53;52;72;57;54;68;52;49;70;74;66;51;50;73;81;55;70;77;52;67;90;92;85;67;48;42;46;50;51;54;63;65;57;45;28;18;14;15;19;26;37;39;32;39;59;93;123;136;133;137;143;135;134;162;177;169;151;140;134;129;134;148;160;171;192;207;200;173;135;113;107;117;139;170;198;207;198;177;173;179;175;150;125;110;82;58;60;70;71;65;58;51;41;27;19;20;26;31;37;42;46;48;47;42;39;60;93;118;126;121;111;104;124;141;113;92;115;135;130;94;87;108;114;100;96;85;73;74;80;85;91;80;57;57;58;46;33;30;29;27;27;35;41;42;34;21;9;6;9;15;15;16;15;15;47;71;85;80;61;67;74;54;55;69;51;45;60;55;41;45;54;52;44;48;60;62;43;57;76;62;57;57;53;69;74;52;32;25;31;32;30;29;25;24;24;25;19;18;21;25;31;32;30
2025-12-15T16:00:39.194911;Gravel;low;0.0000;200;100000;137;202;229;257;262;252;244;242;220;209;192;172;156;130;115;97;88;76;73;76;69;116;218;338;581;856;1183;1580;2142;2771;3370;3992;4056;4057;4055;4057;4060;4059;4063;4054;4069;4055;4073;4061;4080;4063;4074;4058;4068;4056;4069;4058;4063;4059;4063;4059;4059;4060;4047;4050;3886;3790;3661;3398;3048;2721;2345;2062;1740;1526;1271;1131;942;845;732;683;588;565;541;561;569;591;613;617;642;637;664;658;676;661;682;660;694;664;699;662;692;644;655;594;583;518;487;423;388;340;297;272;232;237;204;226;193;212;182;199;178;189;177;192;179;192;187;198;199;202;203;201;204;199;209;200;215;200;210;179;180;151;163;142;164;154;172;169;183;180;189;179;179;175;167;166;156;161;151;170;160;174;164;168;164;175;177;183;189;195;202;201;207;198;208;202;214;203;208;193;197;185;187;173;164;144;135;124;128;130;139;165;189;230;244;257;252;246;239;230;223;210;201;186;179;161;149;120;104;91;92;107;138;166;208;233;266;280;296;290;285;264;240;212;181;149;113;89;65;59;65;71;85;81;77;53;34;31;37;49;66;74;80;77;76;68;76;77;87;92;102;111;121;131;140;150;156;161;158;164;163;169;167;169;162;163;156;150;134;123;107;98;85;81;70;66;64;48;36;30;25;29;36;43;53;64;78;85;99;108;122;131;137;149;161;172;186;203;222;246;262;277;283;289;284;279;266;253;235;215;192;166;147;141;138;140;139;136;129;116;103;92;89;91;102;118;142;159;173;174;175;172;174;173;174;178;186;199;217;236;255;267;269;256;228;195;157;121;100;90;93;97;98;100;97;96;90;86;84;91;96;102;106;115;132;155;179;194;202;199;197;193;190;188;186;182;181;178;176;168;158;144;135;124;117;109;99;94;88;83;76;72;64;58;58;70;84;100;112;123;129;135;134;126
2025-12-15T16:00:48.675500;Gravel;high;0.4081;50;100000;437;353;583;979;1008;1221;2523;3721;4062;4063;3906;3422;2946;2799;2295;2089;2347;2453;2709;2418;1703;1417;1062;784;732;590;613;626;529;549;414;415;332;399;306;335;296;296;279;275;279;268;209;170;118;106;112;128;133;113;106;135;225;351;438;437;606;988;1392;1586;1765;1879;1936;1970;1858;1739;1695;1586;1537;1504;1472;1325;1158;960;708;482;328;215;171;183;212;221;218;191;157;131;115;106;104;108;103;92;102;116;96;104;144;174;178;141;101;120;163;173;145;116;90;89;86;72;71;73;84;88;62;75;99;102;78;65;57;40;56;88;113;130;123;105;111;130;130;117;108;123;150;168;154;124;92;71;62;51;36;55;76;59;64;70;50;48;53;43;41;39;35;41;47;76;71;52;54;83;85;101;111;86;69;70;64;45;57;54;57;72;65;51;51;42;34;33;36;44;56;65;72;81;86;84;72;60;54;60;73;89;91;86;97;119;144;159;158;136;102;68;61;77;97;107;90;57;59;79;103;109;103;81;64;77;88;86;111;142;145;119;126;160;174;161;125;95;80;82;85;77;60;45;39;35;29;28;31;27;24;19;15;12;10;20;47;85;126;156;175;188;189;171;131;125;162;204;218;194;149;143;159;169;162;156;174;189;195;192;177;151;131;131;143;159;173;171;149;112;78;56;48;42;40;43;40;31;19;10;6;2;5;18;27;33;33;30;35;70;97;110;107;95;94;96;83;76;81;93;99;85;74;82;86;76;61;67;82;77;62;60;72;79;58;50;58;71;84;89;87;79;73;65;57;45;31;31;34;34;32;32;26;20;17;17;16;16;17;20;39;59;61;51;48;45;56;53;46;67;56;55;82;70;54;65;63;60;55;52;54;67;78;59;59;81;84;67;55;59;55;41;26;16;16;19;23;21;13;7;15;24;33;34;32;30;27;28
2025-12-15T16:00:58.103477;Gravel;low;11.694;200;100000;136;199;224;253;259;251;241;239;217;207;189;170;156;129;116;96;88;77;72;77;70;118;219;341;582;856;1181;1575;2138;2767;3369;3993;4056;4058;4055;4058;4060;4058;4063;4055;4069;4055;4073;4060;4080;4063;4075;4058;4070;4057;4067;4059;4067;4058;4062;4057;4054;4055;4052;4050;3910;3841;3719;3489;3125;2775;2356;2021;1648;1395;1110;956;756;673;546;486;413;409;364;391;363;373;344;329;296;262;244;198;196;156;160;122;143;105;137;105;133;118;142;142;162;178;195;222;226;263;253;291;257;270;218;207;153;132;93;82;62;72;48;70;51;74;51;71;48;59;47;46;57;72;91;113;126;156;160;192;183;200;166;151;101;74;58;62;68;94;103;146;162;218;242;293;314;346;360;375;384;387;388;373;367;331;308;249;212;154;117;75;52;39;41;44;66;77;113;132;172;196;236;260;292;308;328;339;348;361;368;389;390;397;369;344;297;254;208;163;133;98;85;66;61;70;83;110;128;155;166;179;181;184;192;198;217;220;230;219;216;199;183;159;133;104;74;55;51;64;86;103;128;134;143;132;125;109;108;106;121;130;141;140;138;131;128;120;115;114;116;119;120;124;118;117;104;96;81;77;70;77;85;98;108;121;130;139;144;152;158;160;159;155;160;158;156;136;113;84;55;35;31;36;50;61;79;91;111;129;149;163;179;195;212;224;238;248;254;257;250;243;227;208;183;160;136;120;106;104;106;125;148;178;201;226;246;270;290;307;316;324;324;324;320;312;301;279;253;216;183;146;117;90;72;58;53;53;56;58;59;53;52;54;65;78;93;104;116;131;149;162;159;152;141;137;130;126;123;122;124;119;107;88;68;49;35;22;24;38;57;80;105;133;158;169;177;176;171;162;154;143;135;128;123;122;114;102;81;59;47;41;49;61;82;105;125;135;133;131;123;125;112;99
2025-12-15T16:01:07.632379;Gravel;high;0.4047;50;100000;474;379;596;1027;1083;1023;2008;3177;3556;2900;2198;1700;1642;1927;1903;2069;2470;2460;2557;2262;1551;1295;936;773;759;622;722;751;623;589;444;412;333;384;282;309;253;249;244;226;186;133;100;83;77;88;90;104;115;122;131;156;249;389;457;443;653;1079;1497;1721;1771;1722;1655;1557;1426;1350;1341;1363;1432;1520;1495;1354;1144;896;601;403;289;189;155;174;202;206;202;173;131;93;70;60;65;80;91;100;100;97;80;61;59;51;55;83;107;120;111;95;91;83;80;75;55;70;72;71;93;86;66;78;83;68;50;46;35;49;90;117;118;112;120;117;117;129;135;133;128;142;161;164;145;115;95;84;72;54;32;26;35;54;72;89;115;108;89;91;104;85;73;62;75;83;109;104;69;44;61;80;69;66;60;56;38;53;66;59;71;66;47;41;42;54;38;26;24;34;52;62;66;72;78;80;74;64;52;51;53;53;47;44;57;79;97;107;107;99;103;120;144;161;158;123;94;92;100;110;108;92;69;54;74;95;100;112;125;121;98;120;168;206;199;145;112;128;146;155;141;110;75;51;39;32;34;48;59;55;43;31;33;40;43;40;34;33;47;73;91;106;116;109;112;143;174;197;183;141;135;162;200;216;199;183;178;174;163;142;106;94;109;129;136;135;126;115;98;79;53;34;31;26;17;9;10;15;17;20;24;30;37;47;54;54;47;37;25;37;56;76;89;95;89;72;69;77;60;64;76;71;72;73;56;50;57;70;58;53;60;60;58;41;45;58;53;45;32;20;24;42;57;65;62;54;39;31;32;32;31;28;21;13;6;14;30;48;65;76;90;113;98;77;56;72;64;50;59;40;50;71;52;56;68;55;51;52;44;50;64;71;48;58;87;87;59;61;70;66;49;37;36;38;38;37;32;26;19;14;16;21;23;22;20;20;21;21
2025-12-15T16:01:17.162772;Gravel;low;0.5973;200;100000;135;200;225;254;260;250;242;240;219;208;190;170;155;131;115;97;88;77;72;76;69;119;226;352;592;867;1187;1576;2136;2765;3365;3990;4056;4063;4064;4063;4062;4056;4062;4054;4068;4056;4075;4061;4078;4062;4075;4057;4069;4056;4066;4057;4064;4057;4061;4058;4060;4059;4053;4056;3918;3854;3730;3515;3162;2815;2400;2061;1684;1426;1129;967;762;674;545;487;413;421;381;427;404;428;391;385;344;308;276;224;208;162;151;115;113;88;97;77;87;69;84;77;93;107;124;153;160;198;190;233;205;224;178;174;129;115;82;79;58;69;46;62;43;59;41;56;43;46;48;49;66;83;104;129;141;170;173;207;199;215;179;160;109;79;61;70;81;114;134;181;208;269;300;354;375;409;422;436;439;438;437;420;409;365;337;272;232;169;132;86;72;56;66;72;99;114;155;174;217;240;281;301;333;348;365;375;384;395;399;415;415;421;393;363;311;266;216;170;131;92;71;48;43;54;68;97;114;143;154;170;178;188;207;221;245;250;260;246;242;222;206;178;150;119;86;60;48;52;72;87;109;115;121;108;102;86;89;89;106;115;130;131;132;123;119;114;114;116;117;124;125;131;120;113;92;80;62;56;51;57;68;88;104;126;143;158;169;182;193;200;202;203;208;210;207;184;155;117;87;57;45;43;48;53;67;77;100;120;141;156;172;186;203;214;223;228;229;228;223;216;201;183;161;143;117;100;85;78;82;99;120;147;166;189;210;233;244;257;262;268;265;262;255;247;239;223;202;168;139;107;85;61;44;30;24;25;29;32;36;29;19;18;29;42;58;72;88;103;121;139;138;134;124;119;112;107;104;104;105;98;90;77;67;50;36;30;30;36;47;65;83;103;121;130;137;133;134;130;128;121;118;118;118;117;106;95;80;70;69;71;80;86;93;99;104;101;90;84;79;73;57;49
2025-12-15T16:01:26.560384;Gravel;high;0.4019;50;100000;406;329;568;972;1008;1219;2524;3725;4062;4062;3912;3428;2957;2809;2306;2098;2354;2462;2721;2429;1712;1419;1069;783;728;588;626;652;545;545;406;397;323;353;272;315;261;234;210;214;241;269;258;233;183;123;106;114;120;98;76;108;254;440;568;578;737;1064;1408;1548;1666;1755;1817;1867;1784;1700;1690;1613;1574;1525;1477;1335;1184;1013;756;489;336;227;187;177;205;228;211;184;167;148;117;100;112;104;103;109;87;85;93;76;91;98;94;111;138;141;153;144;98;74;75;62;40;33;27;24;28;43;55;64;67;65;53;37;24;32;57;90;112;124;113;99;115;145;155;121;88;83;130;171;153;101;74;68;86;85;77;57;59;76;73;57;77;85;89;71;59;66;62;78;108;108;87;62;49;52;62;69;68;59;48;35;24;19;22;32;45;54;58;51;36;26;46;73;85;91;102;126;159;187;196;176;145;137;156;181;201;204;181;162;146;110;76;86;118;141;156;167;165;160;162;168;173;171;166;168;164;154;141;120;93;76;54;45;58;77;97;122;135;146;135;116;93;79;70;68;68;60;44;31;48;75;96;102;87;84;84;75;75;93;94;74;60;64;70;77;77;72;51;67;103;112;92;101;100;73;83;91;71;49;52;65;76;81;76;69;56;50;43;35;26;22;22;28;41;49;51;50;43;42;59;61;49;49;37;43;55;43;30;43;43;34;42;37;34;29;37;36;26;38;49;36;38;46;45;29;43;65;51;52;70;83;84;78;66;46;27;14;13;15;17;17;16;23;37;50;65;76;77;69;56;45;36;36;38;78;117;138;130;112;106;93;81;100;131;145;125;107;109;116;137;153;145;117;123;148;159;138;108;121;151;164;158;142;116;89;58;36;32;34;34;28;22;22;21;15;8;17;28;36;49;64;94;128;173;213;228;245;256;268;284;284;275;251
2025-12-15T16:01:36.110829;Gravel;low;0.5919;200;100000;135;198;225;253;259;250;242;240;219;207;189;172;155;130;115;96;88;76;72;76;70;117;216;336;580;856;1185;1582;2142;2782;3385;3998;4055;4058;4054;4057;4060;4058;4064;4056;4068;4056;4073;4060;4078;4063;4075;4058;4068;4056;4068;4059;4065;4059;4062;4058;4060;4060;4051;4056;3915;3844;3715;3490;3134;2790;2376;2044;1668;1416;1129;976;774;689;567;513;433;438;394;430;402;415;378;359;321;278;252;195;187;141;140;101;114;79;107;79;103;96;115;117;137;154;169;197;199;235;224;261;224;238;185;175;123;101;84;71;59;71;65;84;74;96;82;104;83;100;73;73;57;57;66;84;94;124;132;169;168;194;171;166;132;108;79;65;44;62;63;98;111;164;190;244;271;310;331;354;362;367;366;350;337;301;270;214;179;122;93;64;55;53;61;70;91;103;137;153;193;214;252;268;295;305;320;327;332;340;342;358;359;373;346;323;280;240;200;158;130;93;76;;;;;;;;;;;;;;;;;;;;;;;;;;;;;;;;;;;;;;;;;;;;;;;;;;;;;;;;;;;;;;;;;;;;;;;;;;;;;;;;;;;;;;;;;;;;;;;;;;;;;;;;;;;;;;;;;;;;;;;;;;;;;;;;;;;;;;;;;;;;;;;;;;;;;;;;;;;;;;;;;;;;;;;;;;;;;;;;;;;;;;;;;;;;;;;;;;;;;;;;;
2025-12-15T16:01:45.604484;Gravel;high;0.3990;50;100000;432;345;576;1016;1072;1020;2036;3209;3597;2924;2168;1649;1633;1968;2091;2336;2724;2642;2667;2331;1596;1336;973;791;758;613;722;752;623;584;439;413;333;378;278;303;244;239;248;255;241;221;162;131;106;85;65;61;57;45;54;115;302;521;636;597;700;1072;1504;1698;1813;1828;1754;1638;1401;1208;1197;1234;1321;1361;1340;1190;1016;829;618;435;293;192;178;208;238;245;241;214;178;160;147;140;133;130;133;161;186;175;132;132;148;136;97;78;84;132;177;183;157;139;121;123;141;147;146;135;104;92;114;150;170;167;156;149;151;164;168;158;128;82;70;66;45;47;68;95;105;111;133;149;132;93;61;56;57;49;30;23;23;29;38;47;48;40;41;44;44;37;26;33;46;42;77;114;132;155;159;124;91;104;113;116;103;89;82;99;103;71;74;88;75;71;73;75;64;44;53;77;88;82;61;37;29;35;47;58;68;72;61;49;66;90;110;117;106;89;76;65;55;64;70;47;55;62;54;34;40;50;50;43;59;64;42;35;57;91;98;128;150;141;129;120;88;83;87;69;70;71;50;55;50;33;30;45;67;69;55;37;30;33;37;35;34;29;29;29;24;24;34;53;71;85;88;85;82;89;94;73;87;104;84;90;110;99;68;80;103;113;91;80;85;97;115;118;88;70;88;110;128;122;108;96;93;89;73;48;29;18;9;14;22;26;25;18;10;10;11;13;13;17;22;26;27;37;68;111;149;179;196;196;200;201;205;222;237;241;231;220;217;212;201;194;184;169;170;185;219;241;224;181;157;162;171;183;194;183;155;112;74;50;35;28;27;27;31;36;38;31;20;10;9;10;12;16;25;50;71;89;131;163;159;122;103;99;104;112;108;112;125;107;85;93;106;101;86;86;78;76;90;88;68;66;82;82;68;66;57;40;28;18;18;21;24;29
2025-12-15T16:01:55.085511;Gravel;low;0.5967;200;100000;137;200;226;257;261;253;244;241;220;211;192;172;157;132;117;97;89;78;74;76;71;119;221;343;584;854;1175;1568;2127;2747;3341;3980;4056;4057;4054;4058;4060;4058;4064;4056;4068;4055;4077;4061;4079;4063;4075;4058;4069;4057;4067;4058;4065;4058;4061;4058;4060;4059;4050;4054;3905;3823;3693;3438;3069;2719;2308;1985;1621;1376;1095;944;744;665;547;499;426;436;396;433;409;426;399;386;353;311;289;230;231;176;182;131;150;105;133;103;124;111;128;128;149;160;174;197;201;230;223;256;223;240;190;189;138;132;89;94;61;82;56;81;59;80;54;68;47;51;48;38;50;58;78;95;104;129;131;162;156;176;148;137;100;69;72;64;74;91;104;140;156;211;237;292;314;351;366;385;390;389;385;365;352;313;286;227;186;125;92;65;57;56;65;73;96;110;147;163;205;227;267;283;310;323;338;347;352;361;365;384;384;394;370;349;306;265;219;175;141;103;83;53;42;42;46;71;85;113;128;148;159;171;187;204;228;237;252;245;246;227;212;188;163;135;103;86;65;61;70;84;100;108;119;114;117;107;111;111;126;131;138;134;132;128;123;117;113;114;115;118;118;121;115;111;93;82;67;66;69;83;96;117;133;150;160;171;174;180;182;182;178;174;175;171;167;147;124;98;76;60;43;40;43;48;60;74;96;113;133;148;165;179;197;208;218;226;233;235;229;222;207;192;172;153;125;103;84;76;81;99;120;149;169;190;207;228;242;258;263;266;261;256;248;242;232;214;192;163;147;112;91;67;49;38;34;36;39;47;40;35;29;30;41;53;68;78;91;104;120;133;133;129;121;118;112;105;107;108;112;108;98;82;68;50;37;38;44;56;66;80;95;113;131;139;146;147;147;140;135;131;132;132;134;136;132;122;104;87;70;61;60;58;64;66;73;78;78;79;76;75;67;61
2025-12-15T16:02:04.585563;Gravel;high;0.3999;50;100000;439;355;584;980;1006;1224;2537;3729;4063;4051;3737;3197;2730;2613;2122;1969;2283;2413;2685;2412;1700;1415;1060;788;727;583;617;636;543;552;425;441;349;361;273;310;243;226;212;203;200;193;152;118;88;54;39;31;22;18;23;128;295;481;536;476;684;1101;1434;1605;1705;1714;1656;1585;1497;1487;1525;1577;1606;1653;1629;1540;1360;1167;931;681;465;330;301;291;276;277;272;227;174;161;161;160;162;152;138;129;122;112;88;60;44;33;23;16;10;10;18;31;38;37;29;51;88;95;92;107;90;74;92;106;104;89;77;78;70;82;123;166;188;173;122;96;90;76;82;106;136;173;203;208;193;166;134;105;80;55;37;34;44;55;64;70;70;67;83;109;128;129;116;94;86;84;77;96;123;140;162;194;220;222;208;201;192;172;142;143;162;175;167;150;148;136;117;106;83;77;111;148;165;168;153;118;88;67;58;59;66;69;62;50;49;64;76;84;84;82;78;66;55;50;66;101;128;135;112;75;62;66;79;85;58;60;69;81;95;94;90;134;171;167;152;148;121;78;73;75;56;71;72;60;74;78;68;66;73;74;69;55;43;40;41;38;34;29;28;28;25;22;26;38;54;66;71;69;64;71;72;66;100;108;77;61;58;59;60;43;57;83;75;50;53;66;53;44;55;67;69;52;54;74;72;60;57;54;46;33;23;18;21;32;42;44;37;26;15;15;16;15;12;14;16;19;17;14;15;50;88;108;119;131;135;131;125;136;159;168;156;151;144;133;136;147;154;164;184;209;210;164;145;166;200;220;220;213;190;154;132;141;163;186;199;196;184;181;174;159;131;95;68;52;39;31;29;32;37;44;53;64;68;65;55;43;29;18;8;7;10;37;83;112;121;136;165;192;194;177;170;175;175;159;137;139;152;150;137;126;115;111;120;130;124;98;88;94
2025-12-15T16:02:14.030787;Gravel;low;0.5994;200;100000;136;200;226;255;262;252;244;241;219;209;190;172;157;131;116;96;88;78;72;76;72;122;227;350;590;861;1182;1572;2131;2749;3337;3979;4056;4059;4055;4058;4061;4058;4063;4055;4068;4055;4073;4061;4079;4063;4076;4059;4069;4056;4067;4060;4065;4062;4062;4058;4059;4060;4045;4041;3847;3793;3595;3300;2891;2521;2097;1786;1446;1232;995;875;719;674;556;538;464;437;388;405;375;374;352;339;323;298;291;260;267;221;249;205;243;211;247;226;252;247;261;261;262;267;257;267;247;260;225;233;189;192;146;158;118;128;94;110;84;109;88;103;84;78;80;58;73;47;57;49;49;57;47;75;65;94;89;108;111;121;132;131;143;139;157;143;155;128;120;83;69;50;53;59;82;94;116;122;145;148;174;177;201;189;199;177;175;155;148;129;117;95;77;53;48;41;66;80;118;138;175;194;221;230;244;249;256;265;274;300;306;320;313;312;299;288;272;253;236;208;187;150;120;78;60;83;102;138;163;193;212;230;242;248;251;238;229;200;180;147;122;90;72;51;46;35;32;23;23;17;20;23;35;40;54;60;74;77;84;86;95;99;105;105;106;105;103;102;98;100;95;93;78;64;40;29;19;20;20;28;30;38;39;43;37;36;30;31;31;42;51;66;72;76;73;67;58;59;66;86;105;126;145;161;177;190;200;208;217;227;244;254;261;256;250;246;248;252;261;268;270;267;254;244;231;229;223;224;223;234;246;264;274;283;283;285;277;272;261;258;254;252;248;240;229;215;202;189;179;168;159;150;150;149;154;152;154;153;152;145;138;125;113;102;93;91;97;111;129;143;155;166;179;194;208;221;231;241;247;257;260;261;256;250;238;226;208;197;186;181;177;175;174;181;186;199;209;221;230;238;243;246;248;245;240;229;216;197;180;159;146;136;129;116;103;86;69;54;48;43;42;41
2025-12-15T16:02:23.503152;Gravel;high;0.3948;50;100000;434;349;578;1018;1078;1021;2040;3212;3597;2924;2171;1649;1612;1950;2113;2385;2766;2658;2662;2317;1591;1346;971;809;780;622;727;743;631;621;463;398;346;373;292;342;296;291;292;289;249;204;140;109;89;74;68;53;35;32;52;173;425;654;750;741;794;1186;1672;1953;1991;1860;1652;1449;1423;1546;1754;1810;1798;1728;1575;1361;1137;978;822;676;529;431;345;275;252;282;306;280;226;195;189;170;124;87;85;115;158;186;203;214;222;210;195;161;111;76;68;61;59;50;39;50;68;78;86;99;117;119;98;102;89;90;131;163;168;169;171;154;135;138;146;143;132;133;155;165;136;104;125;157;177;180;167;146;130;128;150;165;156;140;129;136;141;133;140;148;139;116;86;69;77;100;113;112;86;75;84;88;77;61;62;70;70;68;76;87;118;158;185;183;169;153;110;102;124;130;121;132;115;84;96;87;90;100;73;64;59;58;83;87;64;54;50;66;69;53;60;78;87;86;74;50;33;29;31;40;55;64;59;41;25;27;31;28;34;50;58;88;120;126;103;112;109;91;94;77;56;55;35;37;49;43;59;75;60;66;60;42;36;34;26;31;37;36;30;50;64;50;49;48;43;39;39;40;41;41;45;46;40;30;28;32;31;30;24;17;11;15;18;17;30;50;64;79;112;130;105;84;100;123;125;95;85;101;115;110;83;78;101;134;143;111;90;103;110;91;74;60;55;55;54;45;30;29;39;36;32;23;13;12;13;15;11;11;14;64;128;162;161;156;169;201;222;243;271;281;269;250;234;234;236;239;245;234;209;192;192;204;215;226;228;214;179;162;167;183;188;176;151;120;93;82;75;70;59;44;29;31;40;48;49;45;34;27;27;24;44;80;119;154;169;152;132;123;126;117;109;114;120;114;109;112;110;98;94;92;90;92;93;85;77;87;84;60
2025-12-15T16:02:33.025158;Gravel;low;0.6144;200;100000;134;197;222;250;256;247;239;237;216;205;187;168;154;129;114;96;88;78;72;76;72;121;222;345;586;862;1185;1580;2139;2757;3343;3977;4055;4057;4055;4058;4061;4058;4063;4055;4069;4055;4073;4062;4079;4062;4075;4059;4070;4057;4068;4058;4068;4057;4060;4056;4057;4057;4046;4045;3870;3784;3589;3289;2884;2538;2157;1888;1583;1399;1168;1054;873;810;699;651;559;520;460;456;409;404;368;350;321;296;283;242;240;186;195;154;173;139;175;142;180;150;177;157;177;171;183;185;188;210;203;239;226;271;254;278;254;256;225;216;183;172;153;145;133;116;103;84;72;65;52;64;60;71;77;76;93;82;103;82;85;72;69;61;59;59;61;70;72;94;90;116;107;130;122;141;138;153;155;172;176;185;185;184;179;170;166;160;161;164;176;182;196;198;215;219;239;236;248;235;240;230;238;233;233;225;221;210;204;200;198;204;208;223;220;222;199;183;158;138;117;102;92;80;71;52;43;30;22;41;57;81;99;112;128;137;153;159;172;163;162;142;128;113;103;117;123;140;146;155;155;155;154;145;136;116;106;100;105;112;125;131;141;136;136;125;125;123;131;138;155;168;181;192;197;202;202;204;203;207;211;222;233;246;253;262;262;267;261;256;236;215;192;174;156;139;119;97;81;70;67;74;84;102;124;145;165;178;197;211;230;239;251;260;274;283;293;298;306;313;318;317;314;314;308;303;291;284;273;269;260;261;265;276;280;284;277;275;268;262;252;244;237;233;227;219;207;194;175;157;145;137;137;139;149;156;168;177;187;192;198;198;196;188;180;170;152;131;105;91;77;72;58;48;34;28;23;23;25;29;35;45;54;69;83;103;123;143;156;165;179;190;206;215;225;228;230;224;214;197;182;165;152;137;122;109;100;94;90;85;76;62;53;53;67;86;108;124;133;137;136;131;114;97
2025-12-15T16:02:42.535416;Gravel;high;0.3941;50;100000;423;339;576;977;999;1234;2566;3754;4063;4045;3705;3157;2706;2618;2151;2003;2313;2440;2711;2443;1749;1476;1126;825;749;591;641;669;553;541;406;405;335;384;289;311;250;234;224;215;200;171;114;96;85;86;76;73;71;74;82;240;449;574;570;428;721;1300;1689;1721;1582;1179;1035;1220;1357;1446;1525;1431;1385;1443;1566;1526;1429;1264;1041;780;554;382;270;226;219;219;205;192;188;181;172;157;138;116;107;103;108;101;87;71;82;115;129;142;151;123;94;97;93;79;96;82;58;54;57;48;34;30;29;42;47;33;33;46;60;73;61;62;85;104;96;71;59;78;94;91;95;116;149;179;183;172;149;128;109;84;59;38;24;21;24;34;38;48;83;128;158;154;118;93;114;156;176;150;102;117;146;158;162;143;103;91;94;96;106;123;138;145;136;105;76;86;113;129;132;133;144;153;146;134;115;100;92;82;65;52;49;52;60;67;66;62;64;70;67;84;128;180;216;233;234;224;202;172;142;130;124;122;134;147;153;147;144;160;171;152;111;74;82;120;144;134;105;69;51;61;79;86;74;51;31;23;25;27;26;20;9;12;22;27;28;21;37;61;72;80;69;57;71;60;48;59;62;66;55;41;55;80;77;65;87;102;87;79;88;68;53;46;37;48;48;37;53;61;64;61;55;49;47;47;46;37;24;12;5;0;2;9;17;21;21;25;28;27;25;19;13;35;56;64;59;56;54;41;48;57;48;46;70;76;58;54;55;72;72;56;74;81;60;62;78;93;93;71;72;86;95;87;76;70;76;78;73;55;37;23;15;13;17;24;35;44;45;37;29;19;41;88;126;143;156;162;162;171;197;211;213;213;203;181;171;175;183;193;197;206;220;226;224;205;182;184;202;226;245;256;250;227;216;221;219;218;217;216;219;210;176;123;83;70;71;70;64;57
2025-12-15T16:02:51.975081;Gravel;low;0.0000;200;100000;136;200;226;255;261;252;243;241;220;208;189;171;156;130;117;97;88;78;74;76;72;126;226;349;589;860;1180;1572;2129;2744;3326;3972;4056;4056;4055;4058;4060;4058;4063;4045;4059;4057;4077;4059;4074;4059;4083;4058;4063;4053;4069;4054;4059;4056;4061;4060;4069;4065;4044;4037;3861;3774;3612;3307;2921;2573;2188;1893;1575;1372;1131;1002;826;742;637;583;494;466;403;412;369;375;341;322;287;252;239;182;192;122;141;94;114;85;110;102;123;128;144;155;169;187;197;224;224;261;253;298;278;313;285;299;267;263;225;212;181;167;150;138;124;104;95;72;62;59;42;53;43;47;52;42;66;51;68;60;59;62;57;59;59;67;70;90;95;126;129;161;160;185;182;205;207;225;227;240;240;243;241;234;223;204;188;173;167;166;172;176;186;193;211;215;237;238;256;248;259;252;262;260;263;258;255;248;244;242;240;246;249;266;259;254;225;201;171;148;124;107;92;80;69;54;44;37;38;57;76;101;123;146;167;184;206;214;232;223;221;199;178;152;130;118;104;103;100;104;108;114;119;116;114;100;92;86;92;100;117;124;136;130;129;117;112;106;109;115;129;141;153;165;171;178;174;174;172;176;182;199;213;233;241;256;259;265;258;250;232;215;193;174;156;140;121;101;85;80;83;98;115;134;155;172;189;197;208;213;223;226;230;233;241;244;250;254;257;258;256;252;248;246;244;245;243;247;246;251;252;261;267;279;277;277;270;264;255;246;236;229;221;215;206;194;177;158;142;131;124;123;124;132;138;143;148;147;146;138;131;125;124;120;113;106;93;80;66;59;53;50;41;36;28;24;24;23;23;20;18;15;17;21;26;37;50;65;75;87;102;123;149;173;194;204;210;208;204;192;178;163;148;133;115;97;75;56;36;20;19;27;43;60;77;91;106;118;122;121;112;102;86;74
2025-12-15T16:03:01.462617;Gravel;high;0.3943;50;100000;410;330;564;1011;1078;1016;1982;3142;3530;2868;2119;1614;1615;1958;2085;2349;2740;2637;2640;2293;1583;1348;993;805;763;617;725;740;618;588;437;402;346;411;320;341;290;287;293;300;287;258;221;210;192;172;157;137;133;119;125;254;440;560;547;396;650;1245;1698;1775;1539;1128;1127;1303;1385;1362;1329;1273;1336;1446;1549;1478;1330;1104;841;611;472;361;272;221;190;212;228;226;204;157;135;149;148;108;104;122;115;85;80;105;129;123;120;151;152;110;77;68;72;80;87;83;65;42;29;26;20;13;15;20;28;34;34;37;41;51;68;77;106;129;101;72;47;64;80;58;54;94;133;150;166;161;117;102;104;78;56;49;48;45;38;62;73;58;64;83;81;65;84;100;97;93;92;95;95;100;97;84;76;77;70;54;36;24;30;38;43;49;60;72;82;108;131;142;147;128;98;115;144;154;142;114;76;75;86;92;99;103;88;88;108;128;137;131;105;79;95;133;160;163;154;141;118;91;62;43;36;37;37;39;37;30;32;50;72;85;93;103;117;123;111;109;131;160;183;188;163;140;145;162;168;164;175;180;164;152;148;143;128;121;136;143;135;132;128;111;118;135;123;89;60;45;32;17;16;22;28;38;45;50;54;56;58;58;54;45;34;38;57;73;84;99;107;91;64;61;78;95;87;64;71;77;75;69;57;58;60;47;51;59;54;42;45;55;52;45;40;32;24;18;16;15;13;14;19;23;30;40;47;47;44;33;20;21;22;25;27;31;32;30;32;56;76;81;59;70;59;57;83;73;93;109;78;68;71;61;52;62;71;50;60;79;61;58;67;61;54;64;76;75;60;49;41;34;29;22;18;21;26;30;33;27;19;13;10;13;16;17;21;25;41;66;95;128;155;169;153;132;147;157;155;157;160;155;160;170;181;182;156;145;174;198;198;183
2025-12-15T16:03:10.953126;Gravel;low;0.0000;200;100000;136;200;225;253;260;251;242;239;217;207;190;170;155;130;116;96;88;77;72;76;71;121;227;351;591;863;1181;1569;2125;2742;3330;3975;4056;4062;4058;4063;4057;4050;4057;4052;4069;4061;4078;4057;4073;4066;4076;4053;4063;4059;4072;4056;4059;4055;4060;4067;4062;4059;4044;4039;3867;3779;3610;3313;2925;2582;2192;1899;1574;1369;1126;1004;829;755;653;603;520;498;441;458;419;430;395;387;343;311;282;228;218;159;159;114;126;89;115;79;109;88;110;106;125;130;145;162;169;200;195;235;220;262;240;263;236;241;208;200;171;165;148;142;128;112;99;81;69;67;54;66;59;68;66;68;82;66;83;65;67;53;53;48;54;54;58;73;77;102;102;128;122;146;141;163;162;181;180;196;197;202;196;189;178;168;161;159;158;164;173;178;189;193;207;206;224;221;236;225;231;218;227;223;226;221;218;209;205;203;204;214;219;236;234;235;211;193;166;144;123;106;95;83;73;57;45;32;28;45;62;88;109;125;145;157;176;183;198;186;182;164;148;132;121;133;135;144;145;151;154;155;152;143;133;118;110;107;111;115;129;134;144;135;131;117;115;108;119;128;144;160;176;190;200;208;208;210;207;210;213;225;236;252;259;271;273;280;274;266;248;230;207;188;168;152;132;112;97;93;97;110;128;147;170;189;207;215;228;236;248;253;261;267;274;276;280;281;284;282;279;276;273;273;272;271;267;272;270;272;272;278;285;298;300;302;295;292;284;278;267;259;250;244;237;226;211;195;179;170;162;159;155;156;160;163;165;160;158;153;151;145;144;140;135;125;108;88;66;50;42;37;25;13;10;10;12;11;13;10;6;6;11;25;39;55;72;89;104;119;134;148;167;184;202;208;209;201;190;178;165;148;130;110;93;77;61;49;37;25;19;19;28;40;61;85;107;125;131;133;128;121;105;88
2025-12-15T16:03:20.375610;Gravel;high;0.3933;50;100000;408;331;569;974;1002;1245;2579;3765;4071;4041;3698;3158;2710;2598;2107;1957;2275;2409;2683;2420;1716;1427;1078;793;739;593;629;662;553;551;411;401;333;381;286;311;250;241;236;231;220;210;170;131;105;74;46;45;73;107;104;237;475;670;698;558;747;1273;1658;1806;1884;1861;1916;1969;1948;1903;1813;1717;1685;1737;1714;1664;1567;1410;1183;890;609;382;256;205;197;191;188;189;183;167;145;120;107;92;75;55;38;30;29;48;58;72;116;174;204;169;133;128;111;85;76;68;62;51;52;96;116;105;113;92;71;56;56;84;84;70;73;102;116;101;106;110;87;55;39;39;41;46;66;91;110;109;97;82;77;81;85;86;76;57;51;59;72;73;60;61;81;99;109;95;78;95;147;160;144;140;112;84;58;73;87;72;70;73;52;45;57;86;90;80;92;98;91;77;57;71;94;109;114;108;103;91;76;64;60;59;56;56;54;56;58;54;40;27;25;32;36;30;21;33;60;84;98;112;136;145;117;99;109;123;129;126;131;150;155;145;138;115;110;126;138;132;125;122;118;131;159;171;141;108;114;130;143;150;168;181;180;180;174;154;122;92;73;64;54;51;46;38;29;23;18;19;26;34;39;42;38;34;35;40;47;60;71;85;116;140;138;114;110;114;108;113;114;101;98;99;84;82;85;94;106;90;72;90;97;80;70;68;65;72;73;55;39;30;23;22;17;17;28;42;48;50;41;28;18;14;15;19;18;17;21;24;32;66;84;78;63;56;49;52;45;39;46;45;40;38;30;55;73;75;92;87;55;49;66;56;51;57;45;54;65;54;44;57;60;53;34;33;35;32;22;17;20;26;31;33;29;19;14;13;11;7;3;4;9;14;24;51;95;132;140;111;92;99;111;114;106;102;106;112;123;131;118;115;118;110;123;152;151;125;114;123;126;121
2025-12-15T16:03:29.940887;Gravel;low;0.0000;200;100000;136;201;226;255;262;252;244;240;220;208;189;170;155;131;116;96;88;77;72;76;71;123;234;361;602;873;1187;1570;2126;2738;3316;3962;4052;4061;4060;4054;4054;4053;4068;4060;4064;4055;4074;4056;4074;4059;4073;4057;4075;4066;4068;4050;4055;4055;4063;4061;4059;4062;4058;4050;3865;3799;3637;3362;2975;2642;2261;1974;1655;1455;1209;1080;905;841;730;701;616;615;571;567;526;529;512;507;491;486;480;472;463;465;457;459;470;462;467;441;434;394;386;330;322;262;260;197;199;144;140;107;92;108;97;140;128;163;148;174;157;177;169;184;175;179;171;168;160;154;146;142;139;140;149;152;167;163;178;162;174;150;160;134;146;125;138;123;131;120;118;110;105;95;83;81;69;80;70;94;95;123;128;150;158;180;192;206;216;224;232;233;242;237;246;242;256;245;248;225;219;193;187;167;155;133;122;107;110;110;117;130;140;167;181;203;197;196;185;177;168;162;157;150;147;136;131;109;95;76;67;72;85;101;121;135;157;165;180;172;175;159;147;128;105;90;74;72;64;67;72;75;84;80;74;51;33;39;44;54;62;68;74;71;76;72;78;84;104;123;149;169;186;201;209;215;215;213;207;206;209;220;233;249;260;275;282;293;290;285;269;256;237;221;201;178;154;128;106;91;82;88;93;106;119;136;154;171;193;213;235;247;259;261;262;259;264;266;272;275;277;280;281;285;282;281;270;259;243;228;206;189;176;175;172;179;182;187;183;179;170;168;166;169;177;185;194;199;203;201;198;185;176;164;162;157;161;161;168;171;174;170;161;144;129;112;100;85;79;76;78;81;84;84;82;85;88;100;109;118;125;137;146;160;172;187;201;214;220;220;218;215;212;205;200;193;188;182;174;163;155;148;146;141;140;140;142;144;145;141;137;129;125;120;119;124;135;147;154;162;162;159;142;123
2025-12-15T16:03:39.456028;Gravel;high;0.3871;50;100000;480;379;595;1031;1080;1027;2079;3255;3641;2964;2189;1645;1606;1973;2219;2529;2899;2746;2701;2344;1603;1345;979;805;775;631;736;758;629;596;440;393;334;389;295;310;246;224;230;235;210;187;169;179;177;164;163;156;146;134;180;435;705;851;746;615;792;1293;1711;1965;2035;1983;2117;2209;2145;1972;1802;1692;1683;1766;1754;1640;1451;1197;921;651;435;273;177;146;147;153;154;157;152;137;118;105;100;120;122;93;87;88;77;67;98;130;130;122;142;146;105;82;80;55;61;64;45;31;54;98;110;133;124;92;77;64;71;67;77;83;68;78;105;97;78;61;43;30;35;46;53;60;73;87;96;90;75;61;60;70;77;80;68;46;38;49;62;66;57;50;84;137;161;129;83;78;125;156;134;117;113;102;109;94;73;87;84;65;81;84;90;94;69;80;109;112;101;93;80;61;52;57;72;88;100;94;79;71;73;80;79;78;72;67;65;58;65;89;115;129;120;116;123;125;134;143;148;144;130;133;158;175;179;179;179;190;198;200;190;163;131;104;106;136;157;153;142;126;105;110;135;156;140;94;101;111;103;84;74;71;55;45;37;29;21;13;12;23;35;43;43;38;30;26;22;30;64;99;112;101;102;105;91;70;68;94;115;104;69;75;95;91;70;64;55;61;67;60;60;54;42;58;68;67;48;48;59;66;61;49;35;27;21;14;7;6;9;12;10;9;5;9;20;30;33;32;22;29;55;53;51;47;41;32;46;61;49;60;68;47;42;56;50;42;46;43;39;44;55;55;40;53;91;104;87;100;93;78;72;52;32;32;38;44;45;40;37;33;31;32;35;39;35;27;16;9;11;14;17;20;52;98;138;156;145;121;111;112;118;132;138;130;131;142;146;149;146;132;136;151;154;155;157;161;163;154;150;149;134;100;65;58;60;61;54;44;37;30
2025-12-15T15:22:27.953437;Sand;low;0.7003;200;100000;135;198;223;251;257;248;241;238;217;206;188;169;154;130;115;96;88;77;71;76;66;104;207;327;572;858;1191;1590;2150;2773;3362;3985;4057;4063;4060;4054;4065;4054;4057;4050;4068;4063;4080;4059;4074;4059;4080;4058;4064;4058;4069;4054;4061;4055;4064;4061;4073;4063;4058;4053;4037;4056;3894;3879;3821;3666;3326;2937;2486;2093;1685;1368;1077;827;649;465;385;262;213;181;148;160;128;147;125;146;118;156;137;201;212;305;361;497;591;716;800;881;925;955;960;947;930;888;855;791;754;679;647;567;542;466;448;368;354;285;276;218;210;163;162;123;124;92;99;80;91;89;98;101;103;111;107;120;112;128;114;141;128;141;120;121;111;111;108;101;106;92;117;111;128;117;128;116;130;131;158;159;190;188;212;205;227;230;256;256;276;273;287;280;279;263;252;234;215;194;168;150;126;114;86;74;44;31;29;17;21;17;19;26;19;29;28;33;36;41;52;52;64;59;72;62;69;57;54;42;32;22;20;14;22;21;26;30;32;38;37;45;43;52;43;37;26;19;28;40;54;78;90;116;129;149;151;150;146;146;154;163;184;193;208;211;216;214;220;227;232;252;262;283;292;298;297;292;279;258;230;196;160;139;135;151;171;203;226;251;269;288;305;320;329;333;332;326;323;314;312;300;291;272;259;239;225;203;183;161;144;125;115;104;98;89;83;73;68;65;55;50;40;37;33;40;44;58;70;83;91;102;108;117;120;130;139;158;179;198;220;232;247;252;255;250;246;238;232;222;212;201;192;182;179;176;176;176;181;194;210;223;235;251;270;294;309;316;312;309;300;290;274;264;253;247;238;229;223;212;202;184;167;148;130;108;89;71;68;74;91;107;126;141;156;163;168;166;164;160;156;147;140;140;137;134;130;131;133;138;138;140;140;140;134;128;119;113;104;94;82;70;57;50
2025-12-15T15:22:37.326229;Sand;high;0.4255;50;100000;441;356;584;972;981;1221;2550;3768;4061;4060;4046;3652;3120;2881;2320;2113;2373;2482;2744;2474;1758;1448;1109;803;726;581;638;675;554;540;408;435;348;402;321;332;253;232;214;181;137;97;76;48;40;35;26;24;20;12;5;1;0;0;2;31;381;1208;2375;3465;4054;4059;4052;4053;4067;4068;4058;4054;4063;4068;4063;3926;3401;3009;2762;2628;2408;2061;1605;1177;790;572;514;500;478;492;504;476;403;350;277;189;153;144;131;126;144;141;130;109;85;69;61;64;61;50;42;45;46;44;39;33;30;26;25;30;47;86;130;185;222;213;233;345;503;662;833;1091;1278;1384;1324;1144;1311;1752;2138;2545;2693;2536;2125;1653;1180;866;725;684;623;535;459;421;380;362;352;331;281;224;177;141;109;80;79;97;108;116;114;98;67;53;55;67;77;90;111;137;165;178;156;111;93;112;137;144;144;129;108;116;145;164;164;152;111;105;128;149;117;121;176;204;178;130;158;207;222;185;122;103;82;119;198;269;286;258;252;252;238;219;215;201;176;166;169;177;185;178;166;164;166;175;189;217;239;237;243;305;418;533;646;708;731;659;552;452;382;308;213;166;192;224;221;181;129;122;122;120;117;100;72;74;72;60;64;72;86;79;64;80;91;84;70;61;55;50;42;39;39;37;31;28;24;30;49;68;81;81;80;105;151;188;206;241;225;149;106;100;89;77;101;105;92;103;92;70;68;48;58;58;87;91;108;128;100;80;86;96;79;89;79;65;54;55;81;86;75;69;65;60;50;41;40;36;24;14;16;27;39;41;36;30;21;16;16;20;23;27;30;78;137;161;129;108;118;116;102;89;101;112;109;101;106;130;159;144;97;118;152;154;139;130;125;132;136;135;123;108;95;78;71;71;78;82;75;61;54;50;44;43;49;61;72;83;94;99;107;112;128;136;163;195;206;209;211;223
2025-12-15T15:22:46.716249;Sand;low;0.6996;200;100000;136;200;225;254;260;250;242;239;218;207;189;170;155;130;115;96;87;77;72;76;66;107;211;333;576;853;1181;1580;2143;2766;3353;3981;4055;4065;4057;4050;4053;4055;4063;4055;4068;4061;4078;4066;4074;4053;4067;4055;4069;4063;4072;4054;4060;4063;4064;4055;4058;4062;4064;4058;4040;4056;3893;3890;3826;3679;3336;2957;2512;2119;1713;1399;1106;859;671;480;388;264;214;175;145;150;120;136;118;143;118;162;147;217;232;330;389;527;617;737;816;899;940;971;970;953;930;887;858;797;762;687;653;576;549;478;459;380;364;292;283;224;215;164;159;114;118;86;101;83;103;93;110;116;129;128;131;134;129;140;126;153;138;157;141;142;130;131;130;118;121;102;124;115;129;112;121;105;125;128;163;164;197;195;216;209;228;229;250;248;269;268;285;281;284;269;259;242;225;204;180;160;136;126;100;89;56;45;31;22;22;17;15;23;15;26;24;29;31;36;43;44;54;48;60;52;60;49;49;39;35;22;24;22;28;32;35;41;41;48;47;54;50;59;47;42;27;20;28;40;54;78;87;113;123;141;141;142;137;136;145;156;181;188;202;205;214;216;221;230;234;256;267;288;297;307;307;303;290;274;245;216;184;165;158;167;178;200;217;241;261;280;296;309;321;329;334;330;329;323;325;315;308;289;277;258;242;217;196;172;154;135;119;103;95;85;82;77;73;72;67;67;64;67;65;71;71;84;94;106;113;119;122;129;133;140;146;157;173;187;206;215;224;224;226;223;223;216;208;197;188;181;178;172;169;165;163;164;170;181;197;209;221;234;250;274;289;299;298;294;285;278;269;262;247;242;237;233;229;217;204;185;169;150;134;110;90;72;70;75;91;109;130;143;156;164;174;178;177;172;169;167;166;162;158;155;152;156;153;153;151;152;148;144;134;123;112;101;87;72;55;45;43;46
2025-12-15T15:22:56.210609;Sand;high;0.4260;50;100000;532;425;622;1028;1036;1028;2158;3335;3754;3124;2425;1888;1717;1953;1944;2117;2505;2512;2645;2375;1648;1353;998;779;736;608;719;764;604;539;409;396;330;384;309;337;276;246;240;240;218;183;132;95;73;48;31;20;19;17;31;58;99;134;155;158;338;1226;2649;3738;4066;4062;4060;4061;4051;4058;4067;4063;4059;4058;4071;3923;3642;3389;3251;2982;2680;2238;1668;1135;753;501;415;420;470;490;493;445;395;366;324;273;228;184;141;115;100;73;58;56;58;77;116;133;109;81;90;101;78;79;89;80;54;53;59;92;142;184;272;323;323;338;436;602;801;979;1055;1136;1339;1590;1700;1653;1923;2529;3196;3794;4018;3869;3279;2636;2007;1526;1170;943;773;618;499;360;260;244;274;307;289;223;165;143;131;108;80;77;79;61;78;123;141;128;102;83;71;88;111;132;121;89;101;136;151;146;119;98;111;123;98;89;121;138;102;117;181;222;203;210;265;342;417;477;495;493;480;465;432;412;370;315;246;206;211;234;245;206;160;202;304;400;452;432;386;362;336;282;222;181;180;184;184;212;268;304;300;267;243;281;425;677;903;1070;1102;990;791;589;466;400;357;297;212;151;123;97;69;58;60;59;53;39;22;18;20;27;33;34;32;31;34;43;44;57;85;116;132;124;120;94;87;117;132;131;109;94;131;145;112;84;91;124;159;159;177;205;165;124;100;96;132;140;120;137;160;177;163;128;99;98;121;153;188;203;212;208;187;157;135;115;96;74;59;55;56;70;99;112;103;128;108;79;71;69;73;54;60;61;55;75;79;57;65;77;85;70;66;79;78;76;76;75;78;79;78;77;68;60;56;61;67;68;65;52;31;22;17;11;5;11;27;41;54;62;78;87;98;145;213;248;230;167;145;160;203;251;262;210;166;184;218;234;236;234;209;168;189;232;260;275;261;221;203;209;208;203;208;218
2025-12-15T15:23:05.693831;Sand;low;0.6969;200;100000;138;202;226;254;261;251;243;241;221;209;193;172;157;132;116;98;89;77;73;77;67;107;204;321;564;849;1183;1588;2156;2781;3371;3990;4056;4057;4056;4058;4061;4059;4063;4056;4069;4056;4073;4061;4079;4063;4075;4058;4069;4057;4067;4058;4067;4059;4064;4059;4064;4062;4059;4060;4045;4055;3871;3881;3811;3671;3346;2994;2560;2162;1770;1439;1136;887;709;508;412;278;231;184;148;148;121;147;123;146;119;163;147;196;224;318;392;511;598;702;769;829;873;883;897;864;862;809;796;732;716;648;640;576;572;503;491;418;403;340;325;274;262;218;208;173;168;141;141;126;132;124;134;141;149;157;167;180;175;196;171;184;154;164;136;145;125;130;111;102;100;95;115;115;137;130;140;129;130;121;136;128;150;159;193;200;242;251;277;284;299;300;305;295;286;272;256;244;225;215;196;192;174;170;141;128;97;93;78;83;69;67;54;49;62;67;89;90;102;98;104;102;101;98;96;89;88;85;85;79;78;71;72;72;79;79;81;78;77;74;76;81;80;87;87;93;90;96;94;103;105;118;114;118;104;97;82;68;65;62;77;87;102;118;136;154;165;182;188;202;198;205;205;211;212;213;214;209;199;184;162;149;147;160;182;210;233;259;278;291;300;300;303;298;294;277;261;237;222;203;196;186;190;185;183;173;170;159;151;138;128;121;113;106;97;94;89;88;78;72;61;56;46;41;39;45;52;61;69;78;89;97;106;111;117;121;134;143;160;172;198;215;232;239;245;247;253;249;246;242;240;245;252;259;265;273;282;292;296;301;303;310;314;330;351;374;389;396;389;379;361;343;318;296;276;262;249;239;229;215;201;182;166;145;129;106;94;83;83;89;101;112;124;133;143;149;156;156;155;150;144;140;138;137;137;137;138;144;151;159;163;167;168;167;162;159;151;142;128;113;101;92;80;72
2025-12-15T15:23:15.135520;Sand;high;0.4193;50;100000;433;347;580;967;978;1199;2517;3752;4063;4061;4056;3721;3195;2944;2380;2154;2394;2507;2777;2498;1776;1468;1114;812;749;602;635;678;538;506;374;376;331;357;295;335;280;266;252;241;221;199;148;112;93;62;41;28;23;16;11;9;6;2;0;222;1312;2868;3965;4056;4047;4044;4057;4066;4068;4055;4056;4062;4068;4054;4053;4064;4068;4060;3844;3480;3026;2487;1938;1485;1133;832;635;483;352;270;228;206;193;198;219;227;216;189;152;117;88;67;52;53;57;58;60;68;65;50;42;38;40;51;96;98;75;59;130;241;296;276;221;295;476;595;691;691;636;531;430;423;458;490;524;659;875;1153;1342;1529;1619;1565;1388;1064;728;465;350;315;285;279;294;279;259;226;164;122;107;109;110;106;92;70;47;50;62;74;89;90;98;136;168;178;162;122;83;70;103;151;162;134;117;135;156;182;198;173;131;138;160;172;146;99;119;185;230;197;145;143;160;165;177;189;189;179;186;185;170;151;129;100;102;126;155;184;221;239;248;241;281;325;327;316;341;396;443;441;375;263;194;173;157;160;169;176;203;278;376;397;329;227;197;200;205;189;147;136;165;207;219;181;128;83;66;59;59;62;69;73;73;68;55;45;38;34;29;39;40;35;25;17;47;109;166;169;124;120;129;144;148;106;93;116;133;113;85;78;70;75;84;97;95;86;116;128;111;98;104;147;163;146;148;165;183;186;165;124;92;74;66;56;48;54;72;84;88;86;75;56;49;56;83;101;138;160;201;230;206;151;140;142;97;82;82;61;65;76;73;59;77;91;74;71;73;66;74;85;74;74;75;82;89;72;88;114;122;105;85;69;59;51;40;28;25;28;24;16;10;14;23;30;33;34;36;44;81;134;179;198;175;146;176;219;244;248;232;210;189;169;181;215;260;288;280;229;197;211;239;254;250;248;237;229;225;203
2025-12-15T15:23:24.622235;Sand;low;0.6941;200;100000;137;201;226;255;261;252;244;241;220;208;192;172;161;131;117;97;89;77;72;76;65;102;201;317;564;850;1185;1587;2153;2782;3378;3988;4051;4055;4057;4054;4057;4055;4063;4057;4078;4060;4072;4053;4072;4059;4074;4059;4069;4061;4075;4055;4059;4053;4063;4060;4063;4067;4066;4061;4045;4053;3879;3929;3899;3783;3446;3056;2621;2225;1837;1509;1228;974;808;604;506;349;312;225;197;153;153;131;141;118;153;143;186;201;269;338;443;562;697;841;968;1113;1191;1287;1299;1341;1295;1297;1210;1189;1095;1061;964;916;818;764;674;617;536;479;418;369;323;281;250;203;186;134;124;91;89;83;92;92;108;99;125;106;135;113;140;116;134;121;136;137;151;162;170;184;175;192;183;198;177;179;151;153;135;141;122;139;142;171;190;225;243;277;297;322;329;333;328;321;312;295;284;268;260;248;248;238;241;237;249;246;257;244;254;242;244;225;216;192;172;148;123;100;75;47;46;44;60;68;80;87;95;97;98;102;94;101;93;95;82;84;72;73;65;62;54;49;43;38;32;28;24;23;25;33;44;54;78;93;116;132;148;157;164;170;174;179;179;179;171;167;154;148;131;111;85;67;53;39;32;29;33;48;58;76;93;114;134;154;179;201;223;237;253;252;254;244;241;227;222;213;210;200;198;188;189;188;190;185;180;174;168;162;154;148;135;128;110;98;83;75;71;75;76;81;87;96;105;116;121;128;126;124;115;105;96;86;79;69;69;64;65;62;66;64;69;70;74;80;87;93;100;103;112;117;120;114;109;97;91;78;68;58;49;45;44;42;40;37;35;34;33;34;37;44;48;55;58;66;70;73;72;70;71;72;71;73;75;81;91;100;104;98;94;84;75;57;44;33;30;33;45;59;78;94;116;133;148;157;163;160;160;158;158;157;157;158;153;147;136;124;113;106;96;86;72;53;34;27
2025-12-15T15:23:34.125717;Sand;high;0.4197;50;100000;401;325;563;998;1019;1009;2137;3318;3733;3101;2401;1862;1686;1922;1947;2136;2514;2504;2630;2355;1630;1341;978;782;770;652;739;753;607;570;417;376;331;389;294;318;252;199;165;162;163;159;145;137;157;160;159;155;149;156;164;162;159;155;157;291;868;1797;2880;3559;3877;4063;4062;4059;4050;4059;4067;4062;4060;4060;3664;3064;2735;2484;2258;1943;1611;1229;864;593;444;368;347;349;351;340;305;262;219;184;153;145;151;166;178;195;180;140;124;128;139;147;142;120;108;113;138;146;120;101;103;88;85;111;147;158;164;200;245;275;312;350;423;504;554;548;633;780;914;920;892;1025;1255;1506;1676;1691;1513;1197;872;603;477;437;466;536;556;526;451;314;217;141;118;140;126;81;68;68;75;70;59;79;75;53;45;89;98;121;145;121;100;105;130;141;180;185;143;115;91;83;70;48;30;23;28;42;58;68;67;53;43;52;74;105;131;152;156;144;154;207;279;343;379;429;576;777;931;996;925;838;734;591;414;343;339;329;276;194;138;137;152;167;165;157;161;164;149;116;120;158;226;265;251;189;150;169;199;225;225;210;173;140;119;106;106;108;96;77;53;39;35;29;46;87;147;197;223;247;259;240;214;198;192;179;164;183;217;231;217;183;144;129;140;182;228;280;325;317;256;180;169;184;186;162;124;109;81;80;100;120;137;142;129;97;76;84;113;138;143;125;134;185;267;337;390;420;453;434;361;244;196;175;126;137;175;184;144;105;94;94;78;92;156;196;192;205;234;220;149;120;111;104;93;70;70;78;77;67;54;46;45;48;55;66;79;89;98;103;99;84;62;42;30;32;39;43;43;75;104;85;98;84;87;115;84;83;93;70;72;83;70;78;68;86;95;80;112;104;90;128;138;115;83;86;116;145;147;121;80;60;66;88;117;142;152;147;123;89;70;61;53;42
2025-12-15T15:23:43.635369;Sand;low;0.6969;200;100000;140;203;229;259;263;253;246;242;220;209;190;172;156;132;117;98;88;77;71;76;67;108;208;326;568;849;1180;1583;2149;2772;3359;3985;4056;4057;4057;4058;4061;4057;4064;4056;4068;4056;4074;4061;4079;4062;4073;4057;4070;4057;4067;4057;4066;4059;4066;4061;4061;4057;4055;4057;4041;4045;3879;3882;3825;3671;3322;2962;2501;2130;1734;1413;1124;884;692;530;433;303;253;184;153;145;122;121;106;134;124;176;171;257;276;379;401;507;523;592;583;620;585;596;548;554;513;520;490;493;468;461;427;399;367;325;297;247;231;179;180;129;135;94;96;76;67;69;56;61;50;59;60;58;67;61;66;68;71;71;69;68;61;62;56;61;54;56;52;55;53;57;50;51;39;46;33;47;41;64;69;97;99;126;133;149;154;173;184;200;209;217;222;219;213;203;195;189;195;195;200;198;203;200;213;210;219;196;187;158;157;145;156;149;151;136;125;109;101;87;86;82;83;90;98;101;108;111;108;114;106;109;93;89;74;73;60;61;59;64;65;72;73;83;81;82;78;74;76;73;80;84;93;98;113;119;132;135;145;149;160;165;174;176;180;177;182;185;198;203;206;203;196;180;176;171;172;177;186;195;204;207;204;196;182;167;151;133;116;102;91;85;72;60;44;33;26;26;29;37;44;58;69;82;86;93;94;96;89;84;79;73;70;64;65;62;64;58;57;53;48;42;37;34;26;23;20;22;25;31;37;49;58;70;78;93;106;119;135;144;158;166;172;173;177;177;179;174;173;169;163;151;138;121;103;86;65;48;36;32;40;49;60;76;89;107;120;137;148;161;172;182;192;199;205;208;208;196;183;168;155;139;124;107;96;85;80;72;68;60;57;57;59;57;59;59;62;68;75;79;84;89;97;109;128;141;157;175;185;195;197;202;199;192;178;164;152;143;135;128;119;116;113;114
2025-12-15T15:23:52.960593;Sand;high;0.4330;50;100000;439;356;585;972;981;1211;2539;3767;4062;4061;4058;3679;3140;2880;2300;2083;2348;2468;2740;2461;1730;1415;1061;780;717;576;624;662;530;494;391;445;335;349;263;289;246;249;240;228;207;184;136;103;78;51;41;30;19;12;8;5;3;3;4;12;96;379;906;1437;1789;1982;2308;3003;3750;4060;4062;4057;4058;3834;3191;2385;1680;1383;1273;1163;1047;942;786;578;400;273;195;189;180;136;102;89;92;92;81;67;53;42;37;42;50;52;54;55;55;50;45;38;38;36;36;57;104;137;148;144;130;118;118;116;113;115;106;80;100;137;178;266;363;430;407;334;331;396;439;451;438;450;515;644;839;997;1046;980;826;696;578;478;444;450;436;421;441;454;424;351;266;210;168;135;114;96;96;120;151;166;167;148;123;114;113;113;102;84;58;49;49;56;73;121;161;176;165;128;109;148;179;176;159;151;145;143;113;88;117;169;203;188;134;114;104;104;147;185;208;233;269;295;302;288;268;259;291;346;409;429;415;367;321;299;283;278;264;247;219;181;116;111;123;146;155;161;201;224;164;130;182;303;400;474;529;531;495;473;404;312;253;197;132;111;83;71;77;60;69;80;61;68;100;128;134;123;107;86;70;57;43;30;35;48;57;65;77;98;118;140;148;143;128;109;107;121;116;81;86;106;116;118;110;89;70;95;121;124;125;128;99;76;85;105;121;123;134;150;174;185;225;325;432;478;477;429;367;296;244;197;166;141;119;96;81;78;70;51;40;49;66;69;66;83;141;226;287;301;290;267;254;253;250;265;283;288;272;249;246;261;280;299;311;321;317;300;267;236;231;247;253;249;265;289;289;269;240;233;247;260;250;218;160;111;93;79;69;48;32;33;35;32;25;19;24;36;47;45;34;21;11;10;13;77;177;260;297;271;188;196;249;272;228;167;183;194;169;123
2025-12-15T15:24:02.560382;Sand;low;0.6705;200;100000;138;202;226;255;261;252;244;241;220;209;192;172;157;130;116;97;88;77;72;76;67;108;214;333;578;860;1191;1589;2156;2782;3375;3995;4064;4060;4053;4049;4054;4055;4063;4055;4069;4063;4083;4056;4071;4057;4072;4058;4069;4062;4070;4059;4068;4052;4057;4056;4063;4063;4060;4053;4042;4057;3926;3920;3840;3799;3532;3197;2742;2358;1936;1591;1280;1011;796;608;500;351;291;209;163;151;123;130;87;157;165;283;344;471;542;654;713;790;840;898;923;951;951;934;919;866;830;751;707;613;568;477;441;366;353;301;307;259;267;217;229;184;196;158;159;124;114;89;73;70;54;53;53;50;67;58;73;67;67;77;70;91;74;102;88;111;105;111;114;123;144;150;174;169;188;176;192;173;185;178;192;171;175;154;165;162;193;197;225;220;231;205;195;158;136;98;77;52;52;56;70;78;91;98;116;128;148;145;141;118;112;105;114;119;136;132;137;121;119;102;105;95;97;87;84;73;68;57;49;41;35;30;28;30;29;41;41;54;54;66;68;74;74;77;77;84;88;98;103;108;128;138;155;164;180;193;207;218;228;238;248;255;253;251;243;247;243;243;237;242;246;263;277;303;320;342;357;373;377;389;392;397;395;392;389;381;372;358;346;332;316;299;291;284;292;297;307;303;302;288;275;252;235;213;193;169;150;133;111;93;68;48;33;32;45;56;71;82;96;109;116;124;123;125;120;112;104;95;90;89;90;93;102;110;125;118;122;115;111;97;86;72;61;59;57;61;73;85;100;115;133;145;156;159;165;167;170;164;152;134;110;83;53;46;53;64;80;89;103;114;125;132;132;129;122;115;103;89;69;48;33;25;23;26;33;44;49;54;53;52;48;47;42;39;37;40;50;54;61;62;72;78;89;96;101;110;123;139;151;162;165;169;167;168;161;153;145;139;133;125;112;97;83;66
2025-12-15T15:24:12.074397;Sand;high;0.2514;50;100000;491;388;603;1020;1037;1011;2116;3294;3703;3068;2371;1837;1673;1909;1951;2149;2526;2513;2634;2354;1622;1335;973;779;758;636;742;787;647;591;449;455;361;428;361;376;315;296;298;302;284;254;209;177;140;131;129;130;116;105;106;109;105;100;90;87;188;671;1167;1536;1656;1499;2163;3247;3955;4065;4000;3561;2895;2396;1926;1705;1552;1511;1363;1159;1008;886;649;441;339;327;320;282;245;251;229;171;140;123;96;78;64;50;52;80;91;85;80;78;76;59;66;53;52;41;40;43;41;31;40;48;47;46;49;54;56;61;120;175;236;248;227;339;506;606;592;530;667;909;1083;1148;1449;2050;2710;3148;3419;3293;2934;2389;1809;1364;1189;1188;1219;1129;939;697;482;370;351;357;328;263;187;121;95;105;115;111;93;71;60;71;83;99;119;141;149;143;128;117;132;153;157;158;152;139;120;104;84;67;86;137;186;199;168;146;173;223;273;316;365;413;420;353;282;278;301;311;332;356;374;380;364;333;290;249;213;170;146;173;240;330;412;449;449;405;329;269;274;314;339;320;267;228;211;233;289;365;397;397;461;615;798;982;1048;1033;939;790;610;460;362;307;240;218;226;239;222;172;123;131;140;97;92;124;136;116;86;88;103;112;94;71;89;120;111;79;79;79;67;49;47;45;56;88;123;151;160;147;111;74;62;75;97;111;98;67;54;69;85;89;85;114;110;86;86;64;53;53;53;49;87;86;97;98;77;68;75;115;111;79;72;98;102;78;55;69;82;75;79;65;53;67;89;120;143;151;142;124;104;83;69;45;35;30;32;37;34;32;34;39;41;37;25;30;75;143;198;205;160;123;120;144;160;150;146;164;176;168;156;157;164;169;168;174;164;155;182;221;233;207;146;146;168;180;167;139;103;62;56;71;84;88;76;52;32;24;21;24;29;38;52;67;73;118;179;237;285;307
2025-12-15T15:24:21.467269;Sand;low;0.6594;200;100000;140;204;230;259;265;257;248;245;224;212;195;174;159;133;118;98;89;77;73;76;67;109;216;340;587;870;1200;1595;2158;2785;3376;3988;4056;4061;4064;4064;4063;4056;4063;4053;4069;4057;4075;4061;4079;4061;4073;4058;4068;4057;4066;4059;4066;4057;4064;4061;4063;4058;4060;4061;4048;4061;3908;3902;3841;3751;3444;3085;2630;2228;1800;1472;1149;906;697;524;397;288;226;184;155;156;148;177;217;272;317;351;378;389;420;419;464;460;506;501;546;530;571;545;583;539;559;498;504;441;444;394;397;347;338;292;283;243;231;202;188;172;157;141;129;120;106;107;94;99;86;95;85;111;94;128;114;140;136;141;144;149;166;161;184;167;192;171;179;161;155;154;160;172;181;197;193;207;168;157;122;132;137;158;177;228;251;297;306;336;329;328;303;287;260;235;207;186;168;165;158;157;147;138;129;123;120;113;118;114;137;135;147;152;158;165;164;175;168;174;157;148;132;118;108;98;106;98;103;95;96;91;88;80;75;74;69;76;72;79;80;86;90;91;101;104;114;105;103;83;69;51;46;46;45;56;76;92;119;141;173;196;225;243;265;278;290;297;298;297;287;284;269;265;250;234;215;198;176;170;171;193;209;235;256;282;300;326;342;360;368;374;371;369;360;347;332;311;296;279;268;252;240;218;204;184;173;158;148;129;110;90;76;62;53;40;31;23;21;22;23;28;32;43;51;65;72;80;87;99;107;110;113;109;110;105;103;94;90;89;90;93;98;111;117;120;109;95;73;51;36;42;56;76;97;121;138;150;150;158;160;172;175;179;179;181;182;180;180;182;187;184;177;163;154;142;132;120;115;109;107;99;96;94;94;91;91;91;94;98;101;106;118;135;148;159;164;171;174;176;171;169;164;161;155;156;157;166;172;178;180;184;187;192;193;193;197;204;210;208;206;200;189;169
2025-12-15T15:24:30.901059;Sand;high;0.2396;50;100000;424;343;578;965;976;1207;2532;3765;4063;4063;4057;3718;3186;2911;2323;2095;2349;2463;2735;2463;1736;1414;1069;779;721;582;619;642;524;507;388;400;341;387;301;302;232;225;177;142;117;97;97;92;105;124;137;160;170;170;169;164;167;172;176;178;231;712;1228;1618;1756;1629;2288;3275;3899;4068;4057;3886;3449;3080;2479;1915;1583;1537;1452;1315;1186;1036;795;594;470;395;359;340;303;284;248;247;265;252;209;175;154;147;140;103;93;123;129;142;131;93;94;102;90;102;102;89;61;66;86;94;77;57;55;62;64;60;111;164;226;235;222;331;482;584;646;700;815;1016;1135;1127;1373;1927;2475;2993;3246;3176;2932;2564;2131;1669;1410;1301;1285;1218;1089;909;709;538;423;363;332;279;208;149;139;146;114;89;103;108;90;84;112;144;143;132;110;98;82;68;83;108;120;131;135;131;120;110;99;88;97;101;101;89;77;72;83;108;137;128;119;184;298;375;359;310;286;278;251;187;174;225;277;290;244;168;141;141;147;199;288;401;489;515;501;449;424;415;414;408;385;351;306;287;294;331;394;443;455;426;454;582;750;928;1029;1043;994;858;66;;;;;;;;;;;;;;;;;;;;;;;;;;;;;;;;;;;;;;;;;;;;;;;;;;;;;;;;;;;;;;;;;;;;;;;;;;;;;;;;;;;;;;;;;;;;;;;;;;;;;;;;;;;;;;;;;;;;;;;;;;;;;;;;;;;;;;;;;;;;;;;;;;;;;;;;;;;;;;;
2025-12-15T15:24:40.535263;Sand;low;0.6594;200;100000;135;198;221;252;258;248;241;238;217;205;187;168;153;129;115;96;88;76;71;75;66;108;214;337;585;868;1201;1600;2162;2789;3382;3992;4056;4062;4059;4053;4062;4058;4058;4052;4066;4061;4080;4058;4073;4058;4078;4062;4064;4055;4067;4053;4061;4055;4063;4059;4070;4067;4060;4051;4039;4058;3910;3906;3838;3757;3459;3095;2644;2253;1832;1507;1183;929;713;527;392;285;221;187;158;160;161;193;234;285;327;354;380;390;422;420;465;464;509;506;551;533;574;548;584;539;558;495;500;434;434;378;378;331;324;278;268;225;217;187;177;161;145;131;123;116;102;107;93;102;86;99;89;111;96;136;134;162;164;172;175;180;195;188;212;195;213;189;194;174;167;161;165;172;179;187;179;193;159;152;129;140;149;167;185;232;255;300;311;343;336;336;312;299;274;254;230;216;200;196;186;182;171;159;143;131;125;118;121;113;134;132;148;151;156;164;165;175;168;175;158;151;136;123;114;103;109;101;110;96;98;92;91;84;81;76;71;79;76;85;85;93;98;104;111;113;123;117;115;93;76;57;50;48;51;66;85;102;131;154;186;211;242;264;289;303;315;318;316;312;301;293;272;267;251;241;219;202;176;172;176;201;222;251;273;301;321;348;362;379;384;389;384;378;364;346;328;309;295;278;263;243;227;208;193;171;159;142;130;110;94;72;58;45;39;29;29;25;28;29;30;28;32;46;52;65;70;81;88;94;97;101;106;104;105;100;102;97;94;92;93;97;99;108;115;116;104;90;67;42;35;40;53;71;91;112;124;135;141;154;164;178;183;190;193;193;185;179;175;173;170;164;156;142;129;112;104;96;95;89;86;81;81;79;79;77;77;79;85;90;96;102;113;129;141;151;151;152;152;153;151;149;143;140;140;149;158;171;179;190;198;207;211;214;214;213;215;219;221;216;209;198;181;160
2025-12-15T15:24:50.014928;Sand;high;0.4294;50;100000;436;351;579;1013;1051;1006;2065;3237;3617;2954;2232;1706;1602;1910;2086;2361;2731;2646;2685;2364;1615;1320;945;789;759;618;717;745;595;545;412;409;334;371;299;329;284;275;290;300;276;240;184;143;106;68;41;26;22;21;18;12;6;1;3;8;148;667;1181;1552;1677;1550;2259;3329;3996;4069;3895;3370;2715;2258;1881;1692;1503;1416;1267;1080;939;855;691;551;479;425;345;264;224;243;263;273;256;200;168;156;141;131;116;89;75;76;58;42;51;61;61;47;37;38;36;30;25;26;30;30;28;29;37;45;55;72;87;150;246;263;236;320;478;619;646;643;772;992;1174;1239;1549;2178;2814;3332;3604;3392;2930;2353;1797;1330;1221;1271;1270;1181;1028;815;604;469;409;368;313;241;174;131;113;107;88;60;42;38;53;81;95;105;112;120;123;129;132;114;91;117;137;125;121;139;122;91;92;99;95;74;89;85;61;95;128;117;125;163;224;294;342;394;427;411;333;279;258;265;302;338;376;409;401;362;305;264;255;291;328;356;372;368;372;368;375;376;345;299;301;313;306;279;227;190;257;377;451;471;536;659;772;896;962;997;960;831;625;409;337;343;340;312;264;207;171;154;162;189;196;162;118;120;154;179;194;201;204;207;201;178;139;97;111;132;129;105;77;56;49;55;72;93;118;135;136;118;84;55;56;70;92;106;98;72;52;66;81;93;149;199;198;156;148;160;163;152;124;110;150;164;121;120;115;110;154;176;144;90;82;102;113;113;110;88;72;67;61;68;78;101;131;161;175;173;151;123;98;78;64;56;54;52;52;54;54;53;55;81;121;117;98;69;90;98;76;85;84;69;56;68;56;58;59;49;59;70;56;53;67;65;58;59;65;54;68;99;91;89;124;156;162;154;132;103;77;62;60;75;87;96;88;69;48;36;32;30;32;40;54;67;74;104;151;188;196;162
2025-12-15T15:24:59.525254;Sand;low;0.6590;200;100000;136;202;226;255;262;252;244;242;221;213;192;172;156;131;117;97;89;77;72;76;67;107;209;330;576;857;1190;1592;2160;2792;3388;3995;4057;4063;4058;4052;4054;4053;4063;4055;4069;4061;4083;4068;4081;4062;4072;4059;4069;4057;4067;4058;4065;4058;4065;4060;4064;4058;4061;4060;4049;4061;3906;3892;3828;3735;3433;3085;2640;2251;1829;1504;1177;920;708;525;397;290;228;190;158;167;159;193;233;291;335;371;400;416;452;451;489;483;523;512;548;525;562;533;564;519;537;477;485;422;427;377;384;339;333;286;277;235;224;194;181;166;153;136;130;121;111;111;100;105;95;102;95;123;106;140;129;157;147;151;149;154;171;169;196;182;208;187;197;179;173;164;170;180;193;208;205;220;182;168;133;136;140;156;172;221;245;295;307;338;330;334;314;303;276;252;224;207;188;185;177;174;162;152;139;133;130;124;124;117;137;137;148;148;152;158;159;169;162;170;156;149;136;125;114;105;114;106;112;102;101;94;93;85;82;77;71;79;75;82;81;87;93;97;107;107;117;109;106;84;68;51;49;51;54;71;91;105;135;156;187;211;240;258;280;293;306;314;313;310;299;296;281;277;261;244;225;211;188;180;179;198;216;244;267;294;311;336;353;374;384;391;388;384;372;357;339;321;305;290;277;257;243;219;203;180;167;147;136;117;101;81;68;55;45;32;25;20;22;24;24;27;36;49;57;69;78;86;90;96;102;103;104;101;100;93;91;83;83;83;84;89;96;111;119;122;114;104;86;66;45;40;47;64;84;104;115;129;134;145;153;168;173;181;187;192;188;185;182;182;184;178;171;157;147;133;122;108;102;96;93;86;80;73;69;67;67;67;68;72;78;89;105;123;139;153;162;171;176;178;176;173;169;167;165;169;170;176;178;187;194;204;206;208;207;212;211;217;221;217;212;202;187;167
2025-12-15T15:25:08.996555;Sand;high;0.4297;50;100000;439;356;585;976;998;1225;2538;3753;4063;4063;4005;3541;2997;2767;2212;2022;2306;2429;2701;2429;1709;1406;1056;781;725;577;631;679;549;528;389;386;350;392;330;380;326;301;268;240;214;187;139;108;84;51;31;19;17;13;8;2;0;0;0;0;132;636;1165;1545;1641;1490;2171;3219;3879;4064;4061;3884;3433;3014;2394;1874;1539;1492;1454;1342;1206;1023;779;600;501;427;355;324;320;327;307;272;225;159;100;73;52;39;44;60;82;90;71;60;69;76;72;56;37;29;39;70;100;134;163;176;181;182;175;166;153;172;175;153;159;200;184;293;491;654;755;830;970;1185;1295;1284;1531;2063;2560;2994;3215;3164;2922;2563;2174;1701;1362;1227;1180;1142;1081;944;747;558;456;410;367;305;243;188;158;144;120;98;89;84;83;94;102;118;128;135;131;122;109;114;112;84;96;144;178;165;108;105;128;142;144;102;107;128;120;93;125;157;163;149;172;270;362;401;386;355;307;257;221;210;217;225;244;254;249;206;137;130;170;237;298;356;397;417;448;455;496;512;462;419;403;359;297;294;297;308;376;423;408;389;440;571;728;923;1024;1016;964;844;656;495;386;297;261;236;190;142;110;87;71;60;59;72;83;96;94;83;68;59;54;55;65;78;93;106;114;104;75;47;44;51;92;124;124;117;140;145;101;91;100;93;117;148;154;119;106;112;120;138;175;195;162;115;132;151;149;128;110;124;160;203;205;173;154;152;145;147;153;155;143;119;101;91;75;52;33;27;27;23;17;13;14;32;57;118;197;261;298;311;301;288;280;279;296;318;341;357;351;329;305;271;234;220;216;207;200;210;231;243;241;239;226;204;193;182;167;150;135;111;85;57;33;18;14;16;13;9;17;24;44;66;84;101;109;117;118;129;133;146;183;206;160;133;152;157;137;120;111;118;143;137;105;125;137;106;96;89;89;76
2025-12-15T15:25:18.392433;Sand;low;0.6594;200;100000;133;196;221;249;256;246;238;237;216;204;187;169;153;129;115;95;86;76;71;76;67;108;206;327;569;850;1183;1588;2158;2789;3383;3994;4056;4057;4055;4057;4061;4058;4064;4054;4062;4051;4073;4057;4075;4061;4081;4062;4064;4055;4068;4053;4062;4057;4067;4060;4070;4067;4064;4051;4038;4055;3899;3878;3811;3697;3392;3032;2586;2199;1780;1458;1143;900;690;509;381;279;212;182;152;161;151;189;224;281;315;350;373;385;418;418;464;461;503;494;536;517;553;524;557;514;535;475;479;416;420;367;370;324;316;273;264;220;210;181;174;159;146;131;125;119;111;109;95;103;92;101;89;113;93;118;99;119;112;116;124;131;150;150;178;166;193;174;183;169;163;156;164;168;176;184;174;180;152;144;131;144;156;184;207;257;278;317;324;347;337;334;309;291;262;237;213;198;181;178;169;166;157;148;136;124;118;108;113;108;128;128;139;144;153;163;162;171;165;172;156;145;128;113;103;94;100;89;91;83;84;79;78;70;66;64;59;68;61;69;69;78;84;87;96;100;115;110;108;87;71;53;48;45;49;60;78;87;118;140;171;194;220;237;262;279;295;302;302;302;295;293;275;269;253;238;220;204;178;170;168;186;200;222;239;264;283;307;323;341;352;362;363;362;352;340;327;312;300;284;274;258;246;224;207;184;173;156;142;120;104;85;71;53;40;30;21;13;7;6;8;18;28;45;57;73;82;94;104;113;121;121;124;118;113;103;100;94;89;87;84;89;93;101;103;102;92;80;60;49;45;54;69;90;107;128;137;147;145;149;149;160;166;172;174;175;171;170;165;159;158;154;151;142;135;122;119;116;117;114;111;104;104;102;101;100;99;97;99;102;105;110;116;129;138;151;158;160;167;171;172;176;174;174;171;173;173;181;188;200;205;209;207;210;212;216;219;221;221;218;216;210;200;177
2025-12-15T15:25:27.973401;Sand;high;0.2472;50;100000;436;350;578;1013;1056;1006;2045;3214;3599;2938;2226;1712;1614;1913;2045;2291;2662;2582;2628;2307;1580;1307;933;793;782;654;764;793;636;587;441;381;354;440;364;371;291;254;243;237;211;173;124;94;71;46;31;22;20;20;16;11;5;0;0;0;27;190;416;545;593;647;520;806;1169;1450;1785;1979;2089;1990;1913;1833;1703;1425;1125;825;628;527;469;380;289;261;283;325;338;301;257;246;225;197;162;117;74;63;65;78;87;92;82;60;51;61;83;95;95;78;65;72;95;130;162;194;209;202;196;192;188;196;249;344;437;488;494;539;645;709;749;780;775;732;650;530;387;335;338;305;380;521;643;736;717;642;518;405;366;339;330;327;309;312;308;276;224;178;138;92;61;89;126;128;100;108;122;120;98;115;120;109;113;84;88;93;70;87;90;81;76;59;80;89;70;53;51;56;56;51;39;39;46;55;47;43;56;77;91;93;95;121;169;197;188;133;108;119;103;106;199;309;419;444;411;310;201;187;221;212;207;241;225;192;182;168;132;97;95;71;67;107;137;146;150;165;235;338;431;496;561;601;554;448;332;256;215;151;110;101;99;91;71;54;48;54;61;68;69;66;56;49;42;30;21;25;33;42;54;98;152;187;194;185;149;112;119;122;160;259;334;320;245;192;192;197;202;179;134;137;162;181;165;128;155;239;315;318;247;202;256;328;361;346;308;337;362;345;271;234;260;286;288;271;232;196;168;150;142;138;135;118;99;82;77;80;80;77;79;77;70;61;52;41;26;19;39;86;144;198;219;200;169;159;175;187;173;148;149;157;157;153;124;125;158;165;111;119;148;151;132;106;93;113;126;122;110;105;109;105;85;55;44;55;65;70;86;118;161;207;232;241;229;197;159;118;113;124;124;103;90;76;83;78;64;78;79;64;59;62;80;66;64;75
2025-12-15T15:25:37.543148;Sand;low;0.6636;200;100000;137;200;226;255;261;252;244;241;220;210;189;171;156;131;116;97;89;77;73;76;67;108;212;334;581;863;1194;1592;2159;2790;3376;3986;4053;4061;4060;4055;4055;4053;4068;4062;4066;4055;4074;4056;4074;4059;4073;4058;4075;4068;4070;4049;4055;4053;4064;4060;4062;4063;4067;4063;4043;4049;3942;3943;3825;3807;3572;3284;2874;2528;2119;1805;1490;1240;1014;833;675;553;466;369;344;263;295;243;274;249;313;323;446;538;710;814;973;1083;1198;1280;1360;1411;1452;1474;1469;1463;1423;1395;1323;1288;1197;1161;1066;1034;938;907;811;773;685;641;558;508;435;386;326;286;241;205;170;140;111;97;80;83;83;86;92;82;96;76;100;82;93;83;86;82;74;72;53;57;45;43;39;35;48;41;66;65;78;70;81;74;94;92;115;111;124;107;111;81;72;51;41;48;60;77;89;102;110;116;129;129;148;146;158;147;146;133;121;106;86;73;45;36;36;39;69;82;110;119;137;140;146;145;139;133;126;124;121;130;122;124;114;114;102;95;89;80;75;67;64;56;58;53;65;64;80;85;97;111;123;138;154;171;188;205;210;217;204;188;159;136;113;107;105;118;125;145;160;184;201;224;233;247;254;264;265;264;263;260;257;249;244;230;220;197;178;155;141;121;108;89;82;72;68;56;58;59;76;89;108;120;134;141;150;152;156;157;157;158;156;155;147;141;120;99;75;53;40;36;44;50;58;65;67;68;60;53;43;34;26;19;19;16;15;12;16;21;29;47;66;92;112;136;152;167;172;172;167;160;148;136;122;108;94;88;90;96;101;107;114;125;145;160;173;178;183;183;183;179;171;156;144;130;120;113;111;103;96;82;73;64;60;53;51;47;49;51;60;71;84;97;111;123;134;138;147;149;151;142;132;115;106;95;90;83;80;77;75;76;75;73;67;57;46;33;22;26;42;62;75;84;86;92
2025-12-15T15:25:47.087957;Sand;high;0.4347;50;100000;436;351;577;1014;1038;1013;2121;3293;3671;3000;2267;1726;1614;1941;2152;2427;2780;2660;2670;2350;1596;1293;918;781;752;613;717;742;617;593;449;421;362;375;295;320;258;240;243;248;223;182;126;91;67;44;28;17;16;15;11;6;2;0;0;0;15;235;767;1276;1600;1769;1602;1833;2876;3784;4061;4055;4059;3972;3575;3075;2515;2046;1752;1489;1171;865;672;581;538;529;469;388;347;335;316;283;240;201;162;124;82;66;69;74;66;50;44;47;61;85;106;103;91;71;53;54;97;152;184;202;216;228;227;205;188;181;151;151;219;303;352;450;687;934;1109;1160;1028;828;685;631;557;467;345;298;317;394;514;640;648;582;445;321;324;345;379;395;353;329;300;257;232;218;198;164;146;126;108;105;116;104;89;135;186;180;126;93;92;125;134;102;119;130;106;73;72;106;109;77;82;67;59;76;67;59;49;50;81;92;71;66;77;98;114;116;109;116;144;144;113;80;89;103;116;178;308;429;521;523;461;347;241;200;164;164;199;194;163;149;133;119;80;72;59;71;99;125;130;165;236;272;299;367;470;628;725;717;623;529;442;343;231;178;146;115;84;53;29;22;25;35;45;55;58;53;40;29;25;23;23;30;36;44;46;39;54;89;143;183;199;185;177;205;243;218;154;165;195;200;183;155;153;204;247;253;230;213;236;269;272;213;177;232;306;317;258;182;195;236;231;230;293;379;426;410;310;214;187;183;178;174;171;168;164;147;122;99;90;95;100;111;122;131;140;130;110;88;64;38;21;17;40;78;114;143;164;178;197;206;186;170;166;162;170;182;164;133;152;166;144;120;135;137;120;106;107;121;128;115;94;88;80;78;83;91;84;55;45;58;72;84;109;149;195;242;270;288;287;257;212;164;178;183;166;141;99;95;100;74;72;90;72;64;70;74;78;65;84;83
2025-12-15T15:25:56.640526;Sand;low;0.6646;200;100000;136;201;224;253;259;250;241;240;219;207;190;170;155;130;115;96;88;76;71;75;67;110;215;337;583;865;1196;1593;2157;2787;3385;3994;4056;4062;4059;4054;4064;4053;4056;4050;4067;4061;4080;4058;4073;4059;4081;4057;4064;4057;4069;4054;4061;4055;4063;4060;4072;4063;4056;4048;4044;4056;3943;3940;3820;3791;3550;3253;2835;2485;2078;1760;1443;1197;978;800;651;532;458;371;355;273;307;253;278;252;309;312;428;516;684;790;948;1055;1176;1263;1349;1401;1442;1463;1460;1458;1417;1391;1321;1286;1194;1159;1059;1029;934;903;805;761;671;625;544;494;419;371;310;273;231;196;161;133;101;91;74;78;78;84;92;84;96;75;99;82;96;82;88;86;82;75;66;60;50;45;40;34;47;41;68;70;85;76;87;81;100;99;120;110;122;101;103;76;66;51;44;52;61;78;90;103;109;114;124;124;141;137;149;139;138;123;111;96;77;66;42;33;33;37;61;76;104;116;135;139;144;143;140;135;129;128;123;134;128;133;123;122;113;109;105;98;92;84;82;76;77;71;81;79;94;97;110;124;136;149;165;182;199;214;220;225;212;197;166;144;122;116;116;126;134;152;170;195;211;233;243;259;269;278;279;281;281;277;273;265;260;246;235;212;196;173;159;136;120;100;91;79;71;56;53;52;66;78;97;107;119;125;135;139;146;147;147;148;151;153;147;143;126;110;90;69;49;40;42;45;50;54;57;60;53;43;35;30;30;26;28;27;29;29;29;27;31;45;61;84;103;123;142;156;162;161;154;146;132;119;106;94;87;82;84;92;100;111;123;136;149;161;172;179;185;183;181;172;166;155;148;137;131;123;124;122;122;115;107;97;89;81;74;62;53;44;44;46;56;72;90;104;122;134;147;153;153;144;134;123;117;107;98;91;89;91;90;89;87;88;83;76;64;54;39;29;39;56;68;78;82;87
2025-12-15T15:26:06.127497;Sand;high;0.4795;50;100000;394;320;559;996;1027;997;2055;3229;3628;2995;2303;1789;1655;1900;1909;2089;2470;2468;2599;2327;1603;1310;949;773;761;630;722;751;618;582;432;408;344;397;304;318;253;236;230;224;205;176;131;101;77;50;38;61;100;120;116;102;91;79;77;76;75;142;181;205;174;157;272;394;519;578;617;633;576;510;505;455;338;278;253;195;145;137;137;101;78;70;78;98;118;116;109;123;138;139;136;119;94;62;37;34;50;70;86;90;85;79;70;74;92;92;82;56;57;65;51;46;48;42;47;64;65;48;43;71;89;83;78;86;135;180;195;192;240;363;500;610;694;805;987;1239;1542;1814;1916;1895;1649;1310;1023;825;688;595;496;417;351;277;213;153;101;67;55;85;105;120;132;147;173;187;160;119;156;211;238;214;176;134;119;175;233;260;231;170;144;137;138;138;150;170;181;181;185;189;174;157;151;163;197;231;261;275;267;243;217;171;153;160;150;119;144;214;305;374;377;337;307;303;313;314;303;307;324;322;293;242;201;180;166;169;181;179;133;125;132;116;134;187;172;140;201;303;339;318;298;298;267;273;268;216;152;139;138;120;95;136;159;153;125;98;76;71;83;98;112;107;86;57;42;48;61;65;60;53;46;44;73;86;65;78;85;84;81;125;161;148;166;175;148;153;194;187;169;168;149;111;107;105;70;65;64;55;44;60;97;117;153;220;268;278;281;314;370;430;472;469;444;393;339;297;279;267;258;237;220;197;167;139;109;78;87;126;157;159;128;107;120;121;96;104;109;110;139;162;157;130;109;111;134;147;143;139;140;146;156;157;141;131;100;62;43;30;19;18;29;37;40;43;45;44;42;41;40;33;28;39;59;58;93;167;216;211;257;343;416;443;409;366;342;330;337;338;334;335;329;332;339;345;345;329;306;288;260;254;284;301;308;298
2025-12-15T15:26:15.630900;Sand;low;0.6856;200;100000;135;198;224;252;259;249;241;238;216;205;187;169;154;130;114;96;88;77;72;76;68;112;211;331;572;851;1181;1584;2153;2782;3378;3994;4057;4057;4055;4058;4060;4058;4063;4055;4070;4056;4074;4061;4078;4063;4074;4059;4070;4059;4067;4058;4066;4059;4065;4061;4063;4062;4060;4062;4052;4055;3901;3836;3739;3528;3175;2817;2368;1982;1554;1237;916;688;483;342;238;218;159;216;180;235;221;236;222;230;199;228;233;323;366;472;520;607;647;697;721;734;736;717;697;648;620;550;526;444;418;330;304;220;203;140;140;92;93;74;67;66;55;62;50;69;64;104;99;143;135;173;163;195;185;208;199;203;198;192;188;179;180;160;167;141;144;115;121;96;111;97;119;114;135;133;145;143;157;156;159;166;162;193;202;234;233;247;235;235;217;206;187;177;160;155;142;144;143;153;157;170;176;198;220;246;270;279;286;271;258;220;194;144;113;75;56;46;41;48;56;75;86;100;111;120;130;125;130;112;103;77;55;47;40;52;57;70;77;85;89;95;92;88;82;74;72;71;71;73;85;96;117;130;150;156;169;166;173;169;173;173;173;171;173;172;165;156;137;121;104;96;99;114;135;174;203;235;252;276;288;304;304;306;302;300;297;297;292;288;283;277;271;264;260;249;241;230;224;207;196;175;164;145;133;115;102;90;93;98;112;120;130;133;140;145;154;159;163;164;166;166;166;171;169;169;162;158;153;152;146;142;135;132;130;132;130;128;115;104;91;73;50;34;26;28;21;17;16;17;25;38;54;73;87;99;104;111;118;136;149;165;167;165;159;158;152;144;130;120;108;98;87;76;70;68;72;72;75;76;80;85;89;88;89;87;88;86;83;75;67;59;58;56;56;54;54;58;60;60;55;54;48;43;34;28;23;19;24;34;47;65;82;97;107;116;128;140;155;166;178;185;183;167
2025-12-15T15:26:25.042228;Sand;high;0.4309;50;100000;532;422;623;995;1003;1227;2537;3760;4062;4061;4056;3679;3144;2874;2290;2067;2328;2449;2722;2447;1725;1413;1065;780;716;573;618;651;531;512;389;410;331;409;321;343;315;313;281;256;238;201;138;103;94;98;102;105;98;98;97;97;94;88;77;89;243;461;678;818;821;922;1418;1931;2284;2496;2625;2484;2274;2025;1701;1385;1179;1017;841;689;565;440;313;234;188;146;120;106;114;115;94;91;88;65;54;42;57;67;51;60;54;48;39;33;32;59;73;79;106;104;90;101;84;57;56;54;41;52;55;45;57;71;78;81;82;82;96;118;147;175;214;228;228;215;182;146;198;280;340;369;351;261;173;135;134;114;89;92;128;214;270;283;266;264;289;297;274;245;192;130;121;145;156;133;94;75;85;119;158;165;139;117;109;114;112;115;129;150;165;173;173;153;118;100;92;84;70;51;31;18;12;10;12;17;40;86;131;179;229;276;312;317;287;268;281;287;261;256;317;421;514;570;540;457;360;265;188;129;116;149;198;236;281;292;239;158;121;110;91;77;78;131;207;306;366;372;380;472;617;801;926;992;947;862;730;592;464;379;351;327;271;200;134;116;125;122;108;88;74;79;96;106;82;77;75;58;94;121;96;77;86;90;65;75;112;103;82;68;62;68;78;89;87;78;83;91;91;79;66;62;67;80;103;113;120;121;119;116;110;90;112;96;82;115;168;210;261;311;285;248;229;197;151;103;104;129;148;122;124;149;133;98;108;117;90;75;77;82;81;68;48;33;37;50;61;74;84;90;91;87;82;68;55;46;46;47;51;58;74;100;113;139;169;184;161;139;151;181;193;168;159;179;196;194;178;174;186;200;216;211;177;168;186;189;183;203;249;278;255;204;150;114;96;89;84;85;89;94;89;80;62;40;24;14;10;16;24;28;28;45;89;142;180;208
2025-12-15T15:26:34.525329;Sand;low;0.6744;200;100000;137;201;226;256;262;252;244;241;220;208;190;171;156;132;117;97;88;77;72;76;67;108;211;331;576;855;1185;1585;2155;2790;3391;3997;4056;4062;4060;4053;4053;4054;4062;4055;4069;4061;4078;4064;4077;4054;4067;4055;4069;4063;4072;4054;4060;4060;4068;4056;4058;4063;4064;4059;4047;4060;3913;3913;3834;3756;3480;3144;2715;2322;1905;1570;1252;990;789;581;472;324;275;199;166;149;124;130;147;176;216;271;317;370;413;468;499;552;572;614;613;646;618;630;566;560;482;473;403;407;353;369;317;330;274;281;230;232;185;183;143;135;101;89;76;61;68;51;60;62;62;81;76;103;86;109;87;102;76;81;53;61;44;65;53;72;57;71;50;57;34;46;39;52;47;68;62;81;65;78;58;65;46;54;39;35;41;27;38;39;50;51;56;61;61;67;59;65;51;54;49;59;58;67;62;73;71;88;83;91;77;69;52;39;31;23;13;26;27;44;49;66;75;91;101;113;123;132;141;142;150;143;146;130;129;108;104;88;79;64;57;49;44;43;40;41;36;38;28;28;17;12;20;27;52;65;88;101;113;121;128;130;123;112;94;82;66;58;42;34;27;23;33;34;36;46;48;61;71;86;93;101;98;98;95;93;91;89;85;83;79;79;78;76;77;70;68;60;61;56;59;58;59;57;54;46;43;37;33;27;21;18;16;13;14;10;6;3;6;7;16;20;32;38;47;48;56;64;66;69;60;56;47;46;40;31;30;30;42;50;65;76;91;104;122;137;149;159;162;165;159;152;136;118;101;90;77;68;60;52;45;34;27;23;22;23;27;40;58;81;107;131;158;179;198;204;203;187;172;156;141;125;110;94;82;75;72;68;64;58;54;50;40;33;27;24;21;21;22;29;44;59;74;81;92;98;106;110;119;129;134;134;125;118;104;91;77;65;53;47;40;43;48;56
2025-12-15T15:26:44.042613;Sand;high;0.4322;50;100000;443;356;583;1013;1044;996;2044;3220;3626;3000;2321;1813;1661;1880;1884;2061;2438;2433;2570;2299;1593;1333;978;783;759;618;693;706;583;559;416;405;349;379;320;380;321;265;223;209;198;190;133;105;75;58;46;31;20;10;7;7;4;2;4;30;177;431;691;838;800;860;1363;1901;2275;2445;2434;2160;1899;1659;1412;1207;1049;888;732;598;468;340;253;196;143;139;101;96;66;71;94;80;71;70;68;81;90;67;51;47;39;25;11;7;15;32;57;78;90;92;91;82;66;45;33;28;28;28;32;51;99;142;157;142;109;92;113;179;242;261;224;220;270;308;272;251;307;329;331;363;392;342;259;206;230;287;331;345;359;402;411;391;343;272;195;132;104;86;88;111;153;194;216;204;174;143;117;101;95;84;66;44;26;30;41;62;97;138;161;171;166;137;96;75;70;63;64;86;116;146;165;164;150;139;145;148;132;106;100;139;188;201;158;117;98;162;274;372;399;407;425;444;393;296;219;162;147;145;146;160;162;148;150;165;159;136;120;92;65;44;57;128;214;303;374;422;441;504;620;799;914;925;863;776;618;486;395;305;240;196;136;84;77;81;55;44;50;55;38;34;48;58;41;32;40;83;119;125;110;85;60;51;54;69;89;105;112;108;98;94;95;99;98;96;100;107;105;92;88;97;141;181;179;123;122;147;142;103;111;146;134;98;119;165;224;250;237;258;288;286;257;217;163;106;95;108;148;178;182;163;134;103;77;69;65;62;46;39;37;30;18;14;26;45;61;76;89;75;69;112;172;221;258;281;276;267;257;262;277;284;300;315;327;329;309;281;268;271;289;302;301;283;257;235;240;258;267;271;262;231;201;202;226;217;175;153;161;164;158;131;96;69;53;52;57;65;70;73;65;50;32;24;25;41;78;116;154;194;199;166;157;168;152;122
2025-12-15T15:26:53.510919;Sand;low;0.6805;200;100000;135;200;224;253;259;249;241;239;217;207;188;171;155;130;115;96;89;77;72;76;67;110;211;330;572;850;1181;1584;2151;2781;3376;3992;4057;4056;4055;4057;4061;4057;4063;4053;4067;4055;4073;4061;4079;4062;4074;4058;4069;4056;4066;4059;4066;4058;4065;4060;4063;4063;4061;4062;4051;4062;3907;3890;3815;3721;3433;3098;2669;2283;1873;1544;1228;968;777;576;473;330;282;208;175;168;142;159;161;185;214;263;305;354;397;454;489;542;562;606;609;643;615;625;562;557;484;475;403;405;351;363;311;324;271;281;233;238;194;195;155;149;111;97;81;64;70;48;62;58;65;76;73;92;80;103;82;101;74;78;51;59;43;65;52;72;54;66;45;52;35;43;40;53;52;72;68;88;73;85;67;73;54;59;44;41;44;32;42;43;50;52;59;68;67;72;65;71;58;66;57;66;59;68;60;70;68;85;78;85;73;66;49;35;30;22;13;25;25;43;48;61;66;80;89;102;108;116;122;124;137;132;136;117;116;98;93;80;71;58;52;46;40;45;43;46;39;42;30;30;21;16;20;28;48;58;78;92;105;115;117;120;112;104;87;74;55;45;28;20;16;17;26;30;34;43;44;57;68;82;87;97;95;98;94;92;89;87;84;79;75;69;69;67;68;58;55;46;51;42;46;46;47;47;48;43;42;39;35;30;20;15;8;6;2;6;10;15;18;21;31;35;37;39;45;47;47;59;64;68;59;57;49;43;34;34;38;38;47;56;73;85;97;109;125;138;148;156;158;159;150;140;123;107;90;74;57;48;43;35;30;23;16;8;9;10;15;28;45;66;88;108;134;155;171;174;170;158;146;130;115;97;83;72;68;64;60;55;50;48;42;36;25;17;11;12;12;13;17;27;45;62;80;90;105;116;131;136;147;157;166;172;165;152;135;120;106;93;77;62;47;44;47;57
2025-12-15T15:27:02.930805;Sand;high;0.4325;50;100000;533;423;625;994;1002;1222;2532;3758;4061;4061;4057;3702;3169;2889;2296;2067;2325;2437;2704;2426;1718;1429;1077;790;742;605;616;622;528;546;408;400;362;414;325;335;269;263;261;242;217;202;177;168;147;97;76;78;57;48;54;61;56;46;40;55;186;417;657;795;760;824;1298;1804;2157;2373;2511;2388;2207;1985;1691;1409;1180;999;836;681;538;429;308;214;184;139;107;79;97;89;70;92;86;65;50;53;69;81;64;69;75;67;67;60;69;77;83;82;82;81;81;77;66;48;31;22;20;18;25;33;40;42;47;54;59;90;130;132;103;139;238;275;235;198;213;173;245;356;396;361;321;291;265;226;154;154;190;217;251;316;346;353;330;265;204;159;132;124;144;174;200;196;176;152;129;112;105;108;114;110;92;68;42;40;54;79;114;155;178;190;189;167;129;90;84;104;135;159;173;184;190;195;199;189;173;169;174;186;195;185;138;112;131;144;188;273;338;365;399;472;524;533;472;394;330;273;250;242;238;244;238;217;211;219;209;182;168;137;103;90;90;93;189;327;388;379;385;480;630;783;894;995;974;873;737;625;491;376;311;242;157;117;106;90;61;57;56;56;43;34;48;67;66;48;47;66;90;106;106;97;87;77;77;84;96;105;109;106;97;93;95;99;98;91;77;94;125;139;136;106;92;114;147;134;106;124;152;142;104;123;123;86;99;142;198;224;242;302;336;306;231;165;119;97;86;87;100;111;114;114;107;97;83;73;61;46;29;21;20;17;21;51;87;117;162;216;258;269;249;214;199;218;234;246;242;220;207;204;218;238;256;276;287;269;234;216;228;257;272;273;259;234;230;235;254;276;282;284;273;243;222;222;239;225;170;126;123;124;121;98;68;46;42;49;57;67;72;74;67;55;36;22;19;17;20;26;56;102;146;195;230;222;185;153
2025-12-15T15:27:12.434076;Sand;low;0.6808;200;100000;134;196;222;251;258;249;240;238;216;205;187;168;154;129;115;96;88;77;72;76;68;110;209;329;572;853;1184;1583;2149;2785;3384;3991;4051;4059;4058;4054;4056;4054;4061;4061;4074;4057;4071;4053;4072;4059;4074;4058;4069;4063;4069;4052;4059;4055;4063;4060;4063;4063;4065;4065;4048;4053;3895;3879;3809;3705;3411;3069;2638;2255;1845;1523;1221;973;780;578;471;327;280;205;171;161;132;148;147;170;200;247;292;342;388;444;480;531;555;600;604;635;608;616;555;549;478;470;402;407;356;373;323;339;287;300;251;259;215;213;173;165;131;111;92;67;76;49;65;64;67;80;76;95;85;106;83;99;73;77;51;56;42;62;51;72;53;65;44;52;33;47;41;54;50;66;59;78;62;74;52;60;41;50;36;32;36;30;38;38;45;49;57;65;62;66;60;66;59;65;58;69;65;76;69;81;76;92;86;92;80;72;56;41;33;26;16;30;32;52;59;77;83;96;105;116;123;133;138;138;145;138;143;125;124;104;97;83;75;62;55;47;39;40;39;40;33;36;27;28;18;14;21;31;54;65;87;100;115;123;124;128;122;115;97;83;65;55;34;24;21;23;32;33;42;49;54;60;70;87;93;104;99;101;99;97;92;83;84;80;78;72;71;67;69;59;54;44;39;34;34;31;31;32;35;32;35;34;33;31;24;23;17;18;16;20;22;25;27;31;38;43;48;50;53;51;53;56;55;56;47;45;38;33;30;33;40;45;58;70;90;105;119;131;145;156;165;168;166;165;156;147;129;112;97;86;70;55;41;33;24;13;7;5;6;9;13;26;38;54;75;97;120;138;150;154;155;146;134;116;101;87;78;68;59;49;46;44;46;47;41;36;32;32;29;25;18;18;21;32;48;62;78;87;99;108;119;128;138;148;158;166;163;156;143;131;120;113;104;95;84;80;79;85
2025-12-15T15:27:21.975060;Sand;high;0.4272;50;100000;480;385;598;1020;1038;1013;2113;3282;3685;3051;2362;1839;1664;1902;1979;2193;2552;2514;2616;2336;1608;1319;953;781;757;624;724;755;611;565;418;388;336;395;306;329;294;265;258;281;289;275;238;224;202;176;161;157;160;157;154;150;149;145;145;172;320;587;886;1051;1080;1113;1598;2360;3030;3489;3565;3153;2577;2066;1754;1519;1353;1176;967;715;474;315;268;259;249;256;244;198;146;113;94;65;51;59;70;76;81;93;95;94;86;70;61;56;52;56;82;134;184;195;174;146;111;108;122;128;129;124;102;79;87;114;147;150;124;107;140;216;274;291;322;388;432;395;289;254;382;579;719;777;723;563;394;308;309;362;436;491;517;525;518;497;455;384;308;248;195;173;163;149;155;147;166;189;172;126;112;132;147;139;142;133;96;77;90;109;118;140;159;154;148;170;157;115;94;81;61;47;49;56;58;52;50;46;45;48;54;64;76;93;111;122;135;140;154;208;287;377;480;564;596;573;506;466;415;326;218;155;117;99;137;175;188;163;167;188;209;174;115;117;148;155;205;304;333;307;375;528;669;838;924;944;867;748;598;467;371;315;268;223;167;109;73;57;48;48;50;51;48;43;46;67;103;146;184;202;196;197;204;208;212;210;210;207;185;164;147;144;168;199;223;257;292;314;320;299;236;174;164;169;153;114;96;98;115;147;163;159;128;89;91;113;116;112;134;173;217;243;231;192;133;89;80;97;138;148;112;129;162;154;104;117;160;192;165;118;120;147;168;144;104;109;99;85;103;114;84;73;79;89;82;58;78;89;61;53;51;53;50;40;35;35;38;38;34;28;23;24;33;50;64;72;70;59;45;38;42;50;101;129;97;88;80;81;64;67;96;83;92;118;102;82;91;78;86;85;69;93;100;88;82;74;80;107;113;88;99;124;132;119;95;71;55;44
2025-12-15T15:27:31.367958;Sand;low;0.6835;200;100000;139;203;228;258;265;254;246;243;222;212;194;174;158;132;118;97;89;77;72;78;68;111;210;330;572;851;1182;1585;2152;2785;3382;3994;4056;4058;4055;4058;4060;4058;4065;4057;4068;4055;4073;4060;4077;4063;4074;4058;4070;4056;4068;4057;4066;4059;4064;4060;4065;4061;4061;4062;4046;4055;3873;3855;3786;3601;3250;2878;2432;2035;1634;1316;1032;794;629;445;371;255;223;175;153;162;136;205;194;266;247;314;302;376;375;461;456;522;509;568;544;585;555;566;524;512;463;430;387;343;306;258;229;177;156;136;132;128;145;140;161;148;173;156;188;164;184;162;163;147;131;129;100;114;83;98;79;85;72;68;67;57;57;47;53;43;47;38;50;39;54;38;57;44;65;51;61;53;50;52;43;41;42;42;52;58;69;83;83;94;83;90;69;69;43;33;32;25;28;20;23;17;43;57;84;94;107;109;118;125;141;153;177;193;211;223;230;236;235;236;227;224;212;206;188;187;177;186;182;193;189;200;196;204;202;210;209;214;211;210;206;199;196;179;170;149;136;106;88;62;50;41;39;36;35;34;35;35;30;27;39;55;84;105;132;150;162;168;169;163;157;153;147;143;136;126;110;100;78;60;40;29;31;38;51;62;73;85;93;102;103;106;108;117;121;134;135;140;133;124;107;93;77;74;72;82;84;94;97;107;109;113;113;114;111;108;103;101;100;105;105;105;108;105;107;101;99;94;94;87;78;64;57;51;47;41;37;36;32;27;16;9;7;9;13;22;31;37;45;53;60;68;68;71;71;75;77;78;84;88;90;86;81;73;70;66;70;73;75;74;78;79;83;82;88;89;91;91;94;93;89;81;72;66;67;72;78;84;86;91;94;101;107;116;119;119;117;118;118;121;119;120;120;118;114;98;77;50;41;46;52;69;84;101;113;123;128;133;134;125;115;98;80;57
2025-12-15T15:27:40.842312;Sand;high;0.4183;50;100000;462;370;592;972;995;1183;2462;3707;4069;4057;4049;3725;3209;2942;2364;2129;2372;2486;2748;2460;1715;1373;1023;756;716;587;612;629;527;538;402;400;329;393;293;316;255;226;188;151;116;103;98;97;121;137;143;148;142;143;146;150;152;152;180;370;814;1490;2129;2600;3083;3650;4060;4051;4063;4069;4058;4060;4058;3821;3125;2414;2009;1831;1688;1506;1286;1041;773;522;418;449;534;574;544;436;338;298;315;356;352;293;214;173;136;133;141;132;122;140;128;101;112;112;85;79;85;80;62;46;43;41;41;56;85;108;132;158;189;216;231;268;338;406;480;490;410;386;459;531;609;758;958;1110;1203;1320;1343;1254;1053;816;611;456;398;354;326;275;190;143;112;110;144;149;129;123;129;118;121;140;126;94;85;89;96;90;61;53;71;88;100;101;91;65;42;28;19;18;26;29;21;13;20;32;53;113;161;154;121;141;159;135;103;118;;;;;;;;;;;;;;;;;;;;;;;;;;;;;;;;;;;;;;;;;;;;;;;;;;;;;;;;;;;;;;;;;;;;;;;;;;;;;;;;;;;;;;;;;;;;;;;;;;;;;;;;;;;;;;;;;;;;;;;;;;;;;;;;;;;;;;;;;;;;;;;;;;;;;;;;;;;;;;;;;;;;;;;;;;;;;;;;;;;;;;;;;;;;;;;;;;;;;;;;;;;;;;;;
2025-12-15T15:27:50.435818;Sand;low;0.6970;200;100000;136;200;223;251;260;249;240;237;217;206;188;170;154;129;117;96;88;77;71;75;67;110;213;334;582;860;1187;1584;2150;2783;3382;3994;4057;4063;4062;4054;4054;4053;4062;4055;4069;4067;4080;4057;4083;4061;4068;4053;4067;4061;4072;4055;4060;4055;4073;4062;4059;4059;4061;4058;4038;4052;3865;3845;3775;3579;3226;2870;2439;2064;1683;1376;1076;861;664;515;410;291;256;187;194;152;161;141;136;123;163;183;228;253;292;327;351;374;388;408;415;441;454;487;488;525;505;535;494;509;454;465;415;423;378;376;331;316;282;258;241;219;207;177;165;137;132;117;125;116;128;113;128;106;119;94;102;81;93;84;106;107;136;123;138;114;120;98;104;81;91;79;100;96;118;113;129;121;133;132;143;149;162;174;186;205;211;226;226;239;233;239;227;231;219;230;222;233;220;226;207;211;187;180;159;151;132;121;103;102;93;98;90;91;84;86;87;89;91;93;95;90;94;83;88;77;79;65;57;51;45;52;46;56;46;45;41;38;43;39;51;52;66;68;76;83;86;89;89;88;86;93;93;97;95;94;93;100;107;115;128;129;135;129;132;122;125;113;110;95;92;72;60;47;35;26;18;18;27;42;62;75;94;112;130;149;162;175;184;195;198;205;199;197;183;173;155;140;121;108;99;87;77;56;41;31;24;30;36;45;51;57;65;73;86;86;89;80;81;78;81;84;84;91;96;101;99;96;86;80;77;73;68;58;57;53;54;50;49;45;48;48;60;74;91;104;118;120;124;118;112;102;90;73;58;45;39;33;40;41;46;43;43;45;50;59;71;88;111;135;155;171;179;186;189;190;181;174;166;160;152;144;135;129;122;116;110;96;86;73;66;61;64;67;74;81;86;88;93;96;105;110;118;125;137;145;151;149;150;146;145;142;137;133;129;123;112;100;84;73;65;66;67;58
2025-12-15T15:27:59.941573;Sand;high;0.4475;50;100000;405;325;563;1001;1033;991;2049;3221;3618;2990;2321;1816;1652;1870;1873;2046;2424;2427;2568;2287;1574;1308;941;783;770;634;724;751;605;562;418;392;335;396;300;311;256;240;230;219;195;169;118;92;81;69;52;44;47;38;33;29;32;36;30;79;125;147;219;423;722;891;757;716;1043;1610;2187;2622;2712;2567;2270;1822;1342;992;798;684;620;621;611;561;522;475;424;385;350;313;270;233;187;148;115;95;69;47;64;114;145;140;121;86;86;108;108;79;89;126;165;162;122;103;129;162;175;152;108;95;109;120;119;116;109;112;132;150;142;106;110;136;153;122;156;291;459;578;618;552;388;253;195;178;177;194;207;206;235;285;297;253;169;146;138;129;192;281;363;403;390;365;377;407;428;390;284;192;164;162;149;114;122;186;239;231;181;146;130;111;104;87;66;58;59;60;51;35;22;16;14;20;26;24;22;34;55;81;90;92;100;101;99;94;88;92;108;104;81;103;102;95;176;242;258;253;263;269;243;211;204;199;166;150;183;199;198;208;224;196;155;135;131;136;151;168;188;219;252;265;271;260;236;197;166;147;132;119;108;100;81;60;47;62;68;80;85;68;71;74;67;49;41;36;54;69;49;53;57;46;55;67;57;52;65;57;55;54;60;84;101;96;75;55;42;30;24;34;53;70;97;116;120;112;104;89;64;48;44;45;48;52;69;125;151;125;124;115;120;190;253;245;168;156;194;201;194;174;166;174;186;188;155;125;136;164;200;242;264;239;198;170;167;170;182;193;184;172;151;128;104;86;68;60;60;56;42;26;18;13;8;4;3;6;13;21;25;25;21;16;16;60;123;168;198;224;233;220;227;265;287;267;238;244;243;207;179;176;184;197;201;173;151;155;160;160;153;138;129;118;101;79;69;66;69;72;80;93;93;80;58;37;30;27